Date,聯電,鴻海,台積電,聯發科
2006-01-03,0.01098908295572909,0.024793571058371988,0.031147810668739284,0.0037638577586429633
2006-01-04,-0.005434682860173012,0.05376329624349507,0.007948986491132626,-0.030000022988347252
2006-01-05,-0.01092894098712005,0.03571428948145372,0.009463658231821048,0.012886746364345392
2006-01-06,0.008287139709858282,-0.014778501216978102,0.02343765257677477,-0.058524113193905825
2006-01-09,0.03287683559323562,-0.009999810830873201,0.039694242604971564,-0.013513604190687922
2006-01-10,-0.01591500149164715,-0.005050460753130426,-0.02055779228671717,-0.021917717974070494
2006-01-11,0.0,0.005076097383746037,-0.01349352014060512,0.012604759552879985
2006-01-12,-0.0026958139652766278,0.06818210769680233,-0.00455881915741263,-0.031811805607974475
2006-01-13,-0.013513357522961567,-0.0023642891942003974,-0.01526727268486705,-0.008571303777543782
2006-01-16,0.016438599214081417,0.06635041974048672,-0.009302447188389462,0.0
2006-01-17,0.010781560268371182,-0.017777350204233766,0.0109549991766007,0.01008645074936032
2006-01-18,-0.04799990888490491,-0.049773869946102,-0.04643979373714058,-0.042796164481637144
2006-01-19,0.019607572186891353,-0.009523823587901825,0.006493483488147378,-0.029805918043626423
2006-01-20,-0.0027472934784160685,0.007211325574074667,0.008064311743766872,-0.001536369743474153
2006-01-23,-0.01377403583710124,0.0,-0.011199820000398653,0.006153944962927982
2006-01-24,0.008379919784493817,-0.002386564894897525,0.0016181975733007281,0.006116305555164958
2006-01-25,0.0055400645830328,0.028708081908287886,0.0258481138932658,-0.02887538376206944
2006-02-03,-0.01928366841364415,-0.020930099500693577,-0.0015748756746164494,0.029733963365001115
2006-02-06,0.011236028203765347,0.0047508467098629215,0.04889583873791192,0.01823681234288088
2006-02-07,0.030555729273963328,0.00709189007848976,-0.02255617966968748,0.002985260008509183
2006-02-08,-0.018868198988694962,-0.004694697606556386,-0.02923119720738354,-0.0029763747559797826
2006-02-09,0.0,0.009433781024366317,-0.001584545182144459,-0.010447689499471613
2006-02-10,0.005494677914767543,-0.02803723600761121,-0.006349121571324168,-0.03318248170120697
2006-02-13,-0.021858062896003783,-0.0360577212183355,-0.0031949720185612263,0.023401131858641122
2006-02-14,0.0,0.007481179244942515,-0.0016028288536664714,0.013719414116888151
2006-02-15,-0.016759839568987744,0.0,-0.016050899511742767,0.034586429673091335
2006-02-16,0.06818198492237793,0.04455457958003284,0.01794432409294,0.0029070231731198604
2006-02-17,0.015957417300714205,-0.01184818775794394,-0.011218212246182246,-0.01449271789251394
2006-02-20,0.0026179262903589517,0.004795822559523044,0.01620762918285168,0.0
2006-02-21,-0.00783283971430404,-0.016706151631541433,-0.009569124547908259,-0.008823737221608674
2006-02-22,-0.01578979055536589,-0.01699029004417152,-0.0032206322890175887,-0.026705979241863353
2006-02-23,0.0026740136089109523,-0.01728415354662316,-0.017771031027749573,-0.027439248752216705
2006-02-24,0.015999881338480737,0.017588149828866362,0.0032896917986842134,0.02821340334473965
2006-02-27,0.005249508279517867,0.01728394935685329,-0.0016391598868128465,0.02286555002200008
2006-03-01,0.002610658419291312,-0.024272230024117603,-0.008210298203274458,0.041728888234145334
2006-03-02,0.010416735822733392,0.03980116952327517,0.038079389385391904,-0.02432048555595223
2006-03-03,0.007731817569757382,-0.019138886138371447,-0.014353908319120645,0.001466400307464033
2006-03-06,0.007673003298083181,0.007317464271415108,-0.014563071887703227,0.026354267535175113
2006-03-07,-0.02538099773432423,-0.0072643079574797875,-0.0131363728765852,-0.024251096471882727
2006-03-08,-0.020833126763264098,-0.026829088730733863,-0.018303013065101514,-0.02046796204422585
2006-03-09,0.0,0.005012591065007177,0.01355968132798524,0.0059701769073465805
2006-03-10,0.01861711893335083,-0.0049875903143614675,0.02675555702418886,-0.010385753336669912
2006-03-13,0.013054588781101772,-0.005012487434842505,0.0,0.028485767559202735
2006-03-14,-0.020618265517692747,0.0,-0.022801453231713786,-0.021865939332344708
2006-03-15,0.007894677457424226,0.007556452329369856,0.018333919930946907,0.05216121307218202
2006-03-16,-0.00261109064750642,0.017500211652342612,-0.009820352561677681,0.01416427052811775
2006-03-17,0.007853172167417544,-0.009828126647714819,0.003306003563954052,0.029329722836350713
2006-03-20,0.0,-0.007444258097163314,-0.008237611371832432,0.0013567799853586582
2006-03-21,-0.007791980403781595,-0.014999767931863528,0.004983554034399429,-0.04065067849251791
2006-03-22,-0.00785360552717429,-0.055837491002255546,-0.01487567152070135,0.0014126795031270678
2006-03-23,0.0,0.010752592557682794,0.0,0.004231281798244835
2006-03-24,0.0,-0.005319212109988647,0.003355592322096923,0.002809033566792074
2006-03-27,0.021108320022154015,0.013368811913479606,0.008361190365332005,0.008403301821488185
2006-03-28,0.007752052717243663,0.02374677122113411,0.01824184313578403,0.001388942989544839
2006-03-29,0.010256475994888437,0.010309402496913034,0.008143570028705138,0.03606089863951745
2006-03-30,0.010152180610043526,0.012755148592249244,0.016155127273254077,-0.012048047427758002
2006-03-31,0.030150698589095803,0.012594191367842678,0.020667793846034677,0.017615051047203067
2006-04-03,0.03170738187244493,0.01741304380919151,0.009345605507879995,0.0
2006-04-04,0.0,-0.007334849375416175,-0.004629659396167662,0.001331671070878615
2006-04-06,0.014184527614991227,0.012315112150502516,0.021705382005803076,0.010638283563163764
2006-04-07,0.0023308819789760182,0.01459891759637788,0.022761667412290798,-0.013158104083594857
2006-04-10,0.009302154397499374,-0.01678696546870917,-0.005934404001027627,-0.005333419319971555
2006-04-11,-0.03917025045350897,-0.004878006964691428,-0.013432920147864125,0.010724157674195212
2006-04-12,-0.023981006891369505,0.019608079607100537,0.010589962455013646,0.013262566635706685
2006-04-13,-0.0049140776676125375,0.007211325574074667,0.005988299969563071,-0.02617830758488371
2006-04-14,0.041975524421215216,0.016706546366059172,0.011904480728215816,0.016129109005507347
2006-04-17,-0.004739484482109146,-0.004694697606556386,-0.0029413120541510462,-0.034391360954057815
2006-04-18,0.004762054163922169,-0.009433976064134542,0.001475052970577817,0.0041095603110568035
2006-04-19,0.018957310275672157,0.021428627684940693,0.02209121900546318,-0.0013641842577690744
2006-04-20,-0.0023254616024341868,0.025640845231287512,0.007204657910538259,0.010929010486202317
2006-04-21,0.0349646188600472,0.027272676868641543,-0.008583633002658297,0.04999977011657086
2006-04-24,0.013513939766784944,-0.0132743124015402,-0.015873232180203534,0.0038610957033624604
2006-04-25,-0.028889162587309447,-0.022421514685972976,-0.017594959171265412,-0.010256456807432812
2006-04-26,0.020595044212601055,0.018348748270905046,0.029850222981807617,-0.04663198086416653
2006-04-27,-0.033632115723025824,-0.027027346679502018,-0.02608632844798131,-0.001358748529573739
2006-04-28,0.03016200822662385,0.002315130094939777,0.013392230822100615,0.013605409410846647
2006-05-02,0.0,-0.004618801351912283,-0.013215249155044684,-0.006711300879302717
2006-05-03,0.0,-0.009281138891092722,-0.002976326846815369,0.01756719461570766
2006-05-04,0.006757007167957685,0.06791622243719542,0.007462614968794634,0.006640550108500065
2006-05-05,0.004474487017210427,0.006578388992904749,0.014814673731641692,0.007915449972820454
2006-05-08,0.006681316580981145,0.0087149731820646,0.013138655519137732,0.06937190127505266
2006-05-09,-0.01106196327030895,-0.015118611500061219,-0.020172813448359306,-0.013464132955780528
2006-05-10,-0.04697981755262526,0.0043855624364812495,-0.022058906767421838,0.00124068615477535
2006-05-11,-0.01408463621056344,0.013100503701633182,0.001503590172836855,0.027261500610857636
2006-05-12,-0.01904742835358697,-0.023706823187133907,-0.025525278800220708,-0.0349819942192493
2006-05-15,-0.014563159069697518,-0.02869763843852613,-0.02619425185618507,-0.024999942529131958
2006-05-16,0.0024629272447280748,-0.015908998857561474,-0.01265818493228088,0.0012821602537631538
2006-05-17,0.036855175766457915,0.011547194365612468,0.020833532049518766,-0.0038412020578246775
2006-05-18,-0.03358146277771967,0.0,-0.0521508825480782,-0.15756919254775847
2006-05-19,0.009708168007874773,0.0,0.0,-0.013210039722786449
2006-05-22,-0.03833998568357089,-0.0319632871177995,0.006988988500210125,0.11325308536351897
2006-05-23,0.015151572156831161,-0.03773609929630628,0.004934831379719284,-0.03888899886399266
2006-05-24,0.0,-0.0024508072624483956,-0.00163706096123295,0.04046254680055372
2006-05-25,-0.009950230727182818,-0.02702704350160079,-0.019671870100010258,-0.01388885518684091
2006-05-26,-0.007537716241099446,0.04797974260807969,-0.0050168203854618065,-0.014084666651859146
2006-05-29,-0.007620194588548679,0.0,-0.022588187843303964,-0.12677784488185795
2006-05-30,0.010229746343846546,-0.012048336821381178,0.03514646384080322,0.15500004926701583
2006-06-01,0.01010099236602291,-0.02439023652318084,0.01993368883318203,0.04957517477815432
2006-06-02,0.015000139470348728,0.04000027703456821,0.01791529828952254,0.010795833383487885
2006-06-05,-0.03448277549278933,-0.038461794595501475,-0.03359990441330429,-0.041388297401837804
2006-06-06,-0.005102031336018165,0.015000181416293668,0.006622231153792901,0.04317524738083356
2006-06-07,-0.020512867095715537,-0.014778501216978102,-0.011512844462520766,-0.06275009037275558
2006-06-08,-0.015706777694591945,-0.037499833314089126,-0.06988358348016788,-0.06837610867997923
2006-06-09,0.021276380290928376,0.0,0.04651171869953541,0.01834842456026875
2006-06-12,-0.005208152359990059,0.005194867123310853,-0.017094059414335172,-0.01501470529454807
2006-06-13,-0.04450266680927095,0.00258379628620542,-0.022608704293186066,-0.060975874716903466
2006-06-14,0.016438599214081417,0.010309402496913034,0.033807836970587424,-0.017857020238404075
2006-06-15,-0.0026958139652766278,0.025509980742387972,-0.022375018841003236,-0.0016528050112616377
2006-06-16,0.013513804937723028,0.02238812571408344,0.04577437681658347,0.019867332902339996
2006-06-19,-0.002666882329269149,-0.0072992575892248945,0.0,-0.02759721309571539
2006-06-20,-0.02406408638429025,-0.06862726518265627,-0.00983995206377597,-0.045075344199591916
2006-06-21,0.013698469843473893,0.0,0.01096900291426861,-0.0209789580249633
2006-06-22,0.032432648642592765,0.04473682864697803,0.04339982393266517,0.06964303366052316
2006-06-23,-0.020942543603358676,-0.007556660633822543,-0.019064336162573303,0.020033247515301555
2006-06-26,0.010695434754280475,0.010152194767492295,0.0070669509642704575,0.0016369508738656169
2006-06-27,0.005291082684553583,-0.0025124889421500596,0.007017748082039921,-0.01960815247670067
2006-06-28,-0.007894851713631135,-0.027707929244393248,-0.022648175580242347,-0.023333172414902847
2006-06-29,0.007957676388705037,0.010362711506370692,0.010695332798577706,0.01023875709166866
2006-06-30,0.021052328006291976,0.025640908745374835,0.029982658780460136,0.013513497770945904
2006-07-03,0.0,0.0,0.0017122670916760452,-0.004999812261831105
2006-07-04,0.0,0.020000035146176653,0.00512814689841834,0.026800788180556978
2006-07-05,-0.012886362616262304,-0.019607876918661393,-0.018707501778630453,-0.017944705878999878
2006-07-06,0.0,-0.007499780594824257,-0.010398943943697447,0.0033223121661343225
2006-07-07,0.002610658419291312,0.007556452329369856,-0.003502696352993606,0.018211791604124228
2006-07-10,0.010416735822733392,0.0049999571009904376,0.0,0.009756254007541543
2006-07-11,-0.010309346088029137,-0.009950060952956141,-0.008787229047250267,-0.024154639802660083
2006-07-12,-0.005208152359990059,-0.005025081774845286,0.012411298328392384,-0.006600689362003642
2006-07-13,-0.02617804949627134,-0.025252617011372713,-0.01401046226711844,-0.004983353689346659
2006-07-14,-0.026881583577806567,-0.031088027398804008,-0.02131428405874769,-0.0383972880048743
2006-07-17,-0.027624530716442663,-0.04278070668679401,-0.023593494867718,-0.03645847343517439
2006-07-18,0.005681808562170598,0.00837998795813455,0.005576077876870533,0.014414396950660047
2006-07-19,0.014124503825596824,-0.0027702303210677126,-0.005545157645996945,-0.012433142907074424
2006-07-20,0.02506954437379716,0.05833345584722038,0.04460992628563876,0.039568060661434146
2006-07-21,-0.008152204228770943,-0.013123406294685558,-0.02313169538161286,-0.010380710088551237
2006-07-24,-0.016438236379154203,-0.03457454880720767,-0.0364301781023012,0.0
2006-07-25,0.002785463941646915,0.005509479955120522,0.01701332482445017,0.020979199161487827
2006-07-26,-0.021123432855587265,0.0,-0.0031230480949406836,-0.14902477852265084
2006-07-27,0.0,0.0,0.005556665659316229,0.04181239564987593
2006-07-28,0.01874159295178246,0.052054972359981244,0.008715108295289653,0.15886252877156082
2006-07-31,0.002785463941646915,0.010416575813167128,0.0073528823182007486,-0.004999812261831105
2006-08-01,-0.008333180052385258,-0.012886539984848122,0.0054745269007390185,-0.011725441095086109
2006-08-02,0.019205723702411026,0.010443989383707386,-0.003629567516666654,0.01570750843808688
2006-08-03,0.02556816527385486,0.012919836179003052,0.0,-0.015151267550329472
2006-08-04,-0.008310273639336119,0.0,0.0,0.03076903182000512
2006-08-07,-0.005586519204246909,-0.010204203258362243,-0.005464889696948694,0.026119352506812188
2006-08-08,0.016853891136774157,0.010309402496913034,0.016483607467601358,0.0181818155035407
2006-08-09,0.01381201806517085,0.015306093926136244,0.005405612070186416,0.0178572849484806
2006-08-10,0.00817449916530455,0.03015059453961677,0.017921233236602552,0.0
2006-08-11,-0.005405507882105365,0.007317464271415108,0.010563196351683679,-0.0017545347096613595
2006-08-14,0.0,0.04116190882761894,0.0034847105607842543,0.003514809865303059
2006-08-15,0.002717486619933984,-0.002325320871105818,0.0,0.010507994346340421
2006-08-16,0.018970158886126187,0.0,0.024305063255861237,0.019063918910209532
2006-08-17,0.021276744366521383,0.08652481681633861,0.011864610006668164,0.020408247623818987
2006-08-18,-0.007812688977990367,-0.020888038357985694,-0.001675043739794435,0.0033334143512422365
2006-08-21,-0.034120754104713935,-0.04533331811248009,-0.028523459804995377,-0.058139631124951796
2006-08-22,0.00815245985980173,0.016759792971952514,0.015544122028907426,0.03350997952761703
2006-08-23,-0.008086534710172066,-0.010988990475113036,-0.011905150421674726,0.00682575713532918
2006-08-24,-0.0027173995823763786,0.0055554035064209195,-0.020654073611673263,0.0016951279815102804
2006-08-25,-0.005449520652340167,-0.0027622149714848776,0.0017574717519071026,-0.01861252277428549
2006-08-28,-0.013698583255284391,-0.013850459049916553,-0.014034654513403577,0.0
2006-08-29,0.0027777859335182953,0.014044988589228202,0.005337755229951391,0.0
2006-08-30,0.016620369828160397,0.0221605274293053,0.01415963710823065,0.03275846486750145
2006-08-31,-0.019073453195267098,0.005420090381183407,0.013961168248703082,0.0016693203747977226
2006-09-01,0.005555571867036813,0.02964974675258314,0.012048590706403628,0.05333341435124228
2006-09-04,0.01104984450054669,0.04973796471640024,0.00850322161810424,-0.014466374686007533
2006-09-05,-0.005464671203465055,-0.009974960081350459,-0.011804336211840183,0.032339014969829494
2006-09-06,-0.005494433938937449,-0.012594499180232588,-0.013651892608100624,0.0
2006-09-07,-0.002762439005097206,-0.010204063060248236,-0.012110932100402594,0.02643912180351693
2006-09-08,0.0,0.012886727479793914,-0.011943692396601868,-0.03318921971189548
2006-09-11,-0.0027700912131120026,0.0025444161942858035,-0.0020917531264281752,0.024925282304587126
2006-09-12,-0.013888840695876259,-0.020304444652549214,0.007104936145767793,-0.01834844882926656
2006-09-13,0.01126754794074003,0.015543878639485031,0.029982658780460136,-0.012461232562224756
2006-09-14,-0.002785523521574129,-0.005101901523290042,0.0,-0.02208191472137444
2006-09-15,-0.0027934832740379445,0.015384715902705626,0.0052566100511222125,0.025806159071707357
2006-09-18,0.03361364064977668,0.03787847394439292,0.020320893263655382,0.031446734764603246
2006-09-19,0.0027100350982574017,-0.009732343001253141,0.010017078948953984,-0.0213413007522808
2006-09-20,-0.0027027106575150395,0.014742197283760028,-0.00991773224209036,0.009345703578517162
2006-09-21,0.005420243799864943,-0.012106493310768851,0.010017078948953984,-0.016975061866789876
2006-09-22,-0.005391023140114748,0.007352697482427395,-0.013223155014141508,0.0015696100299364968
2006-09-25,0.008130192096447164,0.0,0.0,-0.012539106531356592
2006-09-26,-0.002688093579408357,-0.007299029923484857,0.013400349918355703,-0.00952403855396955
2006-09-27,0.013476867180484797,-0.0049021591684091925,0.0066117604978128686,0.019230651878648253
2006-09-28,-0.0053189944238299924,-0.007388919140134953,0.0,-0.020440145116336184
2006-09-29,-0.008021327402850553,0.0,-0.01970463319656146,0.008025909604822523
2006-10-02,0.0053905914714884595,0.022332523775833835,0.008375218698972287,0.01592349847114205
2006-10-03,0.0053618605392447005,0.014563035540934965,-0.003322262802046283,-0.0015671502152403427
2006-10-04,-0.018666638651248957,-0.019138880428977267,-0.024999843161683355,0.01412827088205515
2006-10-05,0.019021710039077266,0.03414623636489433,0.03760649469809296,0.03250793514629091
2006-10-09,0.0,0.0,0.0,-0.047619148840806425
2006-10-11,-0.02133331351755008,-0.018867891266791226,-0.0016470837856298326,0.07991027601126821
2006-10-12,-0.008174324615869089,0.0,0.006600666095338159,-0.024781316661127706
2006-10-13,0.01098895587188431,0.024038459182568417,0.0360654250075545,-0.005978974587268926
2006-10-16,0.02989148244369777,0.01643207484224507,0.028480925810809188,0.013533518557662605
2006-10-17,-0.00527714452926098,-0.006928334163225913,-0.032307728992464924,-0.04747757252574758
2006-10-18,-0.018567609510120486,-0.002325793992457359,-0.014308208184376281,-0.031152829013388894
2006-10-19,-0.010810669495909586,0.006993251780902154,-0.016128988097193764,-0.00482317028654089
2006-10-20,0.0027319855491283462,-0.011574266684178491,0.013114584508612248,0.00807751122945466
2006-10-23,-0.008174324615869089,0.007025927152731537,-0.009708569158081937,0.022436052656965355
2006-10-24,0.008241694905410935,0.0,0.029411851607707096,0.023510935860177273
2006-10-25,-0.013623845268209145,-0.002325793992457359,-0.011111471681305107,-0.004594136624339051
2006-10-26,-0.002762439005097206,0.0,-0.017752896363080417,-0.03589759537644588
2006-10-27,0.011080276127192201,0.023310258498393077,0.0213422975747255,0.04840460118795087
2006-10-30,-0.0027397342016427517,-0.0205011553472918,-0.028800322432956493,-0.007610563202517184
2006-10-31,0.01923100275333245,0.002325556956787489,0.004942710459608257,-0.004601431394895217
2006-11-01,-0.016172724085443124,0.011600885276368267,-0.013114947490179052,0.006163540839894788
2006-11-02,0.005479380650356358,0.02752311593571588,0.00996678840613896,0.0
2006-11-03,0.0,0.022321267417172885,0.00493427661301582,0.004594136624339162
2006-11-06,-0.013623845268209145,0.00873360728551087,-0.009820037747493293,-0.02896309684010423
2006-11-07,0.016574457070267945,0.015151504009210726,0.0016530773675098587,0.004709402429582399
2006-11-08,-0.01086951129194813,-0.0021323188030675233,-0.0033003939439169017,0.0
2006-11-09,0.002747260966473375,0.0,0.0016555085617702137,-0.015624996044048434
2006-11-10,0.013698671008213648,0.012820525850637532,0.00495868313030301,0.0
2006-11-13,-0.010810669495909586,-0.029535631800310047,-0.01315790911219683,-0.019047691308471726
2006-11-14,0.010928817328023976,-0.010869967427470373,0.01333334809458675,0.00323625847041753
2006-11-15,0.021621512125969744,-0.004395335745542295,0.01644738639024612,0.022580536196017853
2006-11-16,0.015873233762956573,0.004414740010115992,0.006472618293945409,0.017350418143103008
2006-11-17,-0.005208598336951975,-0.010988600710968632,0.0032154371359376377,0.0015500165144588518
2006-11-20,-0.005235366793877594,0.06666664149991819,-0.003205131237929648,0.013932070745692693
2006-11-21,0.010526345956058725,-0.014583391875517493,0.012861867203324273,0.010687002694679926
2006-11-22,-0.007812688977990367,0.021141642822434026,0.0,-0.01208463947157723
2006-11-23,0.007874207713806314,-0.00828169772587617,0.007936162986683426,-0.009174224414633225
2006-11-24,0.03645818649526267,-0.012525966317252557,-0.0015746887496578266,0.0
2006-11-27,0.06783923702717898,0.010570785496720747,0.018927231798345545,0.02932097627063368
2006-11-28,-0.02588227828621026,-0.01673636896007935,-0.009287708866910216,-0.011994110351232656
2006-11-29,0.012077251891364549,0.0,0.007812392786314293,-0.007587222259343496
2006-11-30,0.009546414223807087,0.0021274926980614506,0.015503550424843748,0.012232464393623133
2006-12-01,-0.00709214434197003,0.006369433183924578,0.015267761343576547,0.006042258544022738
2006-12-04,-0.0023808832009014624,-0.016877606282271862,-0.0030077434410382686,0.013513566940219768
2006-12-05,-0.014319774222663506,0.0,0.009049672508345541,0.02814783785738273
2006-12-06,0.004842551353953839,0.010729575558912519,0.014947480602409247,0.010086731202382904
2006-12-07,-0.0072289368639814056,0.0,-0.013254805180744955,-0.028530782583208958
2006-12-08,-0.016990108228133738,0.0,-0.013432855057553983,-0.013215615065714337
2006-12-11,-0.009876728720144112,-0.004246168565931185,0.006052004293047419,-0.0029764429035774587
2006-12-12,-0.03491290125933899,-0.019189637720230635,-0.03458660786139789,-0.026865538627313557
2006-12-13,-0.015503759200608425,-0.006521817966821497,0.010903208146647803,0.0
2006-12-14,0.007874207713806314,-0.010940804349290345,-0.012326444368376377,0.01687123168142768
2006-12-15,0.0,0.008849463730706164,0.01248028186853034,0.012066228155795056
2006-12-18,0.010416529386103601,0.015350864938570297,0.026194518775111586,0.001490500016903873
2006-12-19,-0.002577492349165933,-0.004319829240934325,-0.022522764130516904,-0.014881069175713524
2006-12-20,0.01291993727451346,0.0,-0.00460796003441577,0.015105860531237525
2006-12-21,0.0025511917463720835,0.010846022475315076,0.0015427555128308956,-0.013392908005091853
2006-12-22,0.00763369168423611,0.0,0.01078617900694745,0.0075415071588718074
2006-12-25,-0.012626541020283821,-0.01716727714947297,-0.007622183098908497,-0.008982130885735962
2006-12-26,0.01790295094612082,0.0,0.0138247870927235,0.015105860531237525
2006-12-27,0.0025126507725261593,0.0,0.006060501688094799,-0.0014882817329557874
2006-12-28,0.010025091628152571,0.00873360728551087,-0.004518189469621792,0.013412990876731978
2006-12-29,0.004962872834401111,0.006493585763044374,0.021180172659826857,-0.008823682196366422
2007-01-02,0.007407269739261535,0.021505296208545577,0.002963076193341019,0.06973309409411943
2007-01-03,-0.014705925068599135,0.004210696925452284,0.00443131993744017,0.037447907238223666
2007-01-04,0.007462867919627358,0.012578482858239814,-0.004411769973198587,0.013368927773628192
2007-01-05,-0.012345950443158116,-0.02691511314345907,-0.011816853166507157,-0.015831090288251692
2007-01-08,-0.014999805418837164,-0.012766040500504006,-0.016442581697147185,-0.03753333300028394
2007-01-09,0.005076156575066548,0.004310300010529344,0.0030396299366364232,-0.0013928756846038892
2007-01-10,-0.022727579716424473,0.0042918010603736345,-0.027272537165653365,0.006973640484177368
2007-01-11,0.0,0.006410262925318877,0.024921799277089596,-0.016620784587481507
2007-01-12,0.0387598945879446,0.012739154903893768,0.05015226752422541,0.0
2007-01-15,0.007462867919627358,0.05450718641223551,0.0014470727378352866,0.028169012477327726
2007-01-16,-0.007407586083086115,-0.013916557930541362,0.01589586575023172,0.0054794739474164356
2007-01-17,-0.004975218721030239,0.006048392620823906,0.008535071367941072,0.010899336249241998
2007-01-18,-0.004999935139612388,0.010020003785604192,-0.0007619013117631246,0.028301776573840698
2007-01-19,-0.015075502250497141,-0.019840996452431536,-0.014764277451444485,-0.007863408281791884
2007-01-22,0.0,-0.006073222408963019,-0.011461437122291418,0.003963026309832696
2007-01-23,0.0,0.01018340198475598,-0.0028984474795583637,-0.019737020243595138
2007-01-24,0.06887776488050834,-0.002015902546215753,0.024709546036715935,0.012080582893806646
2007-01-25,0.031026343109969767,0.002019974618191922,0.007091891194714872,-0.005305059738870965
2007-01-26,-0.023148213366604775,-0.03024189460590232,-0.04225346988256906,-0.013333383744463134
2007-01-29,0.002369523280970398,-0.031185128986416344,0.00882364848503392,-0.02162148550682985
2007-01-30,-0.018912435392330895,-0.1666665451533692,-0.013673309804269285,0.016574423035755625
2007-01-31,-0.004819214062371069,0.1587983658699721,-0.003872368480185906,-0.02445639580675163
2007-02-01,-0.0024213920080259355,-0.002222198733256908,-0.005935053114230149,0.0
2007-02-02,0.002427269378700858,0.02004440675485708,0.011940756241285655,0.004178175700705999
2007-02-05,-0.007264331132143087,-0.0043667665520191745,0.0,-0.0041607911840848555
2007-02-06,0.004878377272008461,0.021929668685280124,0.016223986968296966,0.008356577077964777
2007-02-07,-0.007281419424716495,0.008583820844682677,-0.0014513805200717655,0.027623963790826656
2007-02-08,-0.012225051652969388,-0.006382984106514167,-0.005814067625640407,0.0
2007-02-09,0.01980195900389492,-0.002141450693707081,-0.005847852884660165,-0.02150513630663975
2007-02-12,-0.009708688803417354,-0.025750952178198783,-0.014706116987935558,-0.023351736709672166
2007-02-13,-0.022058809098446264,-0.03524229569394621,-0.01791036325142925,-0.005625900839794307
2007-02-14,0.0025061123565812693,0.022831198990302948,0.022796383267734033,0.026874220689770523
2007-02-26,0.005000095288717699,0.020089148259185174,0.023774286571259573,0.01101910236643655
2007-02-27,0.004975139044866017,0.0065646312971610055,0.005805522080287062,-0.03983365501340774
2007-03-01,-0.027227723361002876,-0.05869577082990041,-0.037518187974029615,0.02162137865675029
2007-03-02,-0.0025446997294255036,0.0,-0.0034781902433848044,-0.015278062997043373
2007-03-05,-0.04846929312304993,-0.07159349253355651,-0.05240081379227335,-0.07898419064922901
2007-03-06,0.018766898306094904,0.04477624176082373,0.03357917839938218,0.018376980743360916
2007-03-07,-0.0026315864890147367,0.021428263456914065,0.006144060086238801,-0.001503947641740222
2007-03-08,0.002638530008937101,0.009324150917007445,0.006107442581521072,0.0331325964568947
2007-03-09,0.0026314179110389357,-0.02078539481202346,0.0091047122547383,-0.008746388739883648
2007-03-12,0.0026245957916515295,0.028302077290195626,0.01052632513573415,-0.005882494512229441
2007-03-13,0.026178007837244888,0.013761246269555771,0.02827361470501666,0.050295817211150506
2007-03-14,-0.025510201580344893,-0.01357444498908833,-0.0173664750160456,-0.0169013618425069
2007-03-15,0.013088961994770498,0.006880817946216755,0.016200426141644186,0.03151863295641055
2007-03-16,-0.005167974909805473,-0.013667514290249483,0.0,-0.013888943588474034
2007-03-19,-0.005194738423235812,-0.004618889442150609,0.0,-0.0028166844392562007
2007-03-20,0.0,0.0,0.002898661410803749,-0.0014125491442714688
2007-03-21,0.007833006038165058,0.0,0.007225548659504311,0.02404546994791823
2007-03-22,0.015543921926900683,0.025521774185156998,0.00717350285265983,0.030386516834318034
2007-03-23,-0.005101811531618705,0.011312332146945714,-0.0028490061438989356,0.006702330470049311
2007-03-26,-0.0025641099345400375,-0.006711264013501306,0.0,-0.0053262529510582635
2007-03-27,0.0,0.0,-0.011428584683575105,0.004016297288644166
2007-03-28,-0.010283052999711662,-0.02252266901452049,-0.013005795605476433,-0.02400009074003362
2007-03-29,-0.002597078031392086,0.01382497678497363,0.005856522334880321,0.02459025919196156
2007-03-30,-0.005208598336951975,0.00909096875795079,-0.011645061232347764,0.013333491768312555
2007-04-02,0.0,-0.011261219726471206,0.004418268393581615,-0.010526567146868171
2007-04-03,0.0026178091684949667,0.006833408880877689,-0.0029323390046215314,0.02659584783287894
2007-04-04,0.007833006038165058,0.022624818027476623,0.019117669883860433,-0.002590893253686777
2007-04-09,0.005181362628171149,0.002212215600333023,-0.004329115903110803,0.006493532456403939
2007-04-10,0.005154737045093949,-0.006622372516066566,-0.007246279147330004,0.011612949357956648
2007-04-11,0.0,0.006666520699524892,0.011678845958659423,0.0038264422994449543
2007-04-12,-0.0076925761868176235,0.0,-0.011544025068145669,0.01016522505580153
2007-04-13,-0.012919854510109685,-0.006622372516066566,-0.0029197114896648557,-0.021383732787262466
2007-04-16,0.005235869880102051,0.0,-0.011713152731653409,0.0025709128000488413
2007-04-17,-0.005208598336951975,-0.015555617633535412,0.007407526469392911,-0.01538457064100629
2007-04-18,0.007853343657780565,0.0,0.00882364848503392,0.020833201468280382
2007-04-19,-0.012986721266564083,-0.02257343302638648,-0.01749273019054931,-0.02551009757903222
2007-04-20,0.0026314179110389357,0.0,0.0014834621402328718,0.01570665415626027
2007-04-23,0.0026245957916515295,0.025404205789704815,0.016296536364136305,0.030927853349244527
2007-04-24,0.0026178091684949667,-0.004504763364482023,0.017492622601242624,0.022500088866509893
2007-04-25,-0.005221864644143648,-0.01357444498908833,-0.0071633321141552075,0.001222399565791621
2007-04-26,0.0,0.013761246269555771,0.008658338308777713,-0.008546943443866195
2007-04-27,0.0,-0.011311794079396753,-0.012875969710085089,0.0
2007-04-30,0.0026245957916515295,0.013729830875489624,-0.004347724702148836,0.02955666548299396
2007-05-02,0.005235869880102051,0.0,-0.010189240571060743,0.031100405205767956
2007-05-03,0.010416529386103601,0.08577872338859027,0.005882251425627816,0.0011600033986163272
2007-05-04,0.010309143885870897,0.0020791922483622827,0.010234147187851317,0.06836606500621567
2007-05-07,0.005102301784012164,0.012447859310910081,-0.008683184102622143,0.01952312081713159
2007-05-08,-0.0025381595814792934,-0.0061474075906399195,-0.007299278724162139,0.006382916740502065
2007-05-09,-0.007633528682620128,-0.0020619741081620013,0.0,-0.03594094189552577
2007-05-10,0.005127973485882897,-0.00413197788528763,0.0073529499553308675,0.030701965954535337
2007-05-11,-0.0153060065559818,-0.010373474547604178,-0.014598665194707428,0.004255162908011201
2007-05-14,0.015543921926900683,-0.006289597562339377,-0.004444012905493122,0.058262684407984766
2007-05-15,-0.012755141644538615,-0.014767780061421876,-0.01041667581922745,-0.03803810809653507
2007-05-16,-0.0025838219260948536,0.010706598701888836,0.001503760733676307,-0.020811570132971413
2007-05-17,0.0,-0.006355937845981985,0.016516198698838025,-0.009564245086643108
2007-05-18,-0.005181196670558386,0.0,0.011816853166507268,0.011802534347633342
2007-05-21,0.005208181282076785,0.029850797085905878,0.010218990213826995,0.007423061131228037
2007-05-22,0.0,0.012422230050488592,-0.011560813861329788,0.037894803451840264
2007-05-23,0.025906896119662015,0.008180221812359223,0.0073100588896428675,-0.014199003299055435
2007-05-24,-0.005050519348070326,-0.008113848729995987,-0.005805522080287062,0.06584406251182551
2007-05-25,-0.010152313150133097,-0.010224912501912375,-0.016058305446773558,0.017374738998850336
2007-05-28,0.002563863551342749,0.0,0.002967143290156349,-0.02846332934547091
2007-05-29,-0.00767249431962147,0.0,0.01479313715128705,0.011718874550673108
2007-05-30,0.0,-0.006198282712281289,-0.008746472684581286,0.0019303527718907976
2007-05-31,-0.010309143885870786,-0.029106007372388,0.0029409629048586794,0.0077071591722250865
2007-06-01,0.015624960901105434,0.038543929931238674,0.00879788277678295,0.015296348896824519
2007-06-04,0.017948687414048203,0.014433048187567854,0.004360577538369936,0.0075327571297847395
2007-06-05,0.0025188183240563156,0.03252011972221336,-0.0014473931702396747,-0.028036967791821188
2007-06-06,0.005025060114256297,0.007873934122648363,-0.00144917025696778,-0.003846245830208539
2007-06-07,-0.0024998474579772667,0.007812685075652137,0.0014512733992126936,0.013513329631744009
2007-06-08,-0.012531284259962305,-0.015503977030715932,-0.004144596984553495,-0.013333154322355045
2007-06-11,0.015228225843361587,0.005905584352291493,0.003057985396642815,0.005791371126039113
2007-06-12,-0.009999790204672121,0.02935436643391598,-0.012195400106719267,-0.030710136629450324
2007-06-13,-0.007575859905474824,-0.0019011851370908106,-0.010801946180195365,-0.02970308466401883
2007-06-14,0.017811594093049665,0.045714321214810116,0.014040124975479351,0.0326529427851574
2007-06-15,-0.00749986267214231,0.023679228422153864,0.010769464869417877,0.03754956042579227
2007-06-20,0.022669848994340436,0.02491101481738256,0.039573678648980204,-0.022857155643641325
2007-06-21,-0.007388948622666369,0.04166682395887511,0.013177474164033809,-0.03411287925616402
2007-06-22,-0.004962872834401,-0.03666684673475962,-0.0028902640675269042,0.019172461571074884
2007-06-25,-0.002493852830892762,-0.0034601718153469685,0.020289780709269234,-0.034417924944061595
2007-06-26,-0.00749986267214231,-0.019097200922235658,-0.018466092213915486,0.04384806744693481
2007-06-27,0.0,0.00177007349088254,0.005788895616485323,-0.00785873410919491
2007-06-28,0.007556535651807916,0.010600714773902897,0.012949644359829593,0.001979964997061767
2007-06-29,-0.00749986267214231,-0.006993111249361084,0.007102097541486385,0.011857916038384264
2007-07-02,0.007556535651807916,0.014084419425415051,0.001410581032168512,0.001953053452901088
2007-07-03,-0.0024998474579772667,0.00347218617609113,0.002816990314171708,0.007797301740668727
2007-07-04,0.005012465538847932,0.012110777695158559,0.009831474115338468,0.06189532362184158
2007-07-05,0.004987625786927019,0.00854709392534203,-0.006954321693751542,0.049180457298172
2007-07-06,0.039702187890711116,0.0,-0.012604851034741404,0.027777889130512712
2007-07-09,0.002386565334213664,0.01355941026573615,0.021276468543843574,0.050675599619681266
2007-07-10,0.022167456316093404,-0.16666672348123301,0.0,-0.05680579363971694
2007-07-11,-0.019277040298108172,0.17792625773311643,0.0055555360425914024,0.01931807016227083
2007-07-12,-0.004913854074212853,-0.01192497692065042,-0.009668328977198715,-0.03678943971045989
2007-07-13,0.004938119271715058,0.017241433848282917,0.0181309862131378,0.022569534918541523
2007-07-16,-0.014741942593117896,-0.040677885287577986,-0.006849242567710134,-0.03904938907483957
2007-07-17,-0.002493727461230666,0.003533471546805167,0.002758416882453041,0.0335688983975988
2007-07-18,-0.0075002720799244305,0.0,-0.023383640389578186,-0.017094017685863938
2007-07-19,0.007556951270548229,-0.026408652791620857,-0.014084555814984578,0.04173930098591039
2007-07-20,0.0024999616843348615,-0.12899339764481754,-0.00857139846571231,0.02337217593787355
2007-07-23,-0.014962519192096235,0.18754366214668217,-0.010086368988140304,0.009787967677687748
2007-07-24,0.01265819014382985,0.02797173223288829,0.03784587534499595,0.014539768894792138
2007-07-25,-0.012499963232442624,-0.023809278928919264,-0.023843270163892427,0.02482533904148232
2007-07-26,-0.01265819014382974,-0.022648140957648333,-0.020114469785955547,-0.026711254870934065
2007-07-27,-0.058974641521800875,-0.06060609180451215,-0.06158374867605165,-0.0411661675903201
2007-07-30,-0.00272458576088197,-0.0018973844512467641,0.015624612408588812,-0.00715588867898187
2007-07-31,0.0,0.0342202990042193,0.0,0.06846860298635127
2007-08-01,-0.032787059985281974,-0.058823606561144826,-0.05692294025379152,-0.040472216335868394
2007-08-02,0.02824859745352848,0.04687491601609062,0.0407829490126046,0.03690700901006316
2007-08-03,0.0,0.02238827493151252,0.0015676680304945734,0.016948986829745216
2007-08-06,-0.01923081830435225,0.003649845016433284,-0.020344377925707424,-0.041666863033003376
2007-08-07,0.0028013383632534694,-0.02727305523080159,-0.020766866914549875,-0.04347795012812572
2007-08-08,0.02513945293679054,0.026168526629857913,0.024469677731644435,0.05454519779568856
2007-08-09,0.03269772882850486,0.0182148672606679,0.0159236253015127,-0.012068974483315453
2007-08-10,-0.031662438984539354,-0.0393560044781508,-0.036050088744235986,-0.04362996566323385
2007-08-13,0.008174516572686308,0.01117319354736046,0.008130224310763046,-0.032846787392585286
2007-08-14,-0.010810729843301337,0.0018414761291671855,-0.0016129540285441113,-0.033962198920119535
2007-08-15,-0.02185792719545565,-0.03676457454471782,-0.014539471250274882,-0.05078122267362761
2007-08-16,-0.019553119251082607,-0.06679403443701881,-0.031147714098861412,0.004115450767533613
2007-08-17,-0.022792116029575427,0.006135183728961602,-0.001692219735392353,0.02254081721500767
2007-08-20,0.046647154789760226,0.06910572053164965,0.05423746450905376,0.01603233304022722
2007-08-21,-0.013927538884247914,0.03612161332423702,-0.004823077770971462,-0.03846180159414658
2007-08-22,0.0028250784046721655,-0.020183647635325985,-0.016154690650248105,0.03589741963659887
2007-08-23,0.03098587593805502,0.04494392674099412,0.031198043152429245,0.0495048115275083
2007-08-24,0.0,0.012544732377784307,-0.01910810427471199,-0.007547084179087005
2007-08-27,-0.002732283197456553,0.03255790291872107,0.0,0.007604475798072885
2007-08-28,0.0,0.018711159641843222,-0.0032469698426258464,0.018868101698440665
2007-08-29,-0.0246575818895991,0.00408173905407927,-0.019544023505867925,-0.003703486488599972
2007-08-30,0.02247182900331346,0.0040651461881227036,0.00498366414428153,0.03903340201977956
2007-08-31,0.01648360715280317,-0.008097375361660109,0.03636350758687246,0.001788668662619397
2007-09-03,-0.0054054067624027535,-0.01632649887860793,-0.0015947228275599024,-0.007142506087917777
2007-09-04,0.0,-0.004149369394416902,-0.015974495747327455,0.01438831943986818
2007-09-05,0.0,-0.002083037408653343,0.0032466277322220627,0.021276481960671
2007-09-06,-0.002717518194684132,-0.01252630138492361,0.006472583505738871,0.041666644848185275
2007-09-07,0.008174516572686308,0.008456642090786781,-0.0032153098894665,-0.01666650643173584
2007-09-10,-0.010810729843301337,-0.01048233492427797,-0.0129032923251442,0.016948986829745216
2007-09-11,0.005464397202814775,0.027542617311851147,0.0016339237229081593,0.0
2007-09-12,0.005434783980483138,-0.010309429589330121,0.003262631337212385,-0.01666650643173584
2007-09-13,-0.008108235665860386,-0.014583246039200137,-0.014634038248228398,0.0016948156100429213
2007-09-14,0.02997288997094283,0.0,0.019801793121483557,0.008460250703298478
2007-09-17,-0.007936550841990409,-0.027484027573215664,-0.01618083359164335,-0.04362406724679335
2007-09-18,0.0,0.0,0.0,0.0
2007-09-19,0.023999965652646393,0.004347816555487771,0.00986792127799907,-0.017544084772300073
2007-09-20,0.0,0.03030296415916256,-0.006514293141017591,-0.012500143066910163
2007-09-21,0.0,0.004201318679249333,0.00819651836829216,0.036166433827988564
2007-09-26,0.0,0.0,0.0,0.012216414073040527
2007-09-27,0.0,0.02510479278431177,0.03414673650518574,0.013793271562164033
2007-09-28,0.0,0.00408173905407927,0.0,0.0
2007-10-01,0.0,-0.012195096955444629,0.004716797221236968,0.005102062080485359
2007-10-02,0.0,0.02880663986512766,0.01564928470432303,0.03214873577247235
2007-10-03,0.0,0.01600019003292963,0.001540664271569181,0.01639378104223721
2007-10-04,0.0,-0.001969105935473059,-0.012307434930497907,-0.02580669603069896
2007-10-05,0.0,-0.01380629571416192,0.006230507097757965,-0.03807961023273887
2007-10-08,0.0,0.01600019003292963,0.006191710762941893,0.015490860815864371
2007-10-09,-0.1485134616048267,-0.0059058841252565,-0.0030770208403535504,0.006779709755957208
2007-10-11,-0.044775843801196924,0.0019804715212921042,-0.023147585042398444,0.008417330503754483
2007-10-12,-0.04910726544534527,-0.023715473223863914,-0.03159589954884556,-0.04841388981728534
2007-10-15,-0.011737029978774238,-0.012145949633871611,0.026101050697699524,0.00701732964450219
2007-10-16,0.016626866902887727,0.010245939044423391,-0.007948819319735234,0.050522709418753475
2007-10-17,-0.004672749791639674,-0.006085237415624722,-0.006410345171133369,0.014925310609724907
2007-10-18,0.004694686888821131,0.002040983861467005,0.014515906450479177,0.0
2007-10-19,-0.009345707113470825,-0.010183334944066869,-0.0143082098153261,-0.008170010438988906
2007-10-22,-0.03773591229826567,-0.028806755140563967,-0.022580676593199955,-0.028006317595577035
2007-10-23,0.007352817918021337,0.029661198008778644,0.014851373820760294,0.0508475356095317
2007-10-24,-0.007299148607354811,0.0,-0.011381788612797261,-0.01290350004086449
2007-10-25,0.007352817918021337,0.018518653006527552,0.004933787333119444,0.0457517257906479
2007-10-26,0.021897986107531686,-0.010101270756838088,0.008183450756042765,-0.003125170102331154
2007-10-29,0.040476179650268174,0.02040835226711457,0.03733781543577064,0.0
2007-10-30,-0.0205950261402591,0.0039998794366553625,-0.014084400206760384,0.0031349674087488566
2007-10-31,-0.0070091246874595114,-0.019920278708687844,0.012698030049733466,-0.010937682988871433
2007-11-01,-0.04000019227545881,-0.02845556783829417,0.006269791285888671,0.006319341337109652
2007-11-02,-0.031862501249072306,-0.0585770684649316,-0.0404985149723871,-0.06907381169880322
2007-11-05,-0.005063242465260354,0.0444443503796923,0.01461062305260774,-0.06914004153869013
2007-11-06,0.002544335167424361,-0.021276433430179154,0.0015998253836788656,-0.05434791963009089
2007-11-07,0.0,-0.008695694006470522,0.00638997784312445,-0.001915452282920116
2007-11-08,-0.017766385600769152,-0.05043867233531463,-0.017460530023251652,-0.02687126947730678
2007-11-09,-0.005168023893589724,0.0023095287338690262,0.006461898956922063,-0.013807008408883048
2007-11-12,-0.020779369092051136,-0.055299356842226755,-0.011235860037500212,0.00199988282113317
2007-11-13,0.0026527895580057415,-0.009756279863443962,0.0016235419397134798,0.0
2007-11-14,0.026454771581231995,0.03448261587262169,-0.003241706795686694,0.05189633375949776
2007-11-15,-0.0025771237033113126,-0.00952392385823031,-0.009755606683965246,-0.03605309319066441
2007-11-16,-0.00775203584038453,-0.026442055828327815,-0.006568579751389136,-0.015748072987567308
2007-11-19,0.06770826948222952,-0.019753113231963826,0.0,-0.00799998371258992
2007-11-20,0.0,-0.002519027473776192,0.0,0.008064499577863149
2007-11-21,-0.014634225072065687,0.0,-0.031404905516488335,-0.05000001131070142
2007-11-22,-0.014851456305663424,0.010101202306146195,0.02218452024824158,-0.05052613414984164
2007-11-23,-0.010050157052534203,-0.022500161243662387,-0.005008504066506991,-0.031042310626247405
2007-11-26,0.01269040425132606,0.03324808678856228,0.025167516482330177,0.03432500261198701
2007-11-27,-0.04010053684430914,-0.024752494812765535,-0.03273311320407635,-0.023230060906789585
2007-11-28,-0.010443767952291627,0.02030467030025518,-0.010151773223300076,-0.023782359747740234
2007-11-29,0.010553991389332218,0.024875569889488025,0.02564062229633013,-0.060325123527608215
2007-11-30,0.007833231813127783,0.0,0.009999963705890735,0.03703710254636006
2007-12-03,0.0,-0.029126086193258627,-0.013201388611972287,0.01428586432562673
2007-12-04,0.0,0.01499996743613341,0.008361233282496494,0.009389385076744583
2007-12-05,-0.010362710396375707,0.014778224519752303,0.00995067938313876,0.023256119813483966
2007-12-06,0.018324839546189464,-0.002427179515282041,0.016419949860740912,-0.028409391787712623
2007-12-07,0.002570383573292201,-0.007299118837315377,0.011308578513871126,0.002339220895864136
2007-12-10,-0.002563793640233958,-0.019607868715235677,-0.0239618558361121,-0.009334782886427861
2007-12-11,0.017994511704755523,-0.002500204662151284,0.026186605533276897,-0.029446546568070442
2007-12-12,-0.027777684319323814,-0.0225563466372235,-0.022328472345384154,-0.041261827851653776
2007-12-13,-0.015584613334856057,-0.06923084547626679,-0.009787664821841568,-0.025316685256938087
2007-12-14,0.010553991389332218,-0.024793186262700107,-0.014827251674317976,-0.037662188608057035
2007-12-17,0.007833231813127783,-0.03389815353116876,-0.005016763463367546,-0.0013496519479335722
2007-12-18,-0.005181412725974943,0.04093525100896178,-0.011764428784749037,0.027027277641545444
2007-12-19,0.0,0.061797872162965284,0.006802755221891887,0.06052592962780956
2007-12-20,0.00781259939086909,-0.00793641795108424,-0.003378840189817822,-0.029776524276239003
2007-12-21,0.010335818270641006,0.021333288713440313,0.0,0.03324825397682507
2007-12-24,0.017902700295943763,0.04438655149350046,0.0033902954563611587,0.05940552757225559
2007-12-25,-0.01758783063522562,-0.015000177525595682,0.0067566124406819306,-0.011682089245502958
2007-12-26,0.015345236587541944,-0.005076060930647386,-0.0016780230137962704,-0.06974014709973198
2007-12-27,0.00503784762172188,0.02040826389125594,0.036975015324400395,0.01778928000110369
2007-12-28,0.007518558477695558,0.0024997844832264082,-0.019449102254541994,0.0049940302275799375
2007-12-31,0.0024877048188758355,-0.02244377652008922,-0.016528983195138958,0.04596265193219051
2008-01-02,-0.027295303681246996,-0.0076529739059572055,0.016806782215950777,-0.026128522145597577
2008-01-03,-0.012754925451628818,-0.03856061604927963,-0.018181811848534735,-0.048780301648162494
2008-01-04,-0.010336277303717778,-0.02139010798226293,0.010101092524914757,-0.058974378556768126
2008-01-07,-0.04699718769897465,-0.0628417732529416,-0.07000021425232206,-0.06948221954778766
2008-01-08,-0.019178083858564676,-0.008746338542110266,0.003584154262714634,-0.052708744236317995
2008-01-09,0.019553074358301004,0.04117663633358726,0.017857334377918255,0.04327645544422909
2008-01-10,-0.002739578517022334,0.0,-0.022806814198232495,0.016296461297063525
2008-01-11,0.021977994492370145,0.0,-0.012567593489534845,0.014577394711274394
2008-01-14,0.021505409720711688,0.008474479035484483,-0.0018183032694590873,-0.03879310064637831
2008-01-15,0.015789439237656522,0.019607881600389954,0.047358868621490746,0.007473628091563045
2008-01-16,-0.044041547948490134,-0.054945171647339364,-0.03652137209484152,-0.04747765185345043
2008-01-17,0.008130185022459102,0.005814186416166045,-0.012635395197347798,0.009345833909341295
2008-01-18,-0.010752824245978343,0.008670339359649004,-0.0018285320214631584,0.006172826576702484
2008-01-21,-0.013586949306976126,-0.017192022843610877,-0.02380950849322283,0.009202145702413622
2008-01-22,-0.04683194294681525,-0.06997062666943576,-0.06941821908977963,-0.06990857581730148
2008-01-23,-0.011560648753831892,0.009404192445982229,0.028225635700490193,-0.03921560655022682
2008-01-24,0.01754382319773895,-0.015527919241422938,0.052941273292714586,0.006802770813852943
2008-01-25,0.011494335752651574,0.0504732602690241,0.03351982931497055,0.06925651126299881
2008-01-28,-0.01988648962604611,-0.03903904105993783,-0.02342333596431323,0.05529236051682118
2008-01-29,0.031884015807647215,0.015624967173519133,0.051660189480616125,0.005988124666506556
2008-01-30,0.0,0.0030767443309669407,0.014035223283049625,0.002976015817026889
2008-01-31,-0.02528066233954329,0.03987748300895633,0.03633235129796497,-0.06973277319065962
2008-02-01,-0.002882008697860816,0.014749149437125464,0.025041230327273123,-0.05582134264807481
2008-02-12,-0.020231279720618556,-0.034883652756244055,-0.022800998463954447,-0.06925682969486713
2008-02-13,0.01179943051145882,-0.015059957347614228,-0.0016664850009910914,0.034482926144681514
2008-02-14,0.06122469194244062,0.06727796052631585,0.03505823846028733,0.06842079954206892
2008-02-15,-0.013736376192802768,0.0,-0.008064656841651141,0.06896568802373126
2008-02-18,0.0027854889589904452,-0.002865323763365457,-0.024390101821125,0.032258023415523196
2008-02-19,0.022222197549190748,0.0086205113191955,0.0249998507258411,-0.005952480471368982
2008-02-20,-0.021739106822830867,0.008547312082993308,-0.006504156604163924,-0.014970311666266167
2008-02-21,0.01666687947156298,0.025423516236196875,0.013093475221662265,0.048632590849193136
2008-02-22,-0.010929159676565714,0.008264755537604529,-0.016154690650248105,-0.0014491903123141636
2008-02-25,-0.0055248710288858804,0.040983592128587265,0.004925685054675943,-0.010159930115527849
2008-02-26,0.013888881178566459,-0.010498738029588117,0.01960800293199494,0.011730403710264348
2008-02-27,0.024657240892609344,0.018567599248418443,0.01923092293862938,0.03188415394923205
2008-02-29,-0.018716287657126407,-0.020833435156212055,-0.0314468611180726,0.0
2008-03-03,-0.016348801044964056,-0.047872318630371447,-0.014610166905402733,-0.04634823800380139
2008-03-04,0.0,0.011173161626970574,0.03624345430223719,0.05449157994298348
2008-03-05,-0.011080166618010923,-0.013812126907364997,0.006359725535393546,-0.013966399843630128
2008-03-06,0.025210153552278403,0.06722706746693441,0.02527614257339783,0.06515561826224281
2008-03-07,-0.016393648507784464,-0.007874218946958833,-0.013867277303982517,0.005319339346656404
2008-03-10,-0.01944432262135165,-0.04497338088247815,-0.0437501660126044,-0.02645507078463949
2008-03-11,-0.01133171384607512,-0.005540386954138832,0.01960800293199494,0.029891191873343104
2008-03-12,0.017192008252642443,0.005571253856322622,0.02243558893772768,0.0026388654838145342
2008-03-13,-0.016901438581075068,-0.022160927053602175,-0.02821295974138649,-0.030263460897178462
2008-03-14,-0.011461211581618835,-0.011331343824610096,-0.01451635965475806,0.0013568750090162673
2008-03-17,-0.026086904470502437,-0.04297985645048197,-0.019639523012398352,-0.051490463402624975
2008-03-18,0.03273824846108031,0.00598809526505284,0.0,0.02285709607546682
2008-03-19,0.028818423149090444,0.020833121437545454,0.036727857088995286,0.04469275331548905
2008-03-20,-0.002801342420057029,0.0,0.008051329601701518,0.013368906598907326
2008-03-21,0.030898961557764393,0.026239097293777602,0.035143419340612825,0.04749370947868714
2008-03-24,0.03814708142610623,0.05397724491971356,0.040123651518314984,0.025188670725032836
2008-03-25,0.005249178009170574,0.008086237495144255,-0.0029671403974669275,0.007370946373192355
2008-03-26,0.0026112318801507772,-0.0026734919917323907,-0.0029762841209827195,-0.036585065311491194
2008-03-27,-0.010416567878166472,-0.04021468700577824,-0.0477613383101525,0.01772143151261929
2008-03-28,-0.007894953363302482,-0.025139691906304273,-0.02351094659050368,0.004975207433174589
2008-03-31,-0.00795777966261424,-0.002865323763365457,0.012841160087214032,-0.009901061245942588
2008-04-01,-0.008020901415087156,-0.020114982544460647,-0.020602313442207087,0.0
2008-04-02,0.035040273162724844,0.020527900913000163,0.035599038779917436,0.04249986073700707
2008-04-03,-0.010416567878166472,0.020114741062281727,0.006249976675914981,-0.009592397038711842
2008-04-07,0.0026313784192142364,0.02816919968235254,0.009316408397486153,-0.025423427869442516
2008-04-08,-0.02887146985726674,-0.005479517866279648,-0.009230414090144468,0.012422097855013803
2008-04-09,-0.013513387805392574,-0.008264138194682524,-0.020186533235831527,-0.0036810435785376017
2008-04-10,0.016438566179154623,0.024999943587093565,0.02218703827564128,0.014778296303628924
2008-04-11,-0.010781866530551354,0.01896999611325012,-0.006201310617702349,0.007281585160211712
2008-04-14,0.0,-0.015957489210004616,-0.01716067634046725,0.002409679272088683
2008-04-15,0.0,-0.008108016440128374,0.0,0.04206729178837598
2008-04-16,0.03269742057171343,0.005449732703586507,0.03492027952815202,-0.029988363153115816
2008-04-17,0.015831338625914126,0.032520329523508806,0.02914138091604679,-0.06064194391631783
2008-04-18,-0.015584613334856057,-0.023622215708162475,-0.004471184004783857,-0.05822814701350776
2008-04-21,0.002638790798929369,0.021505407921879938,0.008982004758055329,0.040322655023264486
2008-04-22,-0.010526448654753828,-0.010526367778376677,-0.001483518086955793,0.010335994092325995
2008-04-23,0.0,-0.037234042156915836,-0.04011888282543152,0.015345429580038372
2008-04-24,-0.0053194530209476065,-0.030386911339292277,-0.010835820058054613,-0.01763234491497645
2008-04-25,0.0160432277971152,0.0028491572317246305,0.012519625641371768,0.0025640487744469365
2008-04-28,0.010526214910279608,0.022727545829154483,0.027820389618130825,0.017902631545959835
2008-04-29,-0.028645850802031525,-0.022222483321037934,-0.027067364978492936,0.005025400296105431
2008-04-30,-0.0026808802374262974,0.00284082385960982,0.03091189386609905,-0.01249992577353165
2008-05-02,0.018816964887972132,-0.042492836919509225,0.019490234661742933,0.056961825961080015
2008-05-05,-0.007915434951680012,-0.03550305371511997,-0.011764765434016944,-0.013173783663897765
2008-05-06,0.007978588953547971,0.01227017323406221,0.011904822882766064,0.0
2008-05-07,-0.005276995694666109,0.009090889798946566,0.002941372140341292,0.010922515006127176
2008-05-08,-0.013262416360380724,-0.0090089900630832,-0.01026435294962258,-0.004801910662030395
2008-05-09,0.00537593458049912,-0.0030302117150133867,-0.01777781986796534,-0.03256945097577646
2008-05-12,0.013369158585520902,0.0030394218065785683,0.019607934547474226,-0.00748142266625107
2008-05-13,0.007915786493595478,0.030302881111852864,0.019231168904584317,0.030150791375030073
2008-05-14,-0.007853618922999073,0.044117477436387276,-0.004354578133739406,-0.007317013062298261
2008-05-15,0.013192782188261809,0.019718510793828248,0.0,0.014741985381126144
2008-05-16,0.03906253433502749,0.00552492814397576,0.008746632434896151,0.00968530230385034
2008-05-19,0.017543748342222942,0.008241741116966406,0.0028899595300093672,0.0023981218629982592
2008-05-20,-0.034482762392683663,-0.03542227032506051,-0.017290701365417105,-0.019138896670883643
2008-05-21,-0.02295936430889034,-0.01129941088697084,-0.01319678979021699,-0.004878131317441192
2008-05-22,-0.010443767952291627,0.025714070079602802,-0.005943619379562226,-0.01347997451025762
2008-05-23,-0.007915434951680012,-0.02506943292452557,-0.020926577738651475,-0.055900611227350905
2008-05-26,-0.015957591311607344,-0.011428546732340505,0.0,-0.030263460897178462
2008-05-27,0.005405655199607118,0.005780172266879768,0.004579974854913793,0.039348659070472136
2008-05-28,-0.0053765912014228645,-0.020114982544460647,0.018237124575317232,-0.019582084791879173
2008-05-29,0.0,0.0029328741238159317,0.0014926892615596543,0.011984222250001064
2008-05-30,0.021621960628038117,0.005847612179978201,-0.02235487312888451,0.0
2008-06-02,0.0,0.046511944158534435,0.030487804225101556,-0.0315791729557624
2008-06-03,-0.029100718701766448,-0.013889324413817405,-0.022189322672465983,-0.01902154647612231
2008-06-04,0.0,0.01690177231139045,0.015128751727339962,0.011080203091277774
2008-06-05,0.005449600348321315,0.008310153656677866,0.010431994954803514,0.01369854948271354
2008-06-06,0.008130185022459102,-0.005494571033831885,0.008849629956495741,0.008108346329601002
2008-06-09,-0.026881821843700804,-0.030386911339292277,-0.045321628568291805,-0.00804312984722566
2008-06-10,-0.01381202421773886,-0.01424466887335829,-0.021439432690947502,-0.027027073845123928
2008-06-11,-0.008403467451973845,0.014450511626528773,0.03129878927299434,-0.020833370424755637
2008-06-12,-0.03954814982693644,-0.01994290353071726,-0.016692270990535607,-0.06666683066739454
2008-06-13,0.0,0.0,0.0,-0.009118238344617113
2008-06-16,0.0,-0.005813616405873412,0.016975632854376643,-0.015337449210269027
2008-06-17,0.0,0.002923642277562699,-0.010622276742447756,0.05607465109775456
2008-06-18,0.0,-0.008746338542110266,0.004601480481013054,0.005899693532235517
2008-06-19,-0.017647089942286698,-0.017646941541730743,-0.018320864640910317,-0.029325456455398302
2008-06-20,0.002993984108408565,-0.011976022793995456,-0.009331118359859225,0.007553111320087735
2008-06-23,-0.002985046925351287,-0.021212245966812704,0.0062796328999654705,0.005996988109465029
2008-06-24,-0.0029938511399584256,-0.018575814340722197,0.0015598921204296179,-0.049180583939998135
2008-06-25,0.018017914087306908,0.012618270884397598,0.0311526449072701,0.043887061750170986
2008-06-26,-0.011799496015086786,-0.0031151712803163534,-0.018127141157064486,0.037537722157950926
2008-06-27,-0.03582056310421544,-0.05625005689923335,-0.015384239627212692,0.0028944046457137773
2008-06-30,-0.00309615167925803,-0.009933754563533292,0.015624612408588812,0.010100961741432268
2008-07-01,0.00310576760684933,-0.0066890431096129355,-0.012307434930497907,-0.03428564411320012
2008-07-02,-0.009288248792658327,0.0,-0.037383370841988284,-0.04733728932704906
2008-07-03,-0.012499744981053662,0.030303253232407457,-0.048543353283162616,0.026397489164969423
2008-07-04,-0.015822984949858676,-0.032679849848744724,0.0034009296093289176,-0.022692927874460866
2008-07-07,0.006430736614764232,0.006756553419603684,0.01864430329755784,-0.01393177254214606
2008-07-08,-0.054312952845310014,-0.020134002336082757,-0.019966592508315673,-0.06750380840917103
2008-07-09,0.016891883528247442,-0.05136985052949261,0.0101865406568038,0.023568715826314035
2008-07-10,0.01661143513935026,-0.02166070494599659,0.0,-0.00822357487635117
2008-07-11,0.0457514167580233,0.02583041163377886,0.04873973926323871,0.018242178297160017
2008-07-14,-0.024999628747928493,0.007194127893994873,-0.02884627183317323,0.0
2008-07-15,-0.04487214343302759,-0.032142889656704754,-0.04950506239665853,-0.0618893020180451
2008-07-16,0.010067169355733485,0.0036899259068914336,-0.009228900676752305,0.009294280346191286
2008-07-17,0.03986695743139457,0.066176444084729,0.06877318169215241,0.06877302999916601
2008-07-18,-0.02236394004622344,-0.01034471100859391,0.008695435852099642,0.057391341705333776
2008-07-21,0.035947733524602565,0.052264798840169435,0.031034630796956897,0.06414446331427004
2008-07-22,-0.022082228855297648,-0.01324519159419435,-0.03177278377111736,0.004636965696829476
2008-07-23,0.012903320544742414,0.01006737716718864,-0.0051809909854783065,0.003076827612520372
2008-07-24,0.0,0.013289101163267425,0.02256968616378119,0.003067603836655941
2008-07-25,-0.038216413216086154,-0.009836227577714962,-0.018675813379710027,-0.00764502255681776
2008-07-28,0.0,0.0,0.0,0.0019995783004735923
2008-07-29,-0.0596028145683678,-0.049668865572408016,-0.048443065946579655,-0.01583550612089768
2008-07-30,0.010563437547011167,0.0313589183451215,0.036363813689411995,-0.004687571894020248
2008-07-31,-0.0034841329239535535,0.010135114034109716,-0.014035316413576693,0.0047096487109483665
2008-08-01,-0.020978896642603218,0.010033424136335567,-0.003558866050678011,0.015624839856921868
2008-08-04,-0.014286050770368042,-0.003311158766436173,-0.0053571287086210395,-0.007692176387463001
2008-08-05,-0.04347817341789206,-0.016611353188362488,-0.005385922661382048,0.013953378170919795
2008-08-06,0.04545444987204372,0.04054045613643931,0.0613718131050256,0.06116210104639186
2008-08-07,0.032608710518958306,0.0,0.011904804809539815,0.004887319464242923
2008-08-08,0.054089336840332125,0.05844144150862807,0.016806528147834898,0.03241796149364595
2008-08-11,-0.02564104838463488,0.06748479278385022,0.0016532896951253484,0.02777798776846252
2008-08-12,0.0,0.005747275859662393,0.009901070165337034,0.013513471461108706
2008-08-13,0.0,0.005714113298006751,0.0,-0.017333168462889237
2008-08-14,0.015037651023991572,0.005681966036644948,-0.011438378814019323,-0.009497952902507878
2008-08-15,-0.011111003156186738,-0.05084742812111254,0.0016532896951253484,-0.024657721762248563
2008-08-18,-0.022472067212217284,-0.04761911113815964,-0.008251165003739014,-0.011235901096863454
2008-08-19,-0.015325728558542306,-0.006250074406689787,-0.0016635218753622283,0.005681741024775144
2008-08-20,0.015564262216486213,0.031446300993498655,0.0,0.021186376362439585
2008-08-21,-0.015325728558542306,-0.012195014677658156,-0.010000190944443266,-0.020746826292285192
2008-08-22,0.0038913011097891914,-0.015431810043109007,0.013468013092635012,0.011299578137255573
2008-08-25,0.007751809446429503,0.034482682920960794,0.004983154804846235,0.019553146945904487
2008-08-26,-0.003846168174627018,0.009090889798946566,-0.008264040347098933,-0.009589315822065236
2008-08-27,0.027026972277894856,0.027027222548981378,0.006666610008777996,0.04564328808955964
2008-08-28,-0.003759336894089027,-0.04970781596591256,-0.004967201819874645,-0.018518590310191763
2008-08-29,0.0037735228377135943,-0.015384583560409504,-0.01996622930487113,-0.012129286895963154
2008-09-01,-0.01879698791808071,-0.06875020571261303,-0.03904948930327479,-0.039563447667108176
2008-09-02,-0.015325728558542306,-0.053691080228630006,-0.040636024211597954,-0.004261033184575158
2008-09-03,-0.0038909085170097946,0.003546091893635417,0.012891327762549531,-0.029957459177583967
2008-09-04,-0.023437429180432567,0.0,-0.029090725854274302,0.0
2008-09-05,-0.040000064573646466,0.010600882643075238,-0.007490944649119258,0.0029410850181887938
2008-09-08,0.06666666106131514,0.06993001034188562,0.0698114010292259,0.061583714837973424
2008-09-09,-0.023437429180432567,-0.03594790806741688,-0.04232798207596833,-0.04696140610875332
2008-09-10,-0.01999991121123612,-0.0067795525421257,-0.011049753067395751,0.014492809319410771
2008-09-11,-0.06122454190396864,-0.01706500173186387,-0.02607066900056254,-0.04142857883395512
2008-09-12,-0.021739384106057247,0.017361271866330075,0.007648055602423431,-0.004470903870106957
2008-09-15,-0.05777764185420753,-0.06143360469850889,-0.01897529975880563,-0.03742523821293342
2008-09-16,-0.047169796055200996,-0.02955391553882125,-0.01353937855827303,-0.018662482815083536
2008-09-17,0.009900826900359982,0.03964750680846829,0.037254547801288895,0.023771826210662095
2008-09-18,-0.060784211898152085,-0.004237325782002199,-0.017013373082467642,0.007740021353570992
2008-09-19,0.06993758961395469,0.06808520691052955,0.06923096907692305,0.06912430442267814
2008-09-22,0.03902413479196265,0.0318726964109981,0.0035969136506082133,0.0
2008-09-23,0.0,0.019304818265383217,-0.014336682329283312,0.007184186067962672
2008-09-24,0.0422533970328709,-0.026515025024408834,-0.030909163371846127,-0.00713294168766665
2008-09-25,-0.004504249417959905,-0.03891038138005276,-0.005628564328756913,0.007184186067962672
2008-09-26,-0.00452490340432421,-0.02834042074563059,0.007547482422184171,-0.03566361343646929
2008-09-29,0.0,0.0,0.0,0.0019998181138947135
2008-09-30,-0.0681817014422671,-0.06666646811036947,-0.016854377432419354,-0.04038064630050375
2008-10-01,0.0,0.0,0.0,0.0
2008-10-02,-0.014634296635555821,-0.0625001196656001,-0.020952116538784815,-0.04615370246175199
2008-10-03,-0.009901126592426257,0.0,0.0,0.03064488118406139
2008-10-06,0.0,-0.057142909010620135,-0.04669273133152363,-0.06885742763061842
2008-10-07,0.06500004742128107,0.0010099896678525955,0.014285697874637071,0.005041860105094553
2008-10-08,-0.0694834713797352,-0.06962648612187539,-0.06941644416717319,-0.06688960576362624
2008-10-09,0.009081585829635141,0.0,-0.003242876300119879,0.010752918114586008
2008-10-13,-0.024999994955182903,-0.014099778665739304,0.011930572206199752,-0.019503618492195063
2008-10-14,0.06666661147550501,0.06930695405034171,0.06966754455978941,0.0687160386973118
2008-10-15,0.009615518944841472,-0.031892795299756194,-0.03406827935730283,0.03553307224109492
2008-10-16,-0.033333554344351146,-0.034006605655674926,-0.0342322008149889,-0.034313797592378625
2008-10-17,-0.03448229929974944,-0.013201305858124512,-0.03437163636508489,0.0
2008-10-20,-0.020408337659176823,-0.030100401077038264,-0.016685229874388918,0.03045685159316136
2008-10-21,-0.031249904752816082,-0.034482860141741845,-0.002262536657034242,0.009852254567050522
2008-10-22,-0.03440879043433476,-0.03452348222669277,-0.03401365856237004,-0.008130055471187392
2008-10-23,-0.03452092891145209,-0.03452528286919898,-0.03403702298857725,-0.016393504509257584
2008-10-24,-0.03460225672583905,-0.034482753374124875,-0.034022213109899724,-0.03499984357312935
2008-10-27,-0.06929510652187498,-0.06878311339027066,-0.03647798909786182,-0.06908458131526418
2008-10-28,-0.03979486052992465,0.032670231597537125,0.0365532999795104,0.02040804304805799
2008-10-29,0.06951873785669149,-0.009628205110347454,0.05793448675688073,0.01090894142674359
2008-10-30,0.07000031593171774,0.0694442916205058,0.06904771759452522,0.061151191550614215
2008-10-31,0.06892527495427836,0.0389610670917937,0.0690419964752571,0.0033898433381671644
2008-11-03,0.033879662113099895,0.0,-0.02083316518763989,0.0
2008-11-04,-0.0486256340684047,-0.036250164181189315,0.021276420367763116,-0.023648619976557206
2008-11-05,-0.011111375185425043,-0.015564030380191274,0.0,-0.03114192469924537
2008-11-06,-0.0696628610983826,-0.06982877546052102,-0.06979146553854876,-0.06964281030291464
2008-11-07,-0.03381660201725656,0.011331458861099986,-0.02575583247155,-0.044146038878741245
2008-11-10,0.04375048911085533,-0.05742296685078452,-0.0068967606576284535,0.006024400267859997
2008-11-11,0.0,0.00297179397898395,-0.002314757683960722,-0.053892271449433204
2008-11-12,-0.029940405926999647,0.0,0.006960768782936055,0.004219424812061057
2008-11-13,-0.035802567786925366,-0.06962970231918986,-0.06682036421864224,-0.06932783857840441
2008-11-14,0.06914255026440408,-0.04458618663099234,0.02962995605374541,-0.002257502397262301
2008-11-17,-0.031138111581168415,0.016666914862038196,-0.0215829051899451,-0.01131210396624216
2008-11-18,-0.054387996601950594,-0.06885256915347948,-0.056372844205621386,-0.06864974946923341
2008-11-19,-0.005228804202352166,0.021126841801688334,-0.012986692424466706,-0.0024570972407677028
2008-11-20,-0.06964519026417937,-0.06896550307565352,-0.031578941865082366,-0.06896560614255953
2008-11-21,0.02824855214466715,0.06851856407206225,0.046195306444789086,0.06349221733136323
2008-11-24,-0.03846146383406657,-0.01039880692817452,-0.031168405837062374,-0.04726377119168135
2008-11-25,0.06999993081394229,0.043782912399227936,0.06970494056618248,0.06788492173858707
2008-11-26,-0.00801075185892075,-0.020134205381807768,-0.022556159487791883,0.029339885629972695
2008-11-27,0.061911248421882004,0.0684931395070596,0.04871799378127406,0.057007435543470875
2008-11-28,0.026615981494409136,0.03205137261565416,-0.002445249848770814,-0.0022471992923372985
2008-12-01,-0.01234585047922332,0.013975091796808892,0.0,0.011261067105200473
2008-12-02,-0.06999968532948686,-0.06584986154577599,-0.06985330518617738,-0.06904235139122805
2008-12-03,-0.05376350064673996,-0.042623028299831556,-0.021079937479397848,-0.06937792872620119
2008-12-04,-0.019886394173007638,-0.006849273151473434,-0.002691811753041451,0.0025707040021039074
2008-12-05,-0.01449288077672628,0.008620662209078755,0.004048302944399174,-0.06923076716622767
2008-12-08,0.058823756341261024,0.06837605619203302,0.0698926128545918,0.05785117373739457
2008-12-09,-0.015277805415273904,0.03839966955154628,0.025125751888597447,0.005208626266504757
2008-12-10,0.04372347291132872,0.06933788868663071,0.06985298056112743,0.06994798748199638
2008-12-11,-0.01081097405798448,-0.011527563283150966,0.02863677430072764,0.016949132495977848
2008-12-12,-0.03688505948336107,-0.06705529283028322,-0.06904221771194363,-0.0023807122597958585
2008-12-15,0.04964536012834575,0.06874985689988278,0.0394734090435962,0.0692124085138075
2008-12-16,-0.012162235033784219,-0.01754384131520903,0.024166023673576786,0.011160520625958625
2008-12-17,0.06976768099696073,-0.008928561931300205,0.0337077640065131,0.011037338185483803
2008-12-18,-0.012787769817820815,0.01651639444332198,-0.021739091314088244,0.03493478856735055
2008-12-19,-0.012953480455944244,0.01181694504729891,-0.0011110833135888898,-0.008438849624122113
2008-12-22,-0.0419945245862654,-0.0656933176737644,-0.0077866026677981814,0.008510669887503264
2008-12-23,-0.041096104358851915,-0.03906256253358786,-0.01681617071413377,-0.0696203621806687
2008-12-24,0.015714387846085254,0.00813015295903563,-0.01026215377161821,0.0
2008-12-25,-0.00703244540547443,-0.004838655906070355,-0.006912651414760829,-0.024943247148432768
2008-12-26,0.005665772176363992,-0.00324161579346649,0.006960768782936055,0.016278968246498104
2008-12-29,-0.004225495621241415,-0.004877994918702777,-0.001152121284855201,-0.020595044603075374
2008-12-30,0.05657694669825997,0.04084973904451217,0.04267582420016591,0.03738340537024154
2008-12-31,-0.005354665551539073,0.00784936182556284,-0.017698968532033343,-0.00675686029485667
2009-01-02,0.0,0.0,0.0,0.0
2009-01-05,0.06056544323168156,0.06853558188064857,0.04166652062194909,0.06802731099201842
2009-01-06,0.0,0.013119649725879423,-0.014053848098422028,0.02760072925365442
2009-01-07,0.022842647880828126,0.024460559784660996,-0.023026392463590728,0.06404961522493968
2009-01-08,0.0,-0.06882048310572286,-0.06734016944300003,-0.056310690004220065
2009-01-09,-0.017369628889899347,-0.04675695137931479,-0.013236814347504677,0.020576209978568016
2009-01-12,-0.008838428555085653,-0.004747065106215698,0.01585366415041589,0.012096537916289396
2009-01-13,0.001273800045461293,0.03179631192896526,0.05162038494537069,0.05179296436937908
2009-01-14,-0.005088910722661599,-0.013867155537431564,-0.0182648394922591,-0.06060596248583394
2009-01-15,-0.06010253104610064,-0.03906256253358786,-0.04651139510391045,-0.052419339238170326
2009-01-16,0.006802815872820611,0.011382117285931415,0.017073226476059356,0.023404193719368527
2009-01-19,-0.009459440389388951,-0.00482290631987381,-0.016786624631949354,0.0395008983461278
2009-01-20,-0.0313778646798486,-0.022617414330286967,-0.03414621067101287,-0.023999814660313423
2009-01-21,0.028169189216996182,-0.024793411213342997,0.015151467009244968,-0.016393432074149117
2009-02-02,-0.01917810831993061,0.008474752524828322,0.0398008155374161,0.04999996728992451
2009-02-03,0.057262322244227226,0.021848729568686664,0.02511914686377814,-0.007936676060862236
2009-02-04,0.023778014727933172,0.0032895023667547374,0.001167218838579842,-0.016000132305740156
2009-02-05,-0.003870774306531266,-0.00819689019901293,-0.011655338560771611,0.0
2009-02-06,0.02590676486980814,0.04958701934200738,0.0542458228606304,0.03861832594564052
2009-02-09,0.01010065172398944,0.014173163051504734,0.017896938600072243,0.06849305715158516
2009-02-10,0.001250358103241922,-0.007764135154649132,-0.014286158201567312,0.00732597057623674
2009-02-11,0.022471663847720924,0.009389847733433543,0.026756156796085895,0.029091017973112754
2009-02-12,0.0,-0.04341086015859008,-0.015200922958889973,-0.03710267008513768
2009-02-13,0.06349207424714409,0.02593176783477591,0.013230613610256237,0.06788991295557634
2009-02-16,-0.006888637079209503,0.04581361493820757,-0.002176152242310936,-0.0034361995026809256
2009-02-17,-0.052023204992794336,-0.034743238843941815,-0.0447111936573914,-0.04827609647170361
2009-02-18,-0.017072954953961772,0.007824888647679717,0.0182648394922591,0.02355075223387737
2009-02-19,-0.007444421737901719,0.021739041961163608,0.01793736754832298,0.019469162843659182
2009-02-20,-0.04874984053646092,-0.015197430259449973,-0.03303976918627427,-0.02430582708787954
2009-02-23,0.024967137425654373,0.01851831083795319,0.025057078185234172,0.037366634428932066
2009-02-24,-0.030768985991125097,-0.0015148941577702857,-0.022222254925189477,0.0017152725386788692
2009-02-25,0.030423108566103974,0.025796611955838822,0.015909220209127772,-0.003424611089081986
2009-02-26,0.020538944430082084,0.010354942772626385,0.006711314937273949,0.003436379351916985
2009-02-27,-0.013836253214564165,0.02049789536184221,-0.0011110833135888898,0.041095990257832504
2009-03-02,-0.005102149812518109,-0.025825016120231026,-0.004449497762102128,-0.04276320508725495
2009-03-03,0.006410410225766494,0.002945445954553927,-0.0033520197098936277,0.012027597505563037
2009-03-04,0.04713387920601919,0.05580034442076154,0.03139024472633989,0.02037347198960071
2009-03-05,0.03649629571212154,0.05006956234584803,0.01304308048164926,-0.008319557002428257
2009-03-06,-0.0046951131128266654,-0.001324672599159138,0.040772737730775166,0.0
2009-03-09,0.06367951607827327,-0.06896533744560773,-0.005154511429804831,-0.020134247439832498
2009-03-10,0.014412401970051114,-0.03133921772574355,-0.022797977170112005,0.003424730577963553
2009-03-11,0.04043693070076637,0.001470688844585455,0.032874043147396614,0.020477655570177333
2009-03-12,0.03886565376062512,0.005873591562600922,-0.009240422527713066,0.013377979498471637
2009-03-13,0.031344685956332,0.03649632624496091,0.02590677664208063,0.009901144013719554
2009-03-16,-0.020588196017858662,0.004225557483136244,0.010101025641677364,-0.0016339360653245816
2009-03-17,-0.010009947227880622,0.03366063089089644,0.0,0.016366558651917495
2009-03-18,0.008088947923616585,-0.005427536172730729,0.007999800269887336,-0.01288249615948922
2009-03-19,-0.026078009567239713,-0.009549960440440541,-0.023809393977876958,0.004893925856072734
2009-03-20,-0.05046363986728242,-0.008264044432633177,-0.030487853301450873,-0.02272724698144013
2009-03-23,0.06941416216864527,0.034722104444374846,0.054507579538681794,0.02325578699625175
2009-03-24,0.06997990770951468,0.00805384077591409,0.041749377476016925,0.04220784149267165
2009-03-25,0.06635057583114912,0.05592503490530887,-0.0038166986251986224,0.05763234626928737
2009-03-26,0.06666683407986174,-0.001260970109442372,-0.009578684657808756,-0.017673013940268656
2009-03-27,-0.025000176568576338,-0.012626373732991025,0.003868567712808302,-0.028485604348088556
2009-03-30,-0.04700847072268255,-0.037084500962401346,0.0019264788896296015,-0.032407579906807205
2009-03-31,-0.0044844124656839845,0.01859246514387425,-0.011538240140271605,0.017544093952837292
2009-04-02,0.018018179340808738,0.016949224939310836,0.01945528324821444,0.0
2009-04-03,0.008849590709108401,0.01282054904626162,0.003816635434824134,0.004702156641721134
2009-04-06,-0.052631597580116596,0.0037973507668744855,-0.003802124113206018,-0.053042206262110425
2009-04-07,0.027777601312997557,0.03657001107057689,-0.005725174318547133,0.0032947902652167294
2009-04-08,-0.04504485751753706,-0.0377128664613372,-0.03646837258516955,-0.03612470424501857
2009-04-09,0.06603769544023774,0.02528459753308776,0.04382472983906238,0.0698466423806452
2009-04-10,0.0,0.004932004891681663,0.011450222256345066,-0.015923627037886412
2009-04-13,-0.004424884643345783,0.052760837353976076,-0.00566029944152957,0.009708775137008407
2009-04-14,0.03999997488802065,0.06060603536050935,-0.003795286142144527,0.03685872310141192
2009-04-15,0.004273779565971525,-0.025274750594785123,-0.009523763873120483,-0.020092547333871447
2009-04-16,0.017021080375468234,0.009019312227495746,-0.013461142197964016,0.018927517708982933
2009-04-17,0.03765696240889471,0.00446917930161006,-0.017544193699485566,-0.03715151918429527
2009-04-20,-0.008064464945928496,0.023359227366574142,0.029762153084482268,0.027330782980811597
2009-04-21,0.012195166967428062,0.0,-0.005780457455159427,-0.004694581383536955
2009-04-22,0.052208539492077266,-0.004347734878688114,-0.017441875388389372,-0.015723219375907704
2009-04-23,-0.041984666681197824,-0.007642053017901107,0.011834547529121497,-0.006389688391079562
2009-04-24,-0.023904072739270643,0.0,-0.015594860359095297,0.01286155813083889
2009-04-27,-0.0530613300506203,-0.029702774355466977,0.0,0.009523845390339458
2009-04-28,-0.03448288459113069,-0.0034013224115695406,0.00990140038493581,0.03144632903248179
2009-04-29,0.03571442084330956,0.017064518916208193,0.011764409518835617,-0.018292435801276263
2009-04-30,0.06896542126390037,0.06935124995186004,0.06976730904333461,0.0698756545807433
2009-05-04,0.06854839956445336,0.06694576702804533,0.06884049386193714,0.06966624490552009
2009-05-05,0.05660375634380932,0.06862746815653953,-0.016949182981226163,0.06919947935618098
2009-05-06,0.0678571088818467,0.06422019852711336,-0.008620477046923702,0.027918619899132135
2009-05-07,-0.043478290212690784,-0.017241529821181212,-0.0173912172182068,-0.016049315710487733
2009-05-08,-0.020978959796830066,0.013158116118851648,-0.0035398518445241,0.0037644362123090414
2009-05-11,0.0,0.0,-0.0017762722678036358,0.001249699067370491
2009-05-12,-0.03571427541874139,-0.06926425680243375,-0.014234933943218175,-0.04993768015453337
2009-05-13,0.018518662458417712,-0.009302297231552847,0.018050751245501262,0.0013141114164014756
2009-05-14,-0.04727304400378318,-0.0281689274303093,-0.03368815748701981,0.0
2009-05-15,0.030534548104877768,0.03864722066126958,0.0055046937289604525,0.0052493640221766835
2009-05-18,-0.0074074350881572215,0.06976750629192541,0.021897627627097682,0.024804226900660087
2009-05-19,0.014925278733657565,0.0,0.017857529301841923,0.011465055914093192
2009-05-20,-0.011029528502475627,0.00869572874381741,-0.014035316413576693,0.015113054368484091
2009-05-21,0.0074352738615945935,-0.008620764910590606,0.007117496430469883,0.0
2009-05-22,-0.018450326282330898,0.013043489521149532,-0.007067195690370176,0.0334991091601915
2009-05-25,-0.02631573756816763,-0.021459313928608115,-0.008896929455808777,-0.037215147224284206
2009-05-26,-0.003860862475882243,0.008772007743695243,0.01615818411044323,-0.014962391072978587
2009-05-27,0.007751809446429503,0.0695653119776567,0.06713789104780932,0.012658451470901166
2009-06-01,0.01538459508594503,-0.09349587826273931,-0.02317910564930392,0.017499799378247083
2009-06-02,0.01893915912842381,0.22057393830196914,0.015254646310226994,0.0
2009-06-03,-0.0037172618514024203,-0.03418790400355198,-0.0016697388549657965,0.002456840060817811
2009-06-04,-0.029850708058861364,-0.04424774911015339,-0.03177278377111736,-0.017156928768904622
2009-06-05,0.007692103511564907,-0.009259364628864897,-0.008635594979592542,0.01496282611979316
2009-06-08,-0.0038166548453624216,0.004673094448846893,-0.013936939731850062,-0.024570029414528127
2009-06-09,-0.04980838586965719,-0.041860699533940005,-0.008833936111624308,-0.037783426895316774
2009-06-10,0.02822599346679966,0.014563125621414041,0.03743340316510624,0.018324493278096377
2009-06-11,-0.039215667654659225,-0.004784597082589492,0.001717828492740603,0.0
2009-06-12,-0.036734988708261196,-0.02884608945534617,-0.03945116032022655,-0.02313615663203239
2009-06-15,-0.06779644350646952,-0.04752486633019748,-0.0482141583775898,-0.03026313409460668
2009-06-16,-0.01818188489013306,0.021829676546754495,0.0056286885755110205,-0.04748985919571003
2009-06-17,-0.009259387282727238,-0.0030521561961303068,-0.02985104961481333,0.005698027221345381
2009-06-18,-0.03738285061975344,-0.0020406518840809795,0.013461715286198883,0.042492879766775626
2009-06-19,0.009708380271342465,0.009202234583047364,-0.007590006808330552,0.02989122808614364
2009-06-22,0.028846168771649028,0.05876407629582969,0.013384113132039577,0.005277065258688207
2009-06-23,-0.032710123948803904,-0.0382775607316872,-0.032075175943718004,-0.01574809206652983
2009-06-24,0.024154581366017336,0.014925596727311863,0.031188817083649845,0.030666646941760245
2009-06-25,0.023584802842382846,0.014705798184869723,0.015122935702407858,0.012936571135207853
2009-06-26,0.0046082195087771005,-0.014492671877085805,0.013035180348708097,-0.003831299138372102
2009-06-29,-0.009174162463114977,-0.023529618493302373,-0.018381959542049686,-0.024359023334487695
2009-06-30,0.018518587720393054,0.01907641259419801,0.024344329969142153,0.030223829000277647
2009-07-01,0.022727080940867506,0.024630571696259818,0.005484505845738896,0.017856581795240745
2009-07-02,0.004444551270006869,0.00480759950917542,0.0018181365015947915,0.016290836069138948
2009-07-03,-0.017699270707008274,-0.02392327943956174,-0.001814836880417947,0.00616529527215226
2009-07-06,-0.01351338453717077,-0.004902066609666633,-0.010909300635131625,0.017156928768904622
2009-07-07,0.018264817041769188,0.004926215244930976,0.018382446479762837,0.050602348862099245
2009-07-08,0.04484321975693306,0.014705798184869723,-0.018050631708456333,0.020642361150011945
2009-07-09,-0.004291861104995798,0.019323694443859063,0.016544621815564264,-0.02022487203720713
2009-07-10,0.02155154193068598,0.03791463903230019,0.014466241315426176,-0.024082541275919578
2009-07-13,-0.02953563756739519,-0.022831077989417192,-0.01960782693493368,0.010575874509407779
2009-07-14,0.03043454114415889,0.028037226627899203,0.014545212419148523,0.025581328548811122
2009-07-15,0.033755573884348244,0.027272951579421667,0.020225354640062143,0.011337990655133634
2009-07-16,0.01632642370669668,0.008849296039791676,0.009328294185479535,0.0033632019503770927
2009-07-17,-0.008032076764840856,0.0,-0.001848070509508526,0.029803325341597908
2009-07-20,0.012145710950592026,0.008772301799812254,0.014814477826086137,-0.005611523319200451
2009-07-21,0.023999925740306516,-0.03478255680839526,0.012774090544374062,0.02031607864939855
2009-07-22,-0.011718793415473994,0.022522545382105408,-0.00360380238337632,0.0
2009-07-23,0.003952504227077824,-0.017621433577015955,0.02169978022513286,-0.008849529786178478
2009-07-24,0.01968511443710641,-0.01345302395426018,0.012389294394226757,-0.016741300825274807
2009-07-27,0.061776214893140224,-0.009090642462196818,0.006992958969342933,0.021566472650879964
2009-07-28,0.018181663418538996,0.04587123550509142,0.00520840606320605,0.02888898966114173
2009-07-29,-0.010714325866908458,-0.021929676401769682,-0.024179561075702072,0.031317488700053575
2009-07-30,0.010830365936813413,0.008968805110638911,-0.008849827065685267,0.013612682311763491
2009-07-31,0.039285789443187724,0.00444435826054046,0.05178592504013868,-0.025826450600567208
2009-08-03,0.01030910820614439,0.008849296039791676,-0.010186581261716676,0.00742293298850738
2009-08-04,-0.06802712917367681,-0.02631537809427531,-0.012007097159211222,-0.046315649696913375
2009-08-05,-0.025547320270670304,-0.013513711768441738,-0.012152586650437947,0.04635772980024355
2009-08-06,0.03745301707966897,-0.004566122064308398,-0.00175767608046129,-0.0021099467934195815
2009-08-07,0.0,0.0,0.0,0.0
2009-08-10,-0.00361004912959606,-0.018348738504847972,0.01760584330060677,0.046511415635823505
2009-08-11,0.007246184491868091,0.014018613313949713,-0.012110857474124437,0.010101424450484009
2009-08-12,-0.017985464247341487,-0.023041410708940613,0.007005205748435772,-0.002000364548950251
2009-08-13,0.01831486560792772,0.037735703212148364,0.019130304092003447,0.0
2009-08-14,0.0,-0.01818156424971129,0.005119632411329178,-0.031062153304567408
2009-08-17,-0.014388327845491267,-0.03240753911941441,-0.018675593056309947,-0.0051704940358672236
2009-08-18,-0.047445286384672936,0.004784695091460955,-0.00346039909907514,-0.0166319670642453
2009-08-19,0.01915708338297617,0.00952382160045806,-0.0034723067918416284,-0.0021138376032476813
2009-08-20,-0.022556324812169737,0.009433974114013033,0.005226662889368239,0.010592720264102296
2009-08-21,-0.02307700904776211,-0.018691612043854944,-0.015598028526073615,-0.03354288087780011
2009-08-24,0.06692930964022437,0.04761891291796694,0.028169151688221428,0.0010848332742883215
2009-08-25,0.007379951803575757,-0.004545274676878819,0.005136843885449549,0.014084334104520702
2009-08-26,0.003663017471623453,-0.018264675324383806,0.005110591574369883,-0.02350423839242055
2009-08-27,-0.01824839101645548,0.01395340772178244,-0.003389385217389518,0.012034881819984689
2009-08-28,0.00371771194667625,0.018348738504847972,0.011904571285387133,0.024865211217408145
2009-08-31,0.0,0.0,-0.005042086727035433,0.008438435145447176
2009-09-01,0.037037025964737014,0.06756754387672714,0.03040551321962126,0.06903798639894343
2009-09-02,0.021428507596196633,0.03797455007052242,-0.022950762364400856,-0.01369875130041931
2009-09-03,0.013985926159965745,-0.0162601815568727,0.003355367327093628,0.025793471002556023
2009-09-04,0.05172426990010015,0.016528945206880197,0.0033445635541105023,0.02321102529899588
2009-09-07,0.04918011636887254,0.004065045389218147,0.03333341993262917,-0.020794045949724782
2009-09-08,0.009375100305167416,0.03643712340707994,0.011290245371206487,-0.01930496148091243
2009-09-09,-0.00928802414715102,-0.015624939988708286,-0.011164198827075977,-0.02559077180655489
2009-09-10,-0.028124733373494304,0.0,0.024193785205963048,0.010101424450484009
2009-09-11,0.032154394872156544,-0.015872953941487578,-0.017323104942341128,-0.016000015650510124
2009-09-14,-0.03426810058049645,-0.01209678818161053,-0.014423078844658876,0.020325137761552314
2009-09-15,0.0032259490293804483,0.0244898245838161,0.01626025491925387,0.007968236707802445
2009-09-16,0.022507797404583085,0.015936191578688863,0.003199878210091489,0.007904912541818687
2009-09-17,-0.003144349176006811,0.011764559400361252,-0.003189671649283521,0.003921622833347405
2009-09-18,-0.009463756736102669,0.0,0.003199878210091489,0.005859323918791626
2009-09-21,-0.025477800334140377,-0.01937963293407019,-0.006379442742733721,-0.02330109639389155
2009-09-22,0.026143889121126307,-0.02371544190103736,0.003210250704006379,-0.0039760644860875605
2009-09-23,-0.01910822172025406,0.01214559722826114,-0.003199977972467405,0.011976146673612797
2009-09-24,-0.016233824731168633,-0.007999846616894679,-0.024077180527961928,0.0
2009-09-25,0.0033001423270875296,0.0,0.004934279681310105,0.0039446279167996146
2009-09-28,-0.0032892872111360827,-0.004032262727203473,-0.006546395987054199,-0.001964531349337384
2009-09-29,0.03630363014324023,0.02834003094471438,0.04942335160221201,0.019684979247028833
2009-09-30,0.0031845965114163377,0.015747889255904646,0.012558879075138751,0.034749126010559905
2009-10-01,0.015872819622140266,0.0,0.007751689942455897,0.0
2009-10-02,-0.012499734358810244,-0.023255686552547283,-0.03538466216667968,-0.022388242381321533
2009-10-05,0.0,-0.007936598898440117,-0.011164198827075977,0.0076338231521881905
2009-10-06,0.012657955439327573,0.031999960015515194,0.006451568783546691,0.003787803049317473
2009-10-07,-0.006249961769739798,0.0,-0.004807859485320476,-0.03207553281716935
2009-10-08,-0.03144622040357781,-0.023255686552547283,-0.019323342634851914,-0.04385940285010148
2009-10-09,0.006493267824104754,0.0,0.0032839470022656414,0.027522760395886525
2009-10-12,-0.006451377303439143,0.007936517613309269,0.0016367520691560333,-0.003968174828303805
2009-10-13,0.0,0.00393701263652102,0.009803649884609023,0.0
2009-10-14,0.04870101557387119,0.015686293410706043,0.027508512795677786,0.011952086300346831
2009-10-15,0.015479811172018243,0.011583025324210405,0.004724179665721584,0.007874058095570957
2009-10-16,0.003049038580796859,-0.007633674921111777,-0.029780458261933762,0.029296685471990047
2009-10-19,0.006078743051340485,0.023076794598313244,-0.008077589014293562,-0.017077717127153003
2009-10-20,0.033232942983316915,0.0,0.009771919491439407,0.0038612527560726306
2009-10-21,-0.017544159843380536,-0.011277903093801611,-0.00645156878354658,-0.0076924124734460975
2009-10-22,-0.01785691335225137,0.0038022855148101,0.0032465284596066013,-0.04360479215863766
2009-10-23,0.0,0.026515102727284967,-0.004854235714898292,-0.03647405506836987
2009-10-26,0.0,0.014760013164086816,0.0,-0.017875953276590084
2009-10-27,-0.012121257334628321,0.0036363682409985554,-0.0032519090454979915,0.007494533392799374
2009-10-28,-0.030674776751379307,-0.021738935212167854,-0.013050785842287138,-0.0010626423469749513
2009-10-29,-0.006329073507318594,-0.04074085987863241,-0.003305969099422823,0.003191677095916834
2009-10-30,0.03184699335697316,0.003860929353170617,-0.0049748851641359115,-0.013785906857371133
2009-11-02,-0.015432095113110722,0.00384615869440319,-0.0033334147366714806,0.04623668861384589
2009-11-03,-0.018808659044006193,-0.015325768224959457,-0.01003327359545425,-0.003083359130256036
2009-11-04,0.01277959967818898,0.015564303127270973,0.006756921146749084,0.009278130551032326
2009-11-05,-0.022082226364877333,0.011494424271467407,0.001677735971832961,-0.019407485674583946
2009-11-06,0.022580862072680397,0.007575455443668666,0.005024986547954358,-0.0052081949894461355
2009-11-09,-0.009463756736102669,0.011278673163591435,0.0,0.015706810720699904
2009-11-10,-0.0063695786138863175,0.0,0.008333277043790943,0.037113217658818476
2009-11-11,0.04807691250469803,-0.011152883436479799,0.02809950062119615,0.023856990427510993
2009-11-12,0.0061163547725204825,-0.011277903093801611,0.0,-0.011650580944085664
2009-11-13,0.012157792778448195,0.011406545002980328,-0.006431224015623571,-0.001964531349337384
2009-11-16,0.012012180522907423,0.033834710372131704,0.009708874999369455,0.023622240683472295
2009-11-17,0.005934680609801957,-0.0036363682409985554,0.003205306271720554,-0.028846417046394346
2009-11-18,-0.014748961571292352,0.00729927934960628,0.004792099649218118,0.007920768536962886
2009-11-19,-0.005988226186084411,-0.010869653148238512,0.0,0.021611302701770585
2009-11-20,-0.03915671090362938,-0.010988725700838642,-0.019077772832393425,0.01730753887816827
2009-11-23,-0.01567385090772544,0.02222201822668124,0.004862203216528194,-0.0075614770508970475
2009-11-24,0.006369385818359552,0.0,0.006451568783546691,-0.01904762516635894
2009-11-25,0.015822843414387888,-0.007246385954251089,0.004807659640799544,-0.007766835648457926
2009-11-26,-0.003115590474833785,0.01094884426581788,-0.011164198827075977,0.011741381357698089
2009-11-27,-0.02499984707895908,-0.025270495964421658,-0.032258145618480505,-0.025144896835175734
2009-11-30,0.012820626420107839,0.007407263542783538,0.018333417334650326,0.005952396089888179
2009-12-01,0.006328881932008867,0.011029349746120687,-0.006546395987054199,0.00591710819449176
2009-12-02,0.009434253207710741,0.0036363682409985554,0.0016471266191995237,0.0
2009-12-03,-0.006230678039641613,0.003623118760263777,0.01151318252066158,-0.00784291498479095
2009-12-04,-0.009404297893056746,-0.003610039159659073,0.0,-0.005929201015032692
2009-12-07,0.034810000077907244,0.003623118760263777,0.01626025491925387,0.05169004534110977
2009-12-08,0.0,0.0072202262171903175,-0.0016000887486097293,0.0037807066449642157
2009-12-09,-0.01529033153859205,0.014337156766026649,0.0,-0.0056496683482955
2009-12-10,-0.01242265607501769,-0.017667791324141202,-0.017628085349598033,-0.018939526300393972
2009-12-11,0.00628926946344599,0.00719403097688498,0.021207234562210298,0.0038612527560726306
2009-12-14,-0.0031248232343121796,0.0,0.0015972337457361707,0.009615191269236378
2009-12-15,0.0,-0.007142646556302146,0.0,-0.003809255196840833
2009-12-16,-0.003134934652066379,-0.0035974207444509076,-0.014354168808859757,0.003823821107265424
2009-12-17,-0.015723015016550157,0.010830413274721451,0.006472852379294958,0.005714364646030923
2009-12-18,-0.0031950288605400168,-0.007142646556302146,-0.004823217524654422,0.0018939015246588475
2009-12-21,0.02564086477736538,-0.0035974207444509076,0.004846593700324586,-0.0018903214419976333
2009-12-22,0.025000036259628322,0.014440452434380413,0.011253739835556553,0.015151467724173306
2009-12-23,0.015243900938483712,0.028469788245780947,0.007949171141468536,0.007462789412620685
2009-12-24,-0.0030027724378794973,0.031141979121636743,0.003154749418306846,0.009259073607932988
2009-12-25,-0.006024118720700189,-0.010067125857804227,-0.0031448282731414423,0.0
2009-12-28,0.02121207803701486,0.016949172549582725,0.004732124127460269,0.0
2009-12-29,0.0029672504862034987,0.0,-0.00627958636207826,-0.005504539688732546
2009-12-30,0.008875475578516756,-0.003333337202505393,0.009478607629300084,0.023985384523760533
2009-12-31,0.008797927109145398,0.013377873493923165,0.009389899956598002,0.005405357771759212
2010-01-04,-0.011627834674062032,0.0,0.0062016032932405984,0.016128830442334152
2010-01-05,0.011764631868429243,0.0066008709085279005,-0.006163380452727352,0.001763811956348782
2010-01-06,0.0697677119723723,-0.006557585135576249,0.0062016032932405984,0.012323875915151605
2010-01-07,0.0,-0.009900934543678908,-0.010786228029993294,-0.024347752532297706
2010-01-08,-0.010869714225427152,0.003333337202505282,-0.0031149525589607707,-0.019607692237855967
2010-01-11,0.021978215704836268,-0.013289051918874195,0.007812542623079954,0.014545345941887833
2010-01-12,-0.013441125317240288,-0.003367145253132864,-0.013953583242553136,0.0
2010-01-13,-0.02724806127811641,-0.016891706495423486,-0.012578920944891547,-0.019713350802983975
2010-01-14,0.005602489161131263,0.027491369505937335,0.006369682238688945,0.04753203259347827
2010-01-15,0.0027856380734523345,0.020067050018415022,0.004746999976124933,0.01919700118965828
2010-01-18,-0.008333699549598839,-0.009836344123284602,-0.009449144861816361,0.003424936424978542
2010-01-19,-0.016806676139430765,-0.01324491452704779,-0.006359158482826532,-0.027303782947467714
2010-01-20,0.031339268836630074,-0.010067125857804227,0.008000244218296482,0.0105263419508983
2010-01-21,-0.005524770717276972,-0.010169503529749657,-0.006349359046683656,-0.045138804711409186
2010-01-22,-0.016666838564097453,-0.05479458589331798,-0.023961793085121363,-0.04909084152031207
2010-01-25,-0.0169493303162479,0.010869504714514866,-0.01145665219452241,0.0057358283995543324
2010-01-26,-0.05172393597836411,-0.021505404764280422,-0.004966750345668847,-0.01901128542180408
2010-01-27,-0.006060812115191272,-0.0256410602713818,-0.008319409725482285,0.011627935859990446
2010-01-28,0.006097769550760246,0.022556576257393157,0.006711153120476876,0.0019158642867647124
2010-01-29,-0.0272726455550365,-0.011029123821274744,0.02500003896968317,-0.005736215354178897
2010-02-01,-0.03426810058049645,-0.022305005391668242,-0.02764239280891645,-0.028846417046394346
2010-02-02,0.006451637681099909,0.01901134968868834,-0.013377941416284012,-0.01386131154408432
2010-02-03,0.06730756108772207,0.029850627627503012,0.0135593374381755,0.022088252226624583
2010-02-04,-0.009008802100922697,-0.010869653148238512,-0.011705607505869131,0.011787917025553929
2010-02-05,-0.048484784741343656,-0.029304068881579215,-0.03214878859805359,-0.007766835648457926
2010-02-08,0.01910796465955178,0.011321002360899834,0.0034963704785770933,-0.009784671484425522
2010-02-09,0.015625314315799388,-0.0037313475615082803,0.020905891173396363,0.011857535460685575
2010-02-10,0.0,0.007490875479816861,-0.0034127336013171083,0.011718647837583251
2010-02-22,0.021538416260489024,0.0,0.01027368777089932,0.021235620416435008
2010-02-23,-0.018072356162100567,0.0,0.0135593374381755,0.009451734731925843
2010-02-24,-0.021472411815518178,-0.014870358952381424,-0.02173908963476201,-0.011235857826264128
2010-02-25,-0.02821320996863419,-0.03396215680940973,-0.00512817069345417,-0.039772762480269286
2010-02-26,-0.003225883934965257,-0.007812429986826297,0.010309637301791685,-0.0039448940276671784
2010-03-01,0.03559864907295518,0.027559007810557645,0.013605345514633438,0.02574259793193079
2010-03-02,-0.015624809834014819,0.019156955214055138,0.005032894065781779,-0.0038608620662373694
2010-03-03,0.009523653336584115,0.0037596347281760867,0.0016698548521192347,0.017441773055292042
2010-03-04,-0.006289079092968386,0.0,-0.013333243270065576,-0.02095228488816403
2010-03-05,0.01898741209726551,0.003745322662090489,0.0202702368229557,-0.00972782549459239
2010-03-08,0.006211014694891492,0.02611928006599462,0.01324514933284937,0.037328282425999504
2010-03-09,0.009259232155190089,0.0036363682409985554,0.0016339756079370993,0.007575669980360855
2010-03-10,0.015290640090096952,0.0,0.0016313100870459785,0.011278224567567552
2010-03-11,0.00602430106346552,-0.0036231929771255444,0.0,0.014869780100867702
2010-03-12,0.0029937807998068333,0.0,-0.009772122590734567,-0.014651909429591825
2010-03-15,-0.026865711739598508,-0.02545442871350667,-0.016447462201971685,-0.014869905489541257
2010-03-16,0.012269984980063597,0.022387932504486452,-0.0016720211102571048,0.003773573378294204
2010-03-17,0.018181580255480556,0.01824812361542416,0.013400138196790978,0.028195498017500986
2010-03-18,-0.002975962043751834,0.0,-0.001652778429061752,-0.010968949571665498
2010-03-19,0.011940222627306873,0.0,-0.006622574666424685,-0.003696721799006042
2010-03-22,-0.011799335929454702,-0.017921097218064896,-0.016666761925892115,-0.01669769180365044
2010-03-23,-0.011940523810390125,0.00729927934960628,0.010169846540279082,-0.020754749041619225
2010-03-24,0.012084822926285765,-0.010869653148238512,0.016778510500626842,0.0019270039141230377
2010-03-25,-0.0029848448286683427,0.0,0.01485127834934441,0.028846027859308787
2010-03-26,0.017963772303975167,-0.0146515842461592,0.008130127459626824,0.04672873156333246
2010-03-29,-0.014705819510930529,0.022304472354764293,0.0032259855256049352,-0.003571177320629837
2010-03-30,0.0029848448286684537,0.007272661995255447,0.0,-0.014336812050903536
2010-03-31,0.002976382445235126,-0.007220152268254232,-0.011254241053214709,0.0018179612659692257
2010-04-01,0.0029672504862034987,0.018181841204992777,0.009755929905569394,0.027223362252600358
2010-04-02,-0.008875594982478363,-0.003571506169700145,0.004831086671196916,-0.010600971196513487
2010-04-06,0.017910032757876948,0.028673799600205108,0.016025632058258577,0.017857392387045756
2010-04-07,0.008797927109145398,0.00696872193729603,0.0015775714015542341,-0.00526334849940191
2010-04-08,-0.008721198639213279,-0.013840635472946339,-0.018897798767149365,-0.02998206682116822
2010-04-09,-0.005864771874185992,0.014034887231014759,0.006420401325374359,0.012726955390772732
2010-04-12,0.0,0.0,0.006379442742733721,-0.012567015544542204
2010-04-13,-0.02064886763947804,-0.024221484189193454,-0.0031694523097476335,-0.01090923943060107
2010-04-14,0.003011816236663023,0.007092353130034645,0.01430852788023751,0.01286757616585521
2010-04-15,-0.0030027724378794973,0.010563176093325577,0.009404422108234778,0.0054448438529752785
2010-04-16,0.00602430106346552,-0.01742155504012055,-0.021738884177564977,-0.014440691034418252
2010-04-19,-0.029940405926999647,-0.03191493534510936,-0.006349359046683656,-0.027472415122134053
2010-04-20,0.009259232155190089,0.014652034440789663,0.003194567094474854,-0.011299463738221549
2010-04-21,0.0,0.0036104089043393905,-0.006369285095380373,0.04761925565620517
2010-04-22,-0.00611604622101547,0.025179808406748494,-0.0128204257087986,0.018181452453174485
2010-04-23,-0.0030770585287477337,0.014034887231014759,0.0016233654497466166,0.005357217716113638
2010-04-26,0.03703686633906922,0.024221413310805406,0.029173623522739778,0.02841921849036333
2010-04-27,-0.008928546762157819,0.01013528686566234,0.0031495840322099955,-0.005181185968458291
2010-04-28,-0.015015013559197321,0.02341132999526474,-0.025118149682301083,-0.01215282718629851
2010-04-29,-0.018292385819780432,-0.0065360225284892826,-0.008051275625362453,-0.033391782082198174
2010-04-30,-0.006211516043079346,-0.023026210506505773,0.0032465284596066013,-0.02909112116892143
2010-05-03,-0.012499734358810244,-0.010101021944205812,-0.003236022620074608,0.007490677157442338
2010-05-04,-0.009493642190196216,0.01020409371877995,-0.009740192698479144,0.0037175860874747446
2010-05-05,-0.06070303400090171,-0.037037011492889294,-0.01967240327547659,-0.009259323456446866
2010-05-06,0.0034015108918632464,-0.01398617325699969,-0.0050164803976482375,-0.020560967204662495
2010-05-07,0.0033897746256472683,-0.010638311781703158,-0.0016805558524674025,0.009542182386153897
2010-05-10,0.013513564182783044,0.014337156766026649,0.0067336444678967045,0.007561349528959482
2010-05-11,0.00666648953755522,-0.010600862985335135,0.00501700173124453,-0.016885660920513135
2010-05-12,-0.013244950806014844,0.0,0.0,-0.003816525359768508
2010-05-13,0.026845671668958238,0.02857131779140465,0.018302805142285328,0.009578287577884925
2010-05-14,-0.006536038225598784,-0.003472226914463472,0.0,-0.003794927356003286
2010-05-17,-0.019736785333601126,-0.01742155504012055,-0.03267981780326357,-0.009523619842871645
2010-05-18,-0.01342286969231088,0.0,0.00506763819833278,-0.0076924124734460975
2010-05-19,-0.01700679945266137,-0.024822654852857617,-0.0033612164973431113,-0.0019380764664608252
2010-05-20,-0.031141778634260153,-0.02545442871350667,-0.006745525335359992,-0.02330109639389155
2010-05-21,0.0,-0.022388085369049793,-0.0016975694671234054,-0.01988052360076653
2010-05-24,0.021428507596196633,0.01145016055978143,0.003400912218990193,0.012170142258660865
2010-05-25,-0.03496495651367726,-0.0490564401360839,-0.010169212457237675,-0.015029932449627914
2010-05-26,0.01449273455015776,0.023809390269665887,0.008561584419475077,0.02746690694828846
2010-05-27,0.00714288391127238,-0.0038759742236876837,-0.003395668233781457,0.011881419970248608
2010-05-28,0.017730562429068453,-0.011673008160226206,0.0,0.005870789689266465
2010-05-31,0.0522645775854067,-0.019684901892425777,0.025554126298414026,0.01750990214952397
2010-06-01,-0.019867426209022265,0.0,-0.0066450915416823575,-0.013384502493084205
2010-06-02,-0.027026923845969164,-0.04016085004851133,0.0,0.0
2010-06-03,0.034722068464321465,0.04602507806576872,0.016722504970394514,0.03682168794439167
2010-06-04,-0.016778383968397925,-0.003999759437608441,0.0032896565232685138,-0.01495347654585688
2010-06-07,-0.030716766799668505,-0.0562249597274348,-0.029508298266587962,-0.013282405753405002
2010-06-08,-0.014084559081621761,-0.05106397481549718,-0.011824454021623576,-0.009615580456321826
2010-06-09,-0.014285695753734506,0.017937518365428895,0.0017093902311513531,0.0019418399006740916
2010-06-10,0.010869751974150077,0.035242145256292545,0.01365221122771687,-0.0019380764664608252
2010-06-11,0.025089333017505044,0.00851073510701994,0.01851817834180558,0.011650515449805887
2010-06-14,0.017482654649042306,0.016877568205816207,0.00991749505696915,-0.00767771379664961
2010-06-15,0.01030910820614439,0.004149297182935108,0.0049100521109448625,-0.001934002018032288
2010-06-17,0.020408310344524727,0.016528945206880197,0.011400369640717445,-0.029069905017322983
2010-06-18,-0.00333341292932654,0.0,0.009661972532406748,-0.00997977438495401
2010-06-21,0.006689190958500291,0.02845531772452725,0.009569512168684291,0.022177244959744824
2010-06-22,-0.006644743003678566,-0.02371544190103736,-0.011058375567516654,0.0
2010-06-23,-0.010033415247211575,-0.008097175392939526,-0.00798756317071414,-0.001972214166824471
2010-06-24,-0.013513291489987256,0.0,-0.001610094477082713,-0.013834380193583629
2010-06-25,-0.017123417128641627,-0.016326466114985005,-0.009677353175319925,-0.03406786941725937
2010-06-28,0.003484333296771558,0.0,0.0048859597457195925,-0.03526977342419324
2010-06-29,-0.010416844753349142,0.004149297182935108,-0.01134514083856586,-0.006451774355819895
2010-06-30,0.007017712299710155,-0.057851477512115945,-0.00655733147110249,-0.02056276526892209
2010-07-01,-0.013937262876058565,-0.004385522009545451,-0.006600408103798916,-0.023204296094683663
2010-07-02,-0.0035336530594011206,-0.013216052623457597,0.0016603925076328352,-0.03733045080464448
2010-07-05,0.014184306827890847,0.0357143281712502,0.018242520895251912,0.03407787271201812
2010-07-06,0.017482654649042306,0.004310173190081645,0.02568017953977697,0.029545397748798052
2010-07-07,0.01030910820614439,0.0,-0.00667753566905005,-0.011037529894954434
2010-07-08,1.372739373284304e-07,0.030042958072625803,0.0151257301274077,0.013392965371045396
2010-07-09,0.010563365297565186,0.004166842699788953,0.0,0.0385461852217186
2010-07-12,0.0,0.004149297182935108,-0.00993353489270854,-0.007423290671952021
2010-07-13,0.0034843383064897537,-0.008264557247457782,-0.003344895875140863,-0.011752227303757468
2010-07-14,0.03125002326626092,0.0291667893564187,0.013422994429184154,0.027027111782088165
2010-07-15,-0.006733975133103032,-0.004048587696469763,-0.0016558346176263061,-0.02526308165286184
2010-07-16,0.0033898475318592247,-0.020325143678400215,-0.006633241959265623,0.01295877746035412
2010-07-19,-0.006756922282618039,-0.012448231529728848,0.020033399064164792,-0.010660769963116157
2010-07-20,0.003401510739393432,0.004201599668402611,0.006546486303589116,0.008620590015631091
2010-07-21,0.0033898475318592247,-0.0041840200909757375,0.004878365357540382,-0.012820618156071606
2010-07-22,-0.010135317569552105,0.0,0.003235975145914338,-0.019480280072146194
2010-07-23,0.0,0.05042005668691063,0.012903201738754033,0.037527437834875554
2010-07-26,0.010239094039264485,0.031999960015515194,-0.0031848255551346627,0.021276531614245586
2010-07-27,-0.003378395286934066,0.007752027842164777,-0.0015970742221723677,0.006249876149281963
2010-07-28,-0.010169476517966292,0.007692396172859883,0.008000042510011296,-0.014582623214332235
2010-07-29,-0.010274157554795216,0.0,0.0,-0.0339364506873131
2010-07-30,-0.01730092556869356,-0.015267349842223554,-0.009524047999981966,0.015222320690881697
2010-08-02,0.021126730595130372,0.03488392680276786,-0.0016023828554538877,-0.006920576239239251
2010-08-03,-0.006896519738171403,0.018726536591907594,-0.004815625365898191,0.017421719913261358
2010-08-04,-0.006944547380022703,-0.014705824764254971,0.0,0.0011413645828848296
2010-08-05,0.0069931113732883965,0.0,-0.0016126252130446161,-0.0011400633549493167
2010-08-06,-0.003472239848177461,0.0074627715552983975,-0.01615536559775721,0.014840099541866492
2010-08-09,0.006968540773978127,0.007407263542783538,-0.003283895715812224,0.04161985515237898
2010-08-10,-0.006920316267896354,-0.014705824764254971,0.004942170527745482,-0.021598302676885783
2010-08-11,-0.0069686766129795075,-0.022388085369049793,0.0,0.004415114222376504
2010-08-12,-0.010526301390288206,-0.007633674921111777,-0.013114340666803281,0.008791206824291242
2010-08-13,0.0,0.00384615869440319,-0.0016612365912997973,0.0021784952093646393
2010-08-16,-0.007092165735523737,0.011494424271467407,0.0033273110375173776,0.0
2010-08-17,-0.007143102295866344,-0.0037878829025180805,-0.008291429511096293,-0.008695447300269832
2010-08-18,-0.003597001234503683,-0.0038023634001727036,-0.003344895875140863,0.0021928272985189956
2010-08-19,0.007220324577174697,0.030534465136522915,0.008389707349327535,0.0021880978689212682
2010-08-20,-0.007168565209608735,-0.003703555905281486,-0.0033280017809338425,-0.010916944705375853
2010-08-23,-0.007219902348317264,0.0037173232196434647,0.0033391143594689865,-0.011037439825641315
2010-08-24,-0.018182048874565426,-0.014815134014449116,-0.008319905774703762,-0.002232194827273437
2010-08-25,-0.029629637116613483,0.021679620780672204,-0.015100458272614192,-0.03579417780163108
2010-08-26,0.011450440461362676,-0.004184403171571982,0.0017033847447045503,0.016241314817055708
2010-08-27,-0.01509441623409602,0.008403442122555393,0.0,-0.0034248088893706896
2010-08-30,0.0,0.008333487829539576,0.01020434098519396,-0.0022907892232801874
2010-08-31,-0.0038312879980808567,-0.06611580152567764,-0.008417753480590151,0.0022960489875569756
2010-09-01,-0.003846248138709596,-0.03982278876932077,0.003395504196578525,0.0022908609831155946
2010-09-02,0.01930496758045197,0.01843310129974829,0.006768729958752218,0.01714297456000069
2010-09-03,0.01136384277087421,0.009049776706312906,0.005041943266700821,0.06741569158350713
2010-09-06,-0.0037454099527213236,-0.02690575750946833,0.011705449627571918,0.0042105592181314044
2010-09-07,-0.011278252516104148,-0.009216841200318626,-0.00495831280521386,-0.010482097693478853
2010-09-08,0.007604601628183216,0.004651165128930046,-0.014950341212065288,-0.010593335067610288
2010-09-09,0.0,-0.009259097095004387,0.0033727991672860558,-0.011776974748026192
2010-09-10,0.011320812175571904,0.00934562918302384,-0.0033614616322918955,0.02925209664935191
2010-09-13,0.022388026590927534,0.06481484724766573,0.026981193231839562,0.010526562904110026
2010-09-14,0.018248125071542054,0.004347984774769387,0.0016420452393104412,0.010416517120326096
2010-09-15,-0.007168565209608735,0.0,0.003278998359188323,-0.01443300420544169
2010-09-16,-0.010830170194119026,-0.004329161645845625,-0.011438162157238363,-0.006276231922748954
2010-09-17,0.007299235800225734,0.0,0.011570507498244842,0.007368725919902008
2010-09-20,-0.0036229949507747827,0.0,0.013071576211615143,-0.010449366555389306
2010-09-21,0.007272408426997279,0.00869573458260553,-0.0032255373870976323,-0.003168038336637591
2010-09-23,0.0,0.017241308356949148,-0.029126271356490707,-0.014830589459489563
2010-09-24,-0.010830170194119026,-0.004237213745148627,0.0016667744045604227,-0.040859960383266225
2010-09-27,0.0036497957550021276,-0.0042551674681676754,0.009983215921754107,0.013452805199588136
2010-09-28,0.0,0.004273351293572203,0.004942170527745482,0.005531032938107083
2010-09-29,0.0,0.0,0.008196669512995802,-0.012101353339724286
2010-09-30,0.007272408426997279,0.0,0.008130126772504465,-0.02227167732200752
2010-10-01,0.0,-0.025532077991217483,0.0,0.022779003947646315
2010-10-04,-0.003609986359896733,0.01746749451965246,-0.0016126252130446161,-0.046770578185864164
2010-10-05,-0.007246343033733171,-0.0042919241346955905,-0.01292423499330253,-0.029205557461210674
2010-10-06,0.014598258174584267,0.017241308356949148,0.011456787813126423,-0.007220234024357786
2010-10-07,0.0,0.0,-0.008090561625601289,0.004848370071670383
2010-10-08,0.0035973518262535364,0.004237442738343367,0.008156552718018961,-0.010856405610300324
2010-10-11,-0.0035844572723386925,-0.012658155687676031,-0.004854682442889224,0.0
2010-10-12,-0.021582638472171678,-0.03418827303412175,-0.008130030341158667,-0.021951350693089955
2010-10-13,-0.007352836313608946,0.01327426292310685,0.0,0.00997521876421903
2010-10-14,0.01481489075422271,0.008733865256330464,0.013115021219135548,-0.0024691934741395416
2010-10-15,-0.0036497246130464678,0.004328927696122475,0.0016181315177608013,-0.03465350142605694
2010-10-18,-0.021977849356459522,-0.02586215665320446,-0.02261733938215038,-0.035897153350518796
2010-10-19,0.0,-0.008849561754436186,0.003305901296031033,0.011967862439350885
2010-10-20,0.014981274775413667,0.017857071053365203,0.004942170527745482,0.03153761179509407
2010-10-21,-0.018450276072609073,-0.008771855666657613,0.0,-0.014012904663312287
2010-10-22,0.007518835010736025,0.008849482045888868,0.013115021219135548,0.0
2010-10-25,0.03358189441702386,0.03947394307012497,0.003235975145914338,0.020671832533891044
2010-10-26,0.0,-0.004219562583514858,0.004838927829497797,-0.005063330286924184
2010-10-27,-0.003609986359896733,-0.016949083973789136,-0.004815625365898191,-0.025445091843032785
2010-10-28,0.04710133565892072,0.004310424148127767,0.011290385218370558,0.02088747755650555
2010-10-29,0.00692065351527793,-0.0042919241346955905,0.0015948104955385567,-0.01534506795885815
2010-11-01,-0.010309396439043494,0.008620848296255312,0.01114674779024094,0.022077947647850316
2010-11-02,0.0034721044808414536,-0.00427358224392127,-0.0031496230660297275,-0.01524797157655955
2010-11-03,-0.0034600906844718393,-0.0128756950902299,0.009478536226193546,0.014193557774268672
2010-11-04,0.03125002326626092,0.01739154748752214,0.0,0.02290074206416004
2010-11-05,0.03703696168103576,0.0,0.0046948613885471335,-0.01492541151201221
2010-11-08,-0.01623378616557436,-0.00854716448784254,-0.014018583241457883,-0.02777756025577105
2010-11-09,0.0033002826856169953,-0.008620770649143017,0.011058510872022476,-0.006493657588536372
2010-11-10,0.0,0.013043641035063835,0.003124831176922971,-0.003921414801518863
2010-11-11,-0.009868215822039561,-0.008583693641677437,-0.007788204440597468,0.002624650769353476
2010-11-12,-0.029900351804653447,-0.01731617868393609,-0.0109887920484385,-0.01047128403974995
2010-11-15,0.017123239890046715,-0.013215865323494946,0.014285507187985713,0.005291128931616651
2010-11-16,0.006733909500456825,0.008928575736798061,0.009389629967593738,0.0131578708757083
2010-11-17,-0.0033444336367879357,-0.004424701168670775,-0.010852681104052686,-0.005194763353104648
2010-11-18,-0.013422887277417916,0.008888812384434397,-0.007836847666416569,-0.006527566753090186
2010-11-19,0.0,0.004405209083756745,0.0063189616913299496,0.005256200031627856
2010-11-22,0.02380971324488068,0.008772013685368396,0.0015698673358759407,0.03529404346378051
2010-11-23,-0.016611313753746026,-0.01739131252058901,-0.006269440951145011,0.007575935548308488
2010-11-24,-0.010135317569552105,-0.008849561754436186,-0.0031545909522432414,0.0025060885870875627
2010-11-25,0.023891042015179886,0.0,0.01898725565551218,-0.007499862961135806
2010-11-26,-0.0066668295406226985,-0.00892841489633589,0.0,0.0025191083139253223
2010-11-29,0.013422691040201107,-0.009009093077868124,-0.0015528034677743108,-0.00753794155224663
2010-11-30,0.0,-0.013636205454433004,-0.013996781282630044,-0.011392433671213786
2010-12-01,0.016556442496818313,0.01843310129974829,0.018927358630613345,0.002560879442224717
2010-12-02,0.04885992906236569,-0.013574583547573793,0.024767752402896193,0.0089399432918702
2010-12-03,0.018633514052259548,0.03210993443601273,0.031722048561699356,0.06962037512464825
2010-12-06,0.0,0.004444366160816449,0.002928360535754848,0.0023668448664229125
2010-12-07,-0.009146209921147674,0.004424780877217982,-0.007299309253837594,-0.009445246445616062
2010-12-08,-0.00923087516138621,-0.004405288441164945,0.0,0.010726934183193038
2010-12-09,0.037267149178410675,0.004424780877217982,0.029411749315242153,0.004717166169054154
2010-12-10,-0.023952099303111485,0.0,-0.004285822245507553,-0.0187792671232202
2010-12-13,-0.006135179521792655,-0.008810497524921801,-0.004304014320394289,0.02392340302637197
2010-12-14,-0.009259127234305886,0.022222151055287798,-0.005763548881766778,0.007009363064675922
2010-12-15,0.012461183478743587,0.0,0.014492571758716322,-0.009280522915147249
2010-12-16,0.009230635248839159,0.00869573458260553,0.017142865372975935,-0.012880859695217572
2010-12-17,0.01829277641968008,-0.008620770649143017,0.02387636717590058,0.024911020656643634
2010-12-20,-0.014970076654935105,-0.0043479064524583055,-0.023319580313937216,-0.0046293755182914564
2010-12-21,0.0,0.008733865256330464,0.0014047518678452775,0.009302103998423128
2010-12-22,-0.00607899872164519,0.004328927696122475,-0.0014027813081823881,-0.012672890882793664
2010-12-23,-0.003058119288529615,0.017241308356949148,-0.002808920678288973,0.007001258043694447
2010-12-24,-0.003067440275502764,-0.00847435115923223,-0.002816999995656544,-0.018539902046691203
2010-12-27,0.0,0.0,-0.0014124370687751409,-0.024793448333348844
2010-12-28,-0.003077178306963524,0.0,0.0028290375039980997,0.0024212123809170816
2010-12-29,-0.009259127234305886,-0.012820592764864469,-0.004231417650800817,-0.009661759723460284
2010-12-30,0.006230561376604271,0.012987095021331552,0.0,-0.006097474329137986
2010-12-31,0.009287972780433584,0.004273351293572203,0.0056657528391765855,0.02453975704909528
2011-01-03,-0.006135179521792655,0.0,0.0014084582335585072,-0.005988014068490699
2011-01-04,0.0,0.0,0.0014063938580100022,0.007229009327510472
2011-01-05,-0.04012318549834171,-0.025532077991217483,-0.019662861217595418,0.00478480050254948
2011-01-06,0.022507711288554333,0.0,0.017191984137456373,-0.02142877012820643
2011-01-07,0.0,-0.004366814631660887,0.021126539389219268,-0.05109494280245086
2011-01-10,0.01886796269524771,-0.004385888328651055,0.023448324490984884,-0.012820331595084888
2011-01-11,0.027777802845806887,0.022026521563232926,0.004043228908363394,0.033766368589491114
2011-01-12,0.0,0.0,0.005369236184778359,0.04271329693236092
2011-01-13,-0.003002843036387204,0.008620848296255312,-0.0040053617023095844,-0.009638553307499853
2011-01-14,0.006024126803401142,0.0,0.002680740934185133,-0.013382003385493113
2011-01-17,0.032934005227364116,-0.017094251992235465,0.013369058154530933,-0.019728728248552208
2011-01-18,0.031884052402785024,0.0,0.01319268438971033,0.006289218968080101
2011-01-19,0.014044961354235053,0.01739154748752214,0.015625007239412403,0.003750244712257489
2011-01-20,-0.022160454516050754,0.004273351293572203,-0.02051308331196189,-0.008717200690810278
2011-01-21,-0.008498901440176954,-0.017021206463776473,-0.023559877182176225,-0.006281788479909234
2011-01-24,-0.0057142042419222605,0.004328927696122475,0.009383110004503648,-0.00379275672089896
2011-01-25,0.0,0.004310424148127767,-0.003983770988692958,0.0050762619879705095
2011-01-26,0.0,0.03433454262513935,-0.005333361588995111,0.012626242851534686
2011-01-27,0.034482824292362935,0.029046032088327456,0.008042699788575858,0.0124688867581495
2011-01-28,0.005555475538418175,0.008064299387795737,0.014627898052342214,-0.024630579497119665
2011-02-08,-0.027624129106310957,-0.00400000144113033,-0.010484983333123421,-0.0694443356834411
2011-02-09,-0.03409096824419189,-0.036144736079617545,-0.022516519461316498,-0.06241504069546433
2011-02-10,-0.0205883964983421,-0.008333412770653914,-0.024390373261524156,0.02315456950509498
2011-02-11,-0.02702705075833811,-0.02520987222983495,-0.008333378635968947,-0.02404511741359061
2011-02-14,0.012345803795424048,0.008620848296255312,0.015406080800358657,0.008695582698464266
2011-02-15,-0.012195243709350878,-0.017094251992235465,0.0,0.010057526614790202
2011-02-16,0.006173052305886717,0.0,-0.005516944867034246,-0.009957380000422345
2011-02-17,-0.009202500208980613,0.0,0.005547550396720169,-0.025862134144519322
2011-02-18,0.015479833935007958,0.013043641035063835,0.006896590085695653,0.01179940975693583
2011-02-21,-0.006097473280765153,-0.02145946604576421,0.005479563565179646,-0.011661807313932404
2011-02-22,-0.024540120145596367,-0.021929599661966392,-0.012261727555966107,-0.022123766246006094
2011-02-23,-0.03144640016398559,-0.013452999926004794,-0.02068944305556486,0.007541465160609828
2011-02-24,0.006493539781680768,-0.009090749048014657,-0.007042458224871484,0.0
2011-02-25,-0.006451645763259739,0.0,0.0,0.0
2011-03-01,0.025974159126723295,0.04587124047017532,0.01276602832319007,-0.017964210002124115
2011-03-02,-0.02215213279102779,-0.01754379034267073,-0.014005180655982774,0.053353956966167626
2011-03-03,0.016181503749134407,0.013392863605197203,0.005681425698108589,-0.014471934584549317
2011-03-04,0.012738544293008136,0.03524238688672798,0.014124370687750964,-0.014684354948402367
2011-03-07,-0.01886765620310671,-0.0042551674681676754,-0.012534721043481856,-0.010432061777688184
2011-03-08,-0.006410350927087083,-0.00854716448784254,0.008462417069876826,0.027108405033028582
2011-03-09,-0.02258069729109735,0.004310424148127767,-0.0013986090550107688,0.005864963911305976
2011-03-10,-0.02970299450152314,-0.025751235552746166,-0.012605111117645174,0.014577327633308101
2011-03-11,0.0102042007063059,-0.004405288441164945,-0.007092069715412097,-0.008620621372408377
2011-03-14,-0.01683497064908057,-0.004424701168670775,0.004285822245507553,-0.026086929678952098
2011-03-15,-0.0205481148401212,-0.031110963439722084,-0.032717016974043056,-0.05208342849919356
2011-03-16,-0.013985950118627244,-0.032110347604075606,0.007352980935624309,0.03139741741723423
2011-03-17,0.024822614636207163,-0.04265387953548472,-0.016058480358442706,0.04718402417823664
2011-03-18,0.010380811649226107,-0.004950318457705105,0.013353100583320954,0.007267429155017657
2011-03-21,0.01369863196593113,0.03482560802157386,0.01024913162930674,-0.015873024482419784
2011-03-22,-0.006756922282618039,0.004807694389576955,-0.005797217792711584,0.020527787045106827
2011-03-23,0.0102042007063059,-0.014353986979662059,0.0014576473100393894,0.0
2011-03-24,0.010101126781270064,0.01456302444290003,0.010189283943698557,-0.015804517520630945
2011-03-25,0.0066663747064370504,0.014354159363689112,0.02593656814785983,0.0014597051507170278
2011-03-28,-0.003311017406061767,-0.00943405044296064,-0.002808920678288973,-0.007288526834868692
2011-03-29,0.0066443571243357535,0.00952389939022158,-0.002816999995656544,0.001468463092342498
2011-03-30,0.0,-0.014151033178287142,-0.007062017814867261,-0.01612913300421659
2011-03-31,0.009900976722842403,-0.014353986979662059,0.00426736363986846,0.007451552723472421
2011-04-01,-0.009803908453451915,0.029126223780259863,0.0014163542080025682,0.014792875554816343
2011-04-06,0.013201388074451037,0.033018709202670804,0.03111739935237301,0.01895051679118165
2011-04-07,0.00977197311351774,0.0,-0.0013715868861650105,0.004291856263683114
2011-04-08,0.006451708643571585,-0.018264849197038524,0.0013734707205939056,-0.002849069461038134
2011-04-11,-0.009615620106471212,0.01395374674677341,-0.024691248551637623,0.011428570917172864
2011-04-12,-0.006472336547622026,-0.032110347604075606,-0.014064939512802632,-0.02259869208963483
2011-04-13,-0.0032574090308747916,0.009478848591303324,0.008559333533894042,0.00433527045060722
2011-04-14,-0.009803908453451915,0.018779433649310784,-0.012729746055171964,-0.02446063994616199
2011-04-15,-0.016501606427072102,-0.03225823857860732,-0.008595779657326053,-0.008849395619930811
2011-04-18,-0.010067034633252314,0.0,-0.0028902739731192506,-0.04761903874060003
2011-04-19,0.010169410440355131,-0.014285806194544892,-0.013043460697245934,-0.034375017741635205
2011-04-20,0.013422691040201107,0.043478283571685594,0.024963158460334478,-0.0032362200382284323
2011-04-21,0.013245102360635252,0.013888895838785498,0.012893881897391157,0.021103879099101164
2011-04-22,-0.0065359814371552805,0.0,0.0028290375039980997,-0.011128836004367537
2011-04-25,-0.009868215822039561,-0.018264849197038524,-0.008462668008911711,-0.017684897823029955
2011-04-26,0.013288908530012966,0.009302581617843364,0.0,0.024549774355298926
2011-04-27,0.0032786413770293787,0.004608296078540297,0.028449568973916817,0.023962024709677676
2011-04-28,-0.013071962874310672,0.0,0.009681603771650282,-0.018720889253234452
2011-04-29,-0.01655611976669713,-0.0045871571004625356,0.00273965992243852,0.006359349087738941
2011-05-03,0.006733909500456825,-0.023041563407114052,0.019125952013766545,0.06635057159574131
2011-05-04,0.0,0.0,-0.01072383821111167,0.019259338456596664
2011-05-05,0.003344694411340665,0.018867760996691185,0.013549885929786676,0.0101744736615903
2011-05-06,0.0,-0.00462963194626187,0.0026740494862877995,0.0
2011-05-09,0.01333307429443531,0.01395374674677341,0.006666622912563591,0.035971158173673023
2011-05-10,-0.006578981538365447,0.0,-0.014569614245579676,-0.02083347109724698
2011-05-11,-0.003311017406061767,0.01376138866777521,0.008064639553106101,-0.007092187237723979
2011-05-12,-0.009966891868963157,-0.013574583547573793,0.009333224633380821,0.0071428456363873405
2011-05-13,0.0033556564069487926,-0.0045871571004625356,0.0026420222077463418,0.0
2011-05-16,0.0,-0.023041563407114052,-0.013175145327202098,-0.019857911001505246
2011-05-17,-0.006688867273575982,-0.018868015913613756,0.009345289717283434,-0.031838020369029385
2011-05-18,-0.01683497064908057,0.019230864164705874,-0.003968041665574962,0.016442366596566504
2011-05-19,0.010273957285325874,-0.018868015913613756,-0.0013279499157873298,-0.029411808059745415
2011-05-20,-0.010169476517966292,-0.009615302172755302,0.003989541451941303,-0.03636353971915274
2011-05-23,-0.006849416117700291,-0.029126398674719778,-0.005298041543847165,-0.025157327487918657
2011-05-24,-0.003448360694415009,0.030000196354047715,-0.003994853155900868,0.012903326197040155
2011-05-25,0.00692065351527793,-0.019417482520173168,-0.004010558876104797,-0.012738951352332717
2011-05-26,0.0,0.004950496815423033,-0.0040269470396800955,-0.008064503091293473
2011-05-27,-0.013745839590094566,-0.0049261101229468585,-0.002695432654746255,0.006504115558548129
2011-05-30,0.024390164386925983,-0.009901171988563662,0.014865027207095816,0.024232491362599085
2011-05-31,0.006802888874037238,0.00500036298477613,0.021304804263408972,0.009463944956594084
2011-06-01,0.0168919105802956,0.01492501731955187,0.0039116736512090355,0.031249847054868995
2011-06-02,0.0,-0.019607853526028007,-0.007792710121396262,-0.028787604530393085
2011-06-03,-0.0033222109423914903,0.00500036298477613,0.010471341149365765,-0.0031204902714472293
2011-06-07,-0.010000114358309498,-0.004975483759951493,0.0038862623173674393,-0.018779098318185916
2011-06-08,0.010101126781270064,0.00500036298477613,0.0,0.007974367561873086
2011-06-09,-0.0033335447229357884,0.01492501731955187,-0.007742052884833539,-0.011076010221660937
2011-06-10,-0.0033444336367879357,-0.019607853526028007,-0.020806431312933804,-0.02079998668890659
2011-06-13,-0.016778609096772423,0.0,-0.007968014529399214,-0.013071792392503445
2011-06-14,0.006826107045285745,0.00500036298477613,0.020080272502559282,0.006622567385512479
2011-06-15,0.0033898475318592247,-0.0099505194073084,0.010499056991667644,0.0
2011-06-16,-0.02702709644109791,-0.011055245176399553,-0.019480697026180493,-0.021381767735040635
2011-06-17,-0.006944547380022703,0.0030489465349206046,-0.01721871356752025,0.013445483262267466
2011-06-20,-0.006992906902326235,-0.0030396787170290374,0.00943417414409975,-0.02155875290791176
2011-06-21,0.0070421520157646356,0.021341710392276836,0.0133510473158589,0.05762707833158198
2011-06-22,0.0,-0.014925465432146345,-0.011857615167270907,0.02884612295546085
2011-06-23,-0.006992906902326235,-0.00909103894481611,-0.010666881325350763,-0.0093458171915769
2011-06-24,-0.010563365297565186,-0.005096842018280423,-0.017520152403362133,-0.022012599989105874
2011-06-27,-0.0071174737650591124,-0.01639332007990446,-0.01234566495158651,0.0
2011-06-28,0.0035842476712975024,-0.010416669598653616,0.006944317459784077,-0.006430816998789557
2011-06-29,0.017857094373535443,0.027368296101448752,0.02733106135502994,0.02588976030582768
2011-06-30,0.0,0.009221352133982341,0.011204235113923433,-0.015772648726757654
2011-07-01,0.0,-0.009137095756529434,0.0083105014561351,0.004807703891702264
2011-07-04,0.007017579857612866,-0.011270551751034419,0.009615660944224835,0.0015948335466171581
2011-07-05,-0.0069686766129795075,-0.004144930314712525,-0.004081870383366493,-0.015923539557465505
2011-07-06,0.0035087215326752297,0.02497393715468421,-0.005464515675561943,0.0
2011-07-07,0.003496589765137781,-0.008121629208859615,-0.016483387758901458,-0.014563243595680175
2011-07-08,-0.0069686766129795075,0.0,0.012569534091217749,0.014059627584508627
2011-07-11,-0.014035022922963436,-0.01432971179334308,-0.01655136234231991,-0.04679376452386086
2011-07-12,-0.010676418756799921,-0.011422697128439463,-0.014025451994488014,-0.04727270753643831
2011-07-13,0.0,-0.036764529876159524,0.027026775674122705,-0.0572520981191349
2011-07-14,-0.010790933585161033,-0.01526711933788949,-0.02077542685013012,0.04453464848662514
2011-07-15,0.010908648082118999,0.02104061796229728,-0.011315168625475658,0.019379757468030112
2011-07-18,-0.003597001234503683,-0.04012989712797688,-0.002861451405386406,-0.04562753043645462
2011-07-19,0.0,0.006779418137599746,-0.01721659021056887,0.033864875364890024
2011-07-20,0.018050635514246238,0.04601599598230299,0.045255575985263974,0.048169279350400274
2011-07-21,0.024822614636207163,-0.009656885981888297,0.0,-0.003676411648357747
2011-07-22,0.004622042812610694,-0.005417120313410795,0.005586627221998208,0.02214018912417215
2011-07-25,-0.01492550440640994,-0.002178473526145308,0.0,-0.023465591262091356
2011-07-26,0.007575791137633736,0.006549983893482159,0.023610962292277327,0.038816972747840905
2011-07-27,-0.015037660103127237,-0.0021690225711987754,-0.004070563008024886,-0.014234958096759232
2011-07-28,-0.0038166392394796134,-0.018478090071620823,-0.005449393739842767,-0.039711187521559776
2011-07-29,-0.007662868266199219,0.013773624088895264,-0.013698676010896249,-0.028195420888756817
2011-08-01,0.011582888196127739,0.03280693277242719,0.008333187914192797,-0.013539716437395044
2011-08-02,-0.022900590880640004,-0.02117683663161285,-0.01652895280114597,0.013725556581453358
2011-08-03,-0.01171883538687657,-0.031249784056850305,-0.018207419523256663,-0.027079319660779144
2011-08-04,-0.019762754490447287,-0.026054659750183173,-0.001426319838538026,-0.055666212299744444
2011-08-05,-0.06854871680609176,-0.06878977540868192,-0.04857153322487662,-0.0568418178256993
2011-08-08,-0.05627704447507542,-0.02599184616448047,-0.021021113817872195,0.03124988568039111
2011-08-09,-0.04128414053229301,-0.002809012723978044,-0.029140924285966707,0.06926396834932902
2011-08-10,0.062200753858786983,0.03802809512241567,0.03949447474686418,0.036437256557499964
2011-08-11,-0.027026825495077067,0.0,0.009118555739934697,0.031250071449769656
2011-08-12,0.009258966158611548,-0.01085469070328271,-0.019578458703782387,-0.026515057875937553
2011-08-15,0.02752314553253199,0.02469134568272735,0.026113862434527846,0.036964895249428587
2011-08-16,0.0,-0.0066934431855703025,-0.011976208435848568,-0.015009359023564706
2011-08-17,-0.008928691202185979,-0.0013475566695706487,-0.003030193399005565,-0.024762007544004372
2011-08-18,-0.013513453272985032,-0.03103945042363576,-0.021276428458243624,-0.007812489282534529
2011-08-19,-0.02283102921906055,-0.05292468678892559,-0.007764310039549804,-0.007873889641338061
2011-08-22,0.0,-0.014705948898659948,0.01721439847071693,0.06746027367956264
2011-08-23,0.037383091917663425,-0.014925139533412346,0.027692531869510928,0.011152345579538814
2011-08-24,-0.013513453272985032,-0.018181786951551926,0.01047917174295998,0.029411723566638903
2011-08-25,-0.004566353733925443,-0.046296496467501225,-0.007407474163244943,0.0035715804998874834
2011-08-26,-0.009174024179198104,0.03883515372365731,0.013432686251295012,0.040925283211916685
2011-08-29,0.01851851543324856,0.0,0.02209126339949119,-0.011965768694556234
2011-08-30,0.009090703134603695,0.06853583281435993,-0.005763561987311094,0.0034601515483390077
2011-08-31,0.01801826190088507,0.06851292647059859,0.005796973201697808,0.005172380734208781
2011-09-01,0.03982298101906534,0.010914255754406854,-0.01152736973106383,-0.005145764879085468
2011-09-02,-0.012765974389340129,0.025640748240911337,-0.016034736196297694,0.012068922018695805
2011-09-05,-0.04741380513820248,-0.039473492145736144,-0.013333605098219459,-0.028960800050813806
2011-09-06,-0.013574923306633457,-0.012328593745199012,-0.007507577233318297,-0.03859658778997044
2011-09-07,0.04587177165743306,0.013869403080622122,0.03782157849971646,0.03102220186668969
2011-09-08,-0.004385944836657996,-0.027359902200055686,0.0014578389027928296,0.003539661656082549
2011-09-09,-0.004405186825102825,0.022503823564684167,0.008733720939662515,-0.003527176644161023
2011-09-13,-0.03539854150818034,-0.046767591756393334,-0.012987114201499783,0.003539661656082549
2011-09-14,-0.013761242613977487,-0.02886009470290951,-0.017544053587501218,-0.014109222728693527
2011-09-15,0.023255874287957168,0.03863301120958873,0.028273803355009397,0.06082274537241461
2011-09-16,0.04090890019503912,0.015736609366666432,0.02894374877719552,0.048903928351740955
2011-09-19,-0.021833963347573704,0.005633851007120105,0.0014064986635065058,-0.00482330831560529
2011-09-20,0.008928691202185979,0.015406009979282098,-0.00983142288101646,0.05492736732865433
2011-09-21,0.008849436336183292,0.004138022697750987,0.02127662834408639,0.03828471621294338
2011-09-22,-0.035087637611228906,-0.02609884655329109,-0.04166672917715697,0.026548766536055313
2011-09-23,-0.022727330350426733,-0.02679824996707869,-0.021738999679570936,-0.06896550274186286
2011-09-26,0.009302282763385294,-0.0057970330766641265,-0.004444787706704201,-0.05555565591846179
2011-09-27,0.059908058401430875,-0.007288749842711328,0.040178896612461656,0.06862740691100067
2011-09-28,0.004347414180013276,0.013215911936568459,0.005722252148182783,0.01834877903771992
2011-09-29,-0.00865789299859665,0.014492758725622057,0.0,-0.013513428003438022
2011-09-30,-0.004366714096161739,-0.011428667938292447,-0.004267351582202594,0.02739726271477405
2011-10-03,-0.008771810755350717,-0.02023121116724147,-0.020000086089643543,-0.03703708842284026
2011-10-04,0.01769919113774554,0.016224327336458844,0.007288531520887043,0.0061536569130735685
2011-10-05,-0.004348118265374623,-0.018868024314780518,0.0,0.004587396129804633
2011-10-06,0.026201070310500674,0.035503020953880915,-0.0014469611840547403,0.004566180756043536
2011-10-07,0.01276589782212989,0.01428560356394537,0.0014490579146106963,-0.05909097520102957
2011-10-11,0.021008382078405496,0.030986066488976505,0.013024789792831282,0.03059583991735826
2011-10-12,0.0,-0.004098450423119737,0.005714240697059614,0.028125004572784773
2011-10-13,-0.01646112596565874,-0.012345728380201981,0.0,0.021276697946998047
2011-10-14,-0.0041838562909017885,0.0,-0.0014204837962692451,0.0014878533782425318
2011-10-17,0.025209892169506753,0.04166668541102547,0.011379873786089734,-0.0014856429593465004
2011-10-18,-0.024589981390209514,-0.01066664967977915,-0.00562599465402569,0.008928339678615949
2011-10-19,0.01260498388579423,0.004043106535005947,0.005657825550325235,-0.03244820466671661
2011-10-20,0.0,-0.02416084520731332,-0.01969066144857523,-0.004573230713801446
2011-10-21,0.0,0.009628300786410193,0.008608335888395269,0.016845551209453857
2011-10-24,0.053941812366949504,0.034059962788717035,0.019914738690624656,0.03614451777647143
2011-10-25,0.0,0.03820823006895191,-0.002789536854102437,-0.014535157989053693
2011-10-26,0.0078742639660756,0.020304638947859388,0.005594282710973397,-0.0029498053952026204
2011-10-27,0.03124985283805204,0.006219008443420826,0.0,-0.03254446349032025
2011-10-28,0.0,0.00988873409990254,0.016689956872595335,-0.00917416577399921
2011-10-31,0.011363720784663078,0.019584007345489374,0.006840164554055894,-0.018518672408308068
2011-11-01,-0.014981338527263022,0.043216961443461654,0.0027171379521433447,0.004717044077742205
2011-11-02,-0.01140672340370219,0.0,0.00135511866397664,0.02034428336281291
2011-11-03,-0.01923074793693047,-0.03567307240730755,-0.0054124468352398925,-0.04601207332041091
2011-11-04,0.023529371087825934,0.009546523005482532,0.014965517353402236,0.03215429091034672
2011-11-07,-0.007662868266199219,-0.005910263123865223,0.005362118058352516,-0.010903478767144925
2011-11-08,0.0038610553616162946,0.0011890226318695962,-0.00666680412133569,-0.0015749160831323161
2011-11-09,0.003846135746390811,-0.01900224942994888,-0.005369010028633436,0.0031545237489873923
2011-11-10,-0.038314341330996315,-0.04237299351283319,-0.02024287242495948,-0.026729456286009978
2011-11-11,0.01992051550581353,0.040455261168929724,0.01101927576474293,0.00969299251333866
2011-11-14,0.02734362123329559,0.018226008168600094,0.034060105056280765,0.02720017441496214
2011-11-15,-0.007604459463943503,-0.015513208592228267,0.0013172503847598271,-0.018691743008522832
2011-11-16,-0.0038313996631875735,-0.006060313983234256,-0.00789460120916008,-0.02857143653491878
2011-11-17,-0.011538684059076654,-0.0012198678181923883,0.003978560140642351,0.00817013889121343
2011-11-18,-0.019455305768441233,-0.02197791332819332,-0.019815021051263204,-0.0016208616256029318
2011-11-21,-0.019840896397584462,-0.023720398153391886,-0.012129248809467197,-0.02272728784391742
2011-11-22,0.016194035580678445,-0.00767249232103584,0.009549992383584449,-0.039866956200630965
2011-11-23,-0.04780890745631483,-0.030927988887140434,-0.00810827380428314,-0.017301162804945536
2011-11-24,-0.0041838562909017885,0.010638173008949758,-0.008174400428044959,-0.03697170036083519
2011-11-25,0.021008382078405496,-0.003947242667682649,-0.016483387758901458,0.0
2011-11-28,0.0329217336059231,0.029061906455073228,0.02793297730650557,0.027422233441083632
2011-11-29,0.003983974065565388,0.017971914653961196,0.0,0.005338252490927564
2011-11-30,0.03174631962067842,0.005044179200189625,0.01358661668974337,-0.010619502947300852
2011-12-01,0.019230609526978526,0.038895935450336205,0.02681013303975721,0.02862249304766684
2011-12-02,-0.007547135477369293,-0.012077396262212381,-0.007833280118417663,0.005217357490985952
2011-12-05,-0.015209055759034862,0.004890017180098072,0.00394730060458004,-0.02941184512285111
2011-12-06,-0.015443943557744033,-0.026764019988566923,-0.011795342052923319,-0.06595358221489378
2011-12-07,0.00784288848949255,0.016249986335362898,0.013262797069681698,0.005725265662714918
2011-12-08,-0.003890823110059616,0.003690118124815678,-0.001309299276719078,-0.02466803010947305
2011-12-09,-0.027343832092206033,-0.02328436127551292,-0.028833406068196177,0.011673190743118456
2011-12-12,0.008032019104977417,0.02760344255119751,0.012145769488705715,0.003845978943918027
2011-12-13,-0.027888535323387198,-0.0048839477824838,0.002666494241912787,0.030651410164233894
2011-12-14,-0.012294953823590804,0.004907917796723726,-0.009308477361961831,-0.005576172789769407
2011-12-15,-0.024896152174609387,-0.03785101551746195,-0.02684566063082605,-0.04112170697965234
2011-12-16,0.04255314587485359,0.015228453520657048,0.0027587564306092993,-0.0058478030890110055
2011-12-19,-0.008163300977961252,-0.027500132597588767,-0.0027511666319717243,-0.04509811797799557
2011-12-20,-0.0329217336059231,0.0025708203768843862,0.004138095437869582,0.030800809755964442
2011-12-21,0.059574419538236834,0.057692331649593864,0.04395593496920336,0.06972122609588283
2011-12-22,-0.00803194684274755,-0.006060313983234256,-0.013157793356629033,-0.001862112955396955
2011-12-23,0.02833972617269276,0.010975255337304368,0.005333367494861463,0.05037303001712279
2011-12-26,-0.015747819534587038,-0.004825034031254005,-0.005305073587830167,-0.0017761184223111792
2011-12-27,0.007999746654416828,-0.0036363454335783807,0.0066665009125068675,-0.007117531122795229
2011-12-28,0.003968450607038099,0.003649616700601932,0.002648986376232676,-0.012544758878978324
2011-12-29,0.0039524086586013585,0.00484842786067996,0.0013212567477558501,0.007259411299114671
2011-12-30,0.0,0.0,0.0,0.0
2012-01-02,-0.07480295744648746,-0.018093804358188526,-0.07915534946290192,-0.08468464991058366
2012-01-03,0.021276496370216558,0.0159702996594846,0.010028367172271624,0.02559065982337949
2012-01-04,0.00833352013873423,0.006045755633778738,0.0,0.0019192986808023171
2012-01-05,0.08677666962886832,0.0,0.07801392760535375,0.08045971340572122
2012-01-06,-0.01140672340370219,0.008413485753105077,-0.00526289292819937,-0.012411097269228621
2012-01-09,-0.007692409902733788,0.004767718149960576,0.0,-0.04129286194593418
2012-01-10,0.031007748694195758,0.024911291825399973,0.011904704609074335,0.011235994466457067
2012-01-11,0.011278075967423806,-0.0023150213498183136,0.0,0.016666670279731344
2012-01-12,0.029739844338576127,0.004640128644149533,0.006536156088321254,-0.009107481911961313
2012-01-13,0.0,-0.016166048315715997,0.006493195338904023,0.0
2012-01-16,-0.02888092997671521,-0.019953267941399067,-0.0283870950704187,-0.04411747775501429
2012-01-17,0.04832725541138405,0.04191648298449646,0.00398422136297949,0.01153838707513355
2012-01-18,0.010638376611675993,0.008045904797805203,0.014550110965990681,0.0
2012-01-30,0.0666666077412581,0.06955528963789037,0.02607541538768965,0.06273779871168061
2012-01-31,0.019736632609225424,0.015991218029628218,-0.0025409155010871487,0.010733487246752604
2012-02-01,0.00322602439334152,-0.0010489447208256175,-0.019108163548492763,0.01946876068331793
2012-02-02,-0.016077211717326345,0.01575605109833389,-0.002597307668879778,-0.005208300519366715
2012-02-03,0.006535800131880265,0.009307089747463193,-0.00781295398489601,0.020942480042036582
2012-02-06,-0.00649336082335461,-0.03688523230051788,0.015748282345031006,-0.025641061557878153
2012-02-07,0.0032678412643194488,0.03510638389515197,0.0,0.0
2012-02-08,0.003257314480889173,0.04316567298825902,0.0012917956907629868,0.021052702919455824
2012-02-09,-0.019480432988866814,0.019704439785531935,0.0064518192492954984,0.005154605997582218
2012-02-10,-0.006622367407871366,-0.014492601684058193,-0.014102633251505847,-0.003418848229352789
2012-02-13,-0.0033334376944400557,0.004901723399076463,-0.0039010284529558126,0.06861063344291374
2012-02-14,-0.013377925415079428,-0.014634310123217253,0.009138121725742687,0.014446136089362627
2012-02-15,0.033898454985805015,0.024752729660743267,0.015524105321917947,0.004746898308759517
2012-02-16,-0.009836255129563543,-0.014492601684058193,0.0,-0.045669248081268154
2012-02-17,-0.009933729853167539,-0.0049021203383256,0.019108018703539065,0.0
2012-02-20,-0.006688932618415744,-0.0177341394090631,0.0,0.016501577167018278
2012-02-21,0.010101084759448486,-0.029087226755973195,0.0,-0.006493592257327152
2012-02-22,-0.0033334376944400557,0.008264366021889957,-0.0037498643554951805,0.022875834183652133
2012-02-23,-0.010033398927623671,-0.0051227046393730324,-0.02007569472789028,-0.028753814374999798
2012-02-24,0.006756664753055475,0.019567244954326712,0.012804438536205387,-0.006579033503973597
2012-02-29,0.040268334399748085,0.035353634497255815,0.025284252889102632,-0.003311301918248688
2012-03-01,0.009677608836822671,0.0,-0.012330572744441715,0.008305563209611178
2012-03-02,-0.012779723889715933,0.0,-0.0012481816868764595,0.037891290615254425
2012-03-05,-0.022653621427980775,-0.019512202829327863,-0.013749502636815514,-0.022222145831705564
2012-03-06,-0.009933729853167539,-0.006965273622685175,0.007604355886881908,0.019480586734162975
2012-03-07,-0.0234113243427031,-0.010019882844971018,-0.0050316921086702715,0.011146456892236145
2012-03-08,0.010273925120901639,0.022266984657168587,0.0075854196130162865,-0.017322786452956374
2012-03-09,0.0,0.0049507383495095425,0.0037639787653018786,-0.006410434391092679
2012-03-12,-0.010169445004405309,-0.009852299671701648,0.0,-0.022580473708005755
2012-03-13,0.03767124363926233,0.019900505529628187,0.016250193917455302,0.0016499935190208426
2012-03-14,0.0033003147460812787,0.009756180415274596,0.02337008318032452,0.008237245475295918
2012-03-15,-0.009868316304612712,0.004830841148914855,0.0,0.024510034113816026
2012-03-16,-0.006644666228889595,0.004807927762890296,-0.025240563820835837,-0.014354161230863416
2012-03-19,-0.0033445264874558678,-0.004784922202589192,0.03205922275289219,-0.006472482407594127
2012-03-20,0.006711560143832784,-0.019230543133885947,-0.005973568119162165,-0.009771924867484016
2012-03-21,0.0,0.004901723399076463,0.0204326356386908,-0.0049343713971271574
2012-03-22,0.01999990643486993,0.02439017453604908,0.0035335750566791724,-0.008264378856316701
2012-03-23,-0.00326784126431956,0.009523813930646607,0.002347599852399185,-0.013333313822784687
2012-03-26,-0.022951006326559997,0.0,-0.0210772495411925,0.0
2012-03-27,0.013422818386710222,0.018867933176464735,0.026315716100556497,-0.0033784228035332875
2012-03-28,0.0,0.046296542055668244,-0.003496641578169979,-0.0288135426755729
2012-03-29,-0.026490005855566934,0.026548463294292723,-0.016374408135997665,-0.043630081629684514
2012-03-30,-0.017007030666145506,-0.012931179511937563,0.00951261559444605,0.03102220186668969
2012-04-02,-0.017300838139121755,-0.030567490720509904,0.0023557613465097216,-0.021239213086222786
2012-04-03,0.010563522164953376,-0.009009012295090657,-0.0011749119717898715,0.0018083421889354412
2012-04-05,-0.0209058877380216,0.009090912437009324,-0.022353064243564758,-0.009025284298462832
2012-04-06,-0.00355883006455171,0.0,0.008423691089868068,0.016393446118525334
2012-04-09,-0.010714364664458409,-0.01351344549162381,-0.009546667129801789,-0.021505345890574734
2012-04-10,0.021660681243099056,0.004566137446017082,-0.012048304180192648,0.00915752270486525
2012-04-11,0.014134401656146212,0.0318181935295323,0.004878357896602292,0.0054446115883524104
2012-04-12,-0.017421708952892523,0.004405216570908532,0.0024271650403233647,0.0036101559805028494
2012-04-13,0.024822453387155052,0.00438582471901805,0.027844779590782354,0.005395859728280605
2012-04-16,-0.013840521085968449,0.0,0.0,0.008944241131069841
2012-04-17,-0.0035088818057742444,-0.03930112011586939,-0.012956218664205599,-0.02836875605294087
2012-04-18,-0.003521110698307184,-0.018181898488221937,0.014319831089547597,0.012773678188714666
2012-04-19,0.0247348691003606,-0.023148008606809767,0.00941168979547724,-0.0036035460268134534
2012-04-20,0.006896707052727491,-0.02369676649387009,-0.01748234650219882,-0.05967433964021562
2012-04-23,0.030822021846202086,-0.03009698914541392,0.0,0.0019229894719590135
2012-04-24,-0.019933699794750903,0.03603601412882673,0.0035586564615159855,-0.009596830438432402
2012-04-25,0.010169445004405198,0.024154440456514825,-0.004728363379584266,0.019379757468030112
2012-04-26,0.0033557498818208575,-0.01886785678435987,-0.00237494086954948,-0.022813653941338385
2012-04-27,0.02341138452095115,-0.04519210727463996,0.02380926275608619,-0.06420243521236224
2012-04-30,0.0,-0.0694865314648545,0.009302582935817982,0.05197519061269196
2012-05-02,0.016339911941045004,-0.030303022336125585,0.018433226507272416,0.05533576629079562
2012-05-03,0.0,0.004464232861297823,0.005655901620946979,-0.005618052038145582
2012-05-04,-0.01929251520578079,0.0,-0.014623279502263498,0.02071579695533976
2012-05-07,-0.049180567714957935,-0.016666672664860993,-0.02283100073900657,0.009225213791697273
2012-05-08,0.017241488425469687,0.0,-0.014018780039306011,-0.03107880231211746
2012-05-09,-0.02033919497993142,-0.013559436793950885,0.002369851809829404,0.0
2012-05-10,0.006920696366860213,0.004582033556933096,0.008274199110856362,-0.0037735244778258625
2012-05-11,0.010309230541781789,-0.01482306318683857,0.002344447263699534,-0.0037878179013943747
2012-05-14,0.0,0.005786756739532217,-0.0011694153501740079,0.0038022200184453236
2012-05-15,-0.017007030666145506,-0.017261227191709305,0.0011707844835207037,0.018939422073148915
2012-05-16,-0.044982440656041955,-0.03044484540339565,-0.0245611135052346,-0.02602221221551093
2012-05-17,0.014492751733533371,0.03502420466881162,0.020383426832925267,0.04007630113098992
2012-05-18,-0.053571502013449734,-0.029171819767744522,-0.03877777355417256,-0.03853207797102054
2012-05-21,0.0,0.0,0.008557563163189563,0.0
2012-05-22,0.007547271275833989,0.04807714486902048,-0.0036368512762401384,0.001908310185968709
2012-05-23,-0.044943746019320496,-0.0022935045014367272,-0.03771264565128296,-0.036190394856707275
2012-05-24,-0.015686482598333162,-0.019540253956287112,0.01896336934968379,0.013833710222342699
2012-05-25,0.003983974065565388,-0.014068113500667168,-0.0074442515218750005,-0.007797260946674767
2012-05-28,0.007936544204179885,0.01545777563896844,0.019999845079229583,0.017681849747514633
2012-05-29,0.047244237841082004,0.04800935069397716,0.008578819089145817,0.0521236762440489
2012-05-30,0.0037594488477661336,-0.006703786981434812,-0.00729068819780565,-0.020183643295071496
2012-05-31,-0.018726706854387265,-0.015747982008291972,0.04161576459709915,-0.01123588485662319
2012-06-01,-0.04198474855191736,-0.025142882631998154,-0.06110457491495136,-0.024621093497544155
2012-06-04,-0.05577685558744572,-0.03868679000971609,-0.042553073404809405,-0.048543812353244675
2012-06-05,-0.004219465983255399,0.0024387481290439883,0.02222223213100638,0.036734641221008335
2012-06-06,0.004237345317682717,0.007299331911695628,-0.005115267081339581,0.013779710141587742
2012-06-07,0.00421946598325551,0.01328479360018786,0.025707253270559782,0.011650410403402311
2012-06-08,0.00840332259052956,-0.02622143642288044,-0.023809723967469498,-0.024952118643306154
2012-06-11,0.00833352013873423,0.025703761857550855,0.03209272176231659,0.015748240161814753
2012-06-12,0.012396560872053097,-0.015513208592228267,-0.012438275491860384,-0.011628058660952623
2012-06-13,0.004081687209991136,-0.006060313983234256,0.007556760371669524,0.011764861156619677
2012-06-14,-0.01219521115057609,0.0012191765630538143,-0.00999999360418835,0.011627718360728512
2012-06-15,0.008230488936344482,0.029232793887040254,-0.01388917601847739,0.015325649017318588
2012-06-18,0.008163447862003625,0.023668645857689796,0.03457135074484419,0.04339624933599717
2012-06-19,0.0,-0.0023122517137810217,-0.003712737009149647,-0.007233262911891303
2012-06-20,0.02833972617269276,0.008111355653956487,0.013664312113730981,0.005464339886141589
2012-06-21,0.01181104175033143,-0.010344960780344303,-0.012254669552817732,-0.018115759924349994
2012-06-22,-0.027237162027056283,0.0058070152355502724,-0.0062038133211749225,0.011070040566102612
2012-06-25,-0.020000050381223877,-0.0011544171838915318,-0.0062419020965918115,0.023722728309751195
2012-06-26,0.0,-0.0057805356710229905,-0.011306694618255064,-0.021390446863543744
2012-06-27,-0.00408183409403351,0.005814144540938315,0.007624191272409542,-0.009107481911961313
2012-06-28,-0.008196390072300663,0.016184825862170404,0.0075660726565507375,0.0
2012-06-29,0.06611553656891411,0.01706485364783683,0.017522050473455453,0.0036765192433019234
2012-07-02,0.03875979047992861,-0.004474129872044874,0.02460019061035945,-0.014651993447457157
2012-07-03,0.0,0.01685375521689947,0.010804202435830579,0.016728735959068652
2012-07-04,-0.01492550440640994,0.016574682526317996,-6.3468596616100825e-06,0.0036561408517348237
2012-07-05,-0.003787861490604172,-0.0065217062197375775,-0.0024629347795263046,-0.0018215177053972909
2012-07-06,-0.01140672340370219,0.0,-0.0012345417456713914,-0.003649576564098145
2012-07-09,-0.016015623161742876,0.005470461263354265,-0.011125016129399534,0.007326103924546912
2012-07-10,0.008130025836231347,-0.01958658377606315,-0.011249831837109037,-0.03636379309298965
2012-07-11,-0.004032091249330905,-0.002219684806195499,-0.012642650021434942,-0.0018867070203745229
2012-07-12,-0.024291679756630047,-0.031145799621639436,-0.03072968640476581,-0.03213619705403259
2012-07-13,-0.004149421382611096,-0.0011479759393614453,0.0013211211647941035,-0.03124995713013823
2012-07-16,0.004166710821589481,0.005747128041530214,-0.0039579173282785485,0.018827601637375624
2012-07-17,0.03319494031765302,0.01142848205793201,-0.009271184039368108,0.028747471794480894
2012-07-18,-0.024096224808046962,-0.016949067247739147,0.0,-0.017964063091800875
2012-07-19,0.028806672262960298,0.014942421217473134,0.03609600249562739,0.008130140955844523
2012-07-20,0.003999833905436789,0.014722615840996545,-0.010322434502241906,0.00806446110084802
2012-07-23,-0.019920253090216833,-0.03348242426904369,-0.03129101034918136,-0.02600004963865321
2012-07-24,0.004065153580869341,-0.011547164010459854,0.006729851105309548,0.0
2012-07-25,-0.020242984742794068,-0.04322433597620379,-0.0026740331459316202,-0.010266987305634245
2012-07-26,0.008264191605875437,-0.017094163288397635,0.022788018737992966,-0.018672191643418046
2012-07-27,0.016393618149013633,0.03726710323770788,0.03931881005532434,0.014799294011019093
2012-07-30,0.008064670848006772,-0.008382966875726039,-0.003783160383558082,0.02916646786919741
2012-07-31,0.007999806223009553,0.02173911767869896,0.025316546180424337,0.032388792021640356
2012-08-01,-0.003968227268376978,0.0023639903905101622,-0.01234582357823788,0.06862754098092316
2012-08-02,0.0,0.0,0.0,0.0
2012-08-03,-0.011952179426273357,-0.03773578779878739,-0.002499810334874897,0.023853151567829967
2012-08-06,0.024193454430483152,0.06985278612204882,0.013784443330969287,-0.014336921548304682
2012-08-07,0.0,0.0,0.006180135302620071,0.021818136692133505
2012-08-08,0.003937322174079272,0.0,-0.011056145489657832,0.0035586949297330417
2012-08-09,0.007842811047160225,0.042382720523408635,0.022360181947375324,0.0
2012-08-10,-0.011673141272981358,0.037318372123029464,-0.003645656206459069,0.007092151057456864
2012-08-13,-0.015747790139359008,0.0059242543662649805,0.008536876457998499,0.03345087889047105
2012-08-14,0.0,0.0011775146884467347,0.0060459547453355356,-0.008517925543369609
2012-08-15,-0.004000249141844714,-0.005882096907880885,-0.0024037956221503176,-0.02233681205795901
2012-08-16,-0.008031866483951489,-0.004733811869684801,-0.001204859945269976,0.026362059222983403
2012-08-17,0.008096899701286242,0.0047563274289239565,-0.010856754319927941,0.0085615859487993
2012-08-20,-0.024096224808046962,0.0035505516854217323,0.004878549426361678,0.011884470413418668
2012-08-21,0.00411498461019244,0.012971434225909073,0.014563130374725786,0.006711554219693161
2012-08-22,-0.012294929980241509,0.0023282879228407882,-0.014354089892214983,0.008333276925772903
2012-08-23,0.012447976985676013,0.011614566130087933,0.003640566348764418,0.0314051207998276
2012-08-24,-0.004098120905734692,-0.0022962932299539496,-0.008464615084755489,0.01923054671576052
2012-08-27,-0.008230538817701083,0.006904401725854603,0.012195470935639774,0.003144721861471078
2012-08-28,0.0,-0.03771427323179899,-0.0072287633361118875,-0.012539189110334248
2012-08-29,0.0,-0.0023753820818200877,0.003640566348764418,0.01587308835438983
2012-08-30,0.0,0.017857052048326105,0.0,-0.010937425772278964
2012-08-31,-0.004149421382611096,-0.008186709719879226,0.007255251767273485,0.011058375938265641
2012-09-03,-0.004166782911259159,0.061320461933973114,0.007202728972986128,0.0
2012-09-04,0.0,-0.001111271644215428,0.0011921315008023292,0.015624982097210083
2012-09-05,-0.02092043666726917,-0.012235493465002412,-0.023809997790626425,-0.0123076089980646
2012-09-06,-0.004273327959510298,-0.004504665365735572,-0.010975382263917033,-0.02180696772134738
2012-09-07,0.012875448521447952,0.0067874099945191,0.03329261576030351,0.02547798447875871
2012-09-10,0.02542385058524599,-0.002247108748007487,-0.0035802030382460215,0.046583524511706775
2012-09-11,0.0,0.018017764606489628,0.0107784129178643,0.00593467836641004
2012-09-12,-0.008264620569131242,0.02876129530465632,0.001184874146098025,-0.007374665381661205
2012-09-13,0.0,0.0,0.0059172296376655,-0.005943497049666235
2012-09-14,0.020833409928607383,0.0430104990468787,0.017646878977736424,0.013452909504809929
2012-09-17,0.004081675600606349,0.005154787301020036,0.0,-0.022123746553980195
2012-09-18,-0.00813030716173857,-0.014358969027687185,-0.009248677795985594,-0.0015084555185139736
2012-09-19,0.008196950890266175,0.008324658674755181,0.003500894272071786,-0.013595075806828505
2012-09-20,-0.00813030716173857,-0.009287847509752978,-0.00813942635768039,-0.004594149749724941
2012-09-21,0.008196950890266175,0.008333254144982316,0.004688910630909815,-0.01076924465416873
2012-09-24,-0.012195109085723743,-0.010330649443258122,0.00466753915531104,0.02643856606891326
2012-09-25,0.0,-0.02400819232309792,-0.002322768029868416,-0.012121301213044555
2012-09-26,-0.008230538817701083,-0.035294410985218905,0.0058209182996460385,-0.012269597368500529
2012-09-27,0.008298842765222192,0.0,0.01388878400942306,0.009316529723623956
2012-09-28,0.00411498461019244,0.01995589169932055,0.025114437608111606,-0.047692418771811296
2012-10-01,-0.016393334517494917,-0.007608850051290417,-0.010022484315713842,0.009693079957953987
2012-10-02,0.00833349373284853,0.004381080665506909,0.007873910371472004,0.030400338481493927
2012-10-03,-0.0041323460315035865,-0.0032713791981212603,0.002232462876371022,-0.0015530469184662499
2012-10-04,-0.012448048776215415,-0.0032821162449307995,0.008908495056435983,-0.00933119668860416
2012-10-05,-0.008403449312148314,-0.007684098643713333,0.004414977774429341,0.02040811266422282
2012-10-08,0.0,-0.018805145037450233,-0.020879099825145908,0.006153717718170082
2012-10-09,0.008474665736099007,0.006764371534690117,-0.022447074060687133,-0.009174164747529967
2012-10-11,-0.01680689862429663,-0.03695415344149777,-0.018369496113051942,0.004629511146673426
2012-10-12,-0.004273327959510298,0.009302490822779452,0.00935678484569702,-0.016896968678204338
2012-10-15,-0.02145937789085728,0.008064345270953233,0.0011589147013495449,-0.01562507023402171
2012-10-16,0.0,0.0011428567645999088,0.012731528119058977,0.007936544177195026
2012-10-17,0.0,-0.0022831042680429015,-0.0011430834304282378,-0.0015749701794985915
2012-10-18,-0.008771795363678003,0.001144164380602053,0.008008984505704753,0.009463927002553385
2012-10-19,-0.01327455206099748,-0.019428647741955962,-0.015891011796392962,0.01093751390909059
2012-10-22,0.0,-0.008158337326768628,-0.008073585528961758,0.007727835534739214
2012-10-23,-0.008968395549117325,-0.004700520681567788,-0.0034886807695485578,-0.010736124798453206
2012-10-24,0.00904955554276854,0.0035417407663560496,-0.003500190549012072,0.012403104707215507
2012-10-25,0.00896878347563379,0.002353196508305011,-0.007025740225444332,-0.016845215748991338
2012-10-26,-0.026666793800796285,-0.010563291713645007,0.02948095755602531,-0.007788196481749998
2012-10-29,-0.00913235948675628,-0.003558889102360019,0.009163609607571566,0.03453701039767498
2012-10-30,0.013825111124399436,0.04761903530598777,-0.001134676653248401,-0.013657218244923941
2012-10-31,-0.013636583837489002,0.007954708038454328,0.007954064449179787,-0.0015384511247580335
2012-11-01,-0.027649664135222962,0.012401266189267623,0.00563717021472554,0.0061632864139480326
2012-11-02,0.004739386235583787,-0.013363105268165087,0.00784804478064216,-0.004594149749724941
2012-11-05,-0.004717030406601985,-0.012415265127046604,0.004449048478601281,-0.021538576089199624
2012-11-06,0.0,0.026285705585799235,0.0011073962460366182,-0.02515724274490927
2012-11-07,0.009478526478006843,0.005567765685896786,0.006637209602748051,0.01612910709640869
2012-11-08,-0.004694641954353873,0.0066449982753695735,-0.005494208222972641,0.006349074177288916
2012-11-09,0.023584743978337208,0.00550022795488303,0.003314361181705472,0.025236782789747725
2012-11-12,-0.01843321573082979,-0.015317281798758797,0.005507035986599851,-0.009230533186824097
2012-11-13,-0.014084413229864312,-0.025555466886936662,-0.010953088722738924,-0.006211399369636883
2012-11-14,0.004761954979467964,0.023945175519884287,0.002215156787126471,-0.006250133857782614
2012-11-15,0.004739386235583787,0.00334075616092,-0.0033156333962373052,0.0
2012-11-16,-0.004717030406601985,-0.004439510226751819,0.0,-0.009433899510983612
2012-11-19,-0.014218158706751582,-0.005574134209267223,-0.0022170056747176092,-0.009523656033840977
2012-11-20,-0.009615154269682846,0.00784736875084624,0.004444533520441718,-0.012820695931822113
2012-11-21,-0.019417425987719228,-0.00889845284565749,0.0011065351681984748,0.008117011999702273
2012-11-22,0.0,-0.00112241516636169,0.008839649474605693,0.008051384106130488
2012-11-23,0.06930670681303752,0.03370785145800115,0.04600150739558839,0.022364338451884347
2012-11-26,0.027777670978269553,0.008695570055823332,-0.0020935085161235545,0.015624982097210083
2012-11-27,0.00900918313357213,0.0,0.010493069322879744,-0.0015384511247580335
2012-11-28,0.0,0.005387929353058318,-0.004153825447783088,-0.0015408216034870081
2012-11-29,-0.008928742457618988,-0.003215277885555534,0.006256384503348311,0.010802395789210495
2012-11-30,0.01351365779818181,0.002150380929292872,0.022797787808265024,0.009160243811573654
2012-12-03,-0.008889059426336998,0.016094415599790857,-0.008105200066436113,0.0136160697904113
2012-12-04,-0.004484275359861956,0.006335795316930515,-0.01327885563226272,-0.008955245493647235
2012-12-05,0.0450452142548019,-0.0031477249590513567,0.003105694761285527,-0.006024309275117101
2012-12-06,0.008620556576452998,-0.005263383720968351,-0.003096079284072406,-0.01969692217269281
2012-12-07,-0.004273327959510298,0.010582083953656118,0.015528019757485634,0.0
2012-12-10,-0.01716748746159691,0.006282720131549624,-0.01630998950529816,-0.017001691529293428
2012-12-11,-0.0043668584163699675,-0.011446254999778915,0.018652797459417947,0.012578976137027187
2012-12-12,0.013157730987449323,0.006315405047644607,0.001017439931053632,0.05745318874315575
2012-12-13,0.038961234474971684,0.004184402716877811,0.008130020600019217,-0.002936754784495843
2012-12-14,-0.025000048660527074,-0.046875129623788925,-0.008064456403332199,0.0
2012-12-17,-0.012820649321669486,-0.04699452064506493,-0.014227786780551033,-0.004418480908867761
2012-12-18,0.008658326732914334,0.013761463319536205,-0.003092774997707992,-0.007396400329500286
2012-12-19,-0.012875448521447841,0.0022623607963825343,0.006204966649438148,-0.025335402227115167
2012-12-20,0.01739103354147309,-0.005643257757855347,-0.01336085059022063,-0.012232334663511146
2012-12-21,-0.004273327959510298,-0.012485807473404886,-0.012499964305723532,-0.006191821514595408
2012-12-24,-0.012875448521447841,0.009195399237911017,0.0042194356373264075,-0.010903527791791823
2012-12-25,0.008695516770736544,0.011389682805390322,0.01365534555148229,0.014173487984212363
2012-12-26,0.004310390151497812,-0.003378539790504065,-0.0051812947509931595,-0.0015530469184662499
2012-12-27,0.004291667662927212,0.005649797474136964,-0.004166807064154288,0.0077760849661041576
2012-12-28,0.0,-0.0011235950486000457,0.014644388177910583,-0.0015431993984585946
2013-01-02,0.008547099547779657,-0.0022497178690584763,0.026804351431212403,0.004636753630789858
2013-01-03,0.04661036830244236,0.004509662647457446,0.01405614641952213,0.003076815468654015
2013-01-04,0.0040484148273298715,-0.012345916766898224,0.004950444528161846,-0.06288344925001732
2013-01-07,-0.016129202167629253,-0.013636113449739029,-0.00985233276378683,-0.013093202657341152
2013-01-08,-0.008196454535108422,0.002303979490228425,-0.007960250030277227,0.0033167272463305864
2013-01-09,-0.02066130119426235,0.009195399237911017,0.003009348976698245,0.0314051207998276
2013-01-10,-0.004219380944295081,0.009111531845626297,0.009999896926366159,0.006410121974105287
2013-01-11,0.004237259556523876,0.0,0.0,-0.004777127703577189
2013-01-14,-0.004219380944295081,-0.015801268811642344,0.009901323324890354,-0.00159980880994115
2013-01-15,-0.012711778669571738,-0.03440365829884051,-0.014706372438882065,-0.0016027338861515084
2013-01-16,-0.012875448521447841,-0.0023753820818200877,-0.012935215361434271,-0.006420593269952812
2013-01-17,-0.026087076880118243,-0.001190303499811196,0.0010080985018352528,-0.00807730843867227
2013-01-18,0.02678584117823335,0.017878246396162645,0.022155058798975835,0.006514521224352698
2013-01-21,-0.004348021669322577,-0.009367679116296657,-0.00985233276378683,0.024271954543902963
2013-01-22,0.004367009521351495,0.009456262347608435,0.004975292653041974,0.006319071964723255
2013-01-23,-0.004348021669322577,-0.0046840091150393,0.0,-0.003139784569176851
2013-01-24,-0.0043668584163699675,-0.029411591845829532,-0.01089069568738743,0.004724377553663617
2013-01-25,-0.013157806871314293,0.010909175795528858,-0.009009637918652169,0.009404679175353259
2013-01-28,0.008888828739408217,0.0023981675135418268,0.0030305164958850384,0.009316529723623956
2013-01-29,0.017620950967795146,0.015550232500900485,0.017119863337034413,0.0
2013-01-30,0.008658326732914334,0.0,0.004950444528161846,0.0
2013-01-31,-0.012875448521447841,-0.005889364274248687,0.0,-0.006153891279894519
2013-02-01,0.008695516770736544,0.002369581650415453,0.0,0.0046440189428123
2013-02-04,0.004310390151497812,-0.007092196760706382,0.014778499145680302,0.0015408216034871192
2013-02-05,-0.02145937789085728,-0.010713938178170235,0.0,0.003076815468654015
2013-02-06,-0.004385935623771431,0.006016669252823181,0.019417381672119927,-0.003067377713456998
2013-02-18,-0.017621255840406524,-0.009569373846707974,0.019047528540537817,0.0
2013-02-19,0.0179373341953577,0.01570030134638345,0.0,-0.003076902249516178
2013-02-20,-0.008810513592974023,0.008323766700714774,0.01869160410904991,0.006172710545132132
2013-02-21,-0.008889059426336998,-0.018868169386718536,-0.018348638620024338,0.0
2013-02-22,0.004484508115771835,0.0,-0.014018754321422744,0.003067464228129424
2013-02-25,0.0044642553704223875,-0.004807603614052303,-0.00473918477540658,0.02905196732604587
2013-02-26,-0.013333473796041106,-0.01328528066800383,-0.014285776944462869,-0.019316365411415237
2013-02-27,0.0,0.0,0.009661949370698864,0.010606159927914582
2013-03-01,-0.004504318795040985,-0.0012237241375399055,0.004784639793160128,0.014992231909982667
2013-03-04,-0.013574881326063548,-0.013480474902970996,-0.028571136163935362,0.008862654230338718
2013-03-05,0.018348661715309467,-0.006211177889717701,0.019607529060673423,0.017569842977183336
2013-03-06,0.00900918313357213,0.006249997737475477,0.0,-0.0043166793076399035
2013-03-07,-0.008928742457618988,-0.0012422355779435623,-0.009615286276602797,0.0
2013-03-08,-0.004504318795040985,0.001243780646513759,0.00485421234424388,0.005780307713024735
2013-03-11,0.004524699483968497,0.0,-0.014492394332294878,0.005747006731869897
2013-03-12,0.00900918313357213,0.0,0.004901694135404089,0.014285942218342118
2013-03-13,-0.008928742457618988,-0.006211177889717701,0.01951220868993664,-0.007042443746968052
2013-03-14,0.0450452142548019,0.006249997737475477,-0.004784744724073642,-0.026950415667766014
2013-03-15,0.0,0.0024844711558871246,-0.009615286276602797,-0.004373149075178939
2013-03-18,-0.034482748334411784,0.009913075994447684,-0.024272126311508657,-0.008784797606667283
2013-03-19,0.0,0.020859069670177588,-0.0049748562238619565,0.004431535414914256
2013-03-20,-0.0044644870871966,-0.013221236264300495,-0.012000073686682877,-0.0029413223690312185
2013-03-21,-0.004484275359861956,0.0,-0.001012401755022041,-0.020648663723045857
2013-03-22,0.0,0.009744211794803226,-0.007092105606681831,0.0030118573086088674
2013-03-25,0.004504474664609681,-0.006031099502530557,0.015305856423272424,0.01651631990980218
2013-03-26,0.00896878347563379,0.013349331795344144,-0.005024966137104014,0.004431535414914256
2013-03-27,-0.008889059426336998,0.0,0.01515158563543384,0.007352891161118036
2013-03-28,-0.004484275359861956,-0.00958092170795799,-0.0049748562238619565,-0.0072992207851241275
2013-03-29,0.00900918313357213,0.007255224697652274,0.00499972915757918,0.0058823129288945175
2013-04-01,-0.0044644870871966,-0.006002311957863271,0.004975292653041974,-0.002923874368156998
2013-04-02,0.00896878347563379,0.003623361702838279,-0.004950661662445177,0.02052771831688127
2013-04-03,0.0044444912653469615,0.0,0.0,0.022988675290269933
2013-04-08,-0.022123896176494462,-0.027677741486397345,-0.01990040686110317,-0.016854212539066382
2013-04-09,0.004524699483968497,-0.003712869956362441,-0.01015240406296547,-0.0014284008244530577
2013-04-10,-0.009008715524866262,0.0012422355779435623,0.008205181034580677,0.00858355210428452
2013-04-11,0.018181692352603696,-0.001240694343288995,0.03255350427796633,-0.004255210879091531
2013-04-12,-0.013392843350191974,-0.02360265585865351,-0.00985233276378683,-0.015669409906196363
2013-04-15,0.0,-0.019083689610964516,-0.010945316514807457,-0.023154852535466564
2013-04-16,0.018099502522616273,-0.0012970162522372153,0.011066442227682272,0.008888827978013936
2013-04-17,-0.004444414369704108,0.009090904816955403,-0.0049748562238619565,0.01908944449736394
2013-04-18,-0.008928742457618988,-0.012870006873880735,-0.0009997045953515915,-0.0028817438943685714
2013-04-19,0.02252260712740095,0.011733928750272904,0.06606573875617316,0.03468200930578025
2013-04-22,-0.01321577038946109,-0.0090208017901654,0.018779149370180992,0.013966623265930123
2013-04-23,0.0,-0.009102352508089773,-0.02304144391647145,0.0055097595950341915
2013-04-24,0.017857021481689772,0.0249341789591202,0.0,0.0
2013-04-25,-0.008771795363678003,-0.008962957496938984,0.009433970071400566,-0.008219352734954777
2013-04-26,-0.00884957378167639,-0.015503590995025407,0.014018651842151897,-0.019336963414321562
2013-04-29,-0.008928742457618988,-0.009186536497303943,-0.004608349420800684,0.01830981350072758
2013-04-30,0.01351365779818181,0.009271711412588202,0.013888647754193295,-0.004149427447668774
2013-05-02,-0.004444414369704108,0.0026243853773249004,0.00913243060826785,0.016666789405343607
2013-05-03,0.017857021481689772,0.014397996431323445,-0.0045243462581137095,0.001365956730319029
2013-05-06,0.0350877885256311,0.005161288393902064,0.013636022897098643,0.0163711990208939
2013-05-07,-0.016949111537621242,-0.005134786281064452,0.008968618244500348,-0.004026969626990784
2013-05-08,0.04310352863740774,0.029677408264937144,0.017777891708423255,0.013477226852068647
2013-05-09,-0.01652895516275865,0.02255647351927692,0.004366767898404511,-0.002659706334156131
2013-05-10,0.05882341823047921,-0.013480474902970996,-0.004347782142913648,-0.015999742480664825
2013-05-13,0.03571432004269903,-0.011180120201491839,0.0,0.0
2013-05-14,-0.007662849726026155,-0.005025123799884179,0.008733823096771731,-0.005420169367872374
2013-05-15,0.0038611782148076923,-0.01262625800933681,-0.004329244344122962,0.0013620811037682312
2013-05-16,0.026922890599047733,0.0063938595247028385,-0.013043441779022724,0.017687419921390113
2013-05-17,-0.014981366846010591,-0.013977123192096319,0.0,0.013368816802513672
2013-05-20,0.022813733987458118,-0.006443203264454356,0.004405048435147885,-0.0013192523780104493
2013-05-21,0.04832720019068981,0.0025940325044744306,-0.013157764378541992,-0.0026419902078853585
2013-05-22,-0.014184362788087213,0.012936417225540398,-0.004444497294401661,0.01192067378273598
2013-05-23,-0.03597116571102743,-0.015325481315001777,-0.035714222775794946,-0.03141361836376011
2013-05-24,-0.011194082364265445,-0.002594314219559579,0.013888647754193295,-0.018918941580829407
2013-05-27,0.04528297254986646,0.005201841936537832,0.02283122673006166,-0.008264561696192274
2013-05-28,-0.018050544673086866,-0.00388098136490167,-0.022321597281549477,0.008333433874589957
2013-05-29,0.003676445799617012,0.01688292089180843,0.013698896261388427,0.002754569012081376
2013-05-30,-0.010988873791428544,-0.014048434926992148,-0.009008720659718805,-0.006867931668426697
2013-05-31,-0.02222239025342687,-0.006476587724803529,-0.004546005528095809,0.02904575807741816
2013-06-03,0.015151676012764792,-0.002607560698895006,-0.018264460658157455,-0.010752917252318306
2013-06-04,0.03731337116856914,-0.003921472130196446,0.013953448045476824,0.002717679748342583
2013-06-05,-0.014388453837274717,-0.005249720895983301,0.004586807558801365,-0.012195495727204575
2013-06-06,-0.01824830331456684,-0.010553992178039429,-0.018264460658157455,0.005487087115342293
2013-06-07,-0.011152341757651896,0.002666762428778169,0.009302230695239722,0.009549962288503355
2013-06-10,0.026315741547036753,0.013298059774548676,0.0,0.016216181193263735
2013-06-11,-0.010988873791428544,-0.01574830756074963,-0.004608349420800684,-0.02526608502374106
2013-06-13,-0.029629810951438018,-0.02133323062074599,-0.0324071831944448,-0.015006797765644841
2013-06-14,0.0,-0.010899276899652532,0.014353919379480606,-0.024930580415075343
2013-06-17,0.015267271854512376,-0.020661350294664205,0.0,0.005681618781407716
2013-06-18,0.018796930372180443,0.005626082129801535,0.0047171402047858635,0.004237259777868818
2013-06-19,-0.014760112499467737,0.006993106128519111,-0.009389883566226276,-0.011251524432330462
2013-06-20,-0.026217051782088996,-0.01805544773649015,-0.014217866135205592,-0.025604696189561515
2013-06-21,-0.034615544321695335,-0.009901189840666125,-0.004807748573696369,-0.036496350966035096
2013-06-24,0.019920390950932898,0.004285609526206047,-0.02415455559249491,-0.06363636130547268
2013-06-25,-0.007812649424126406,-0.0014221658486990307,0.0,0.016181211754897618
2013-06-26,0.06692916389376857,0.03988581304779504,0.004950444528161846,0.044586046188272555
2013-06-27,0.06642047432597975,0.0,0.029556782226693334,0.0
2013-06-28,0.0034604245003706513,0.013698725240293808,0.062200737034736386,0.06250000537419576
2013-07-01,0.03793107706795085,0.0013512529835970621,-0.027027051056134566,-0.010043216121069842
2013-07-02,-0.02325588613783869,-0.010796218157942183,0.018518840031445993,-0.010144942109075683
2013-07-03,-0.010204130873410211,-0.0013643548492082713,-4.485796174957812e-06,-0.017569430037435496
2013-07-04,0.006873044288922436,-0.008196620781837582,0.0,-0.01639341643879466
2013-07-05,0.010238719616792125,0.02754830085021065,0.018691499348210794,0.04696980716904209
2013-07-08,-0.02039820153022609,-0.016085784640086587,-0.03669707533668487,0.010130094924691413
2013-07-09,0.010638424191210749,0.014986271470185608,0.00952366150205708,0.01289381550863733
2013-07-10,-0.024561455919822617,0.018791940829993026,0.0,-0.005657352475845645
2013-07-11,0.043165553408403,0.027668167051421166,0.03301886270340759,-0.004267716826060086
2013-07-12,-0.01724140732105317,0.0,0.004566529404533615,0.02857156210771561
2013-07-15,0.010526380422864134,0.006410253435207958,-0.004545771007561261,-0.005555596468447832
2013-07-16,-0.031250014606277854,-0.0012739769931542355,-0.013698516715660136,0.0014327994073739525
2013-07-17,-0.043010833749722144,-0.012755189677125744,0.009259115688873942,-0.02718180044558005
2013-07-18,0.0,0.007752122891268476,-0.03210998984746738,-0.026470568732099076
2013-07-19,-0.04494359363469247,-0.007692489765268373,-0.0691943950195476,-0.025679928078392145
2013-07-22,0.01960780561580444,0.002584072144113936,-0.012219727873127417,0.02480640497289266
2013-07-23,0.03846153099418759,0.003865977938660059,0.030927791973816898,0.039334459078915085
2013-07-24,0.0,0.014120662272927298,0.020000221858478717,0.008733563285976409
2013-07-25,-0.007407368630448219,0.002531644641553754,0.004901674238498854,0.024531105483967863
2013-07-26,0.022387878842673237,-0.003787968817932863,0.0,0.00845041253345169
2013-07-29,-0.032846732137866486,-0.003802372084824368,-0.024390177912405275,0.008379985449286087
2013-07-30,0.018868082669218467,0.001272448622607003,0.020000221858478717,-0.015235441873359679
2013-07-31,-0.011111302226124331,-0.011435736070346647,0.004901674238498854,0.012658257218125524
2013-08-01,-0.0037452994695577058,-0.015424157347548206,-0.0195122047666485,0.005555542826505944
2013-08-02,-0.011278201671763077,0.003916163681331852,0.0,0.002762538573346074
2013-08-05,0.015209112582212025,0.027308375614206293,0.0,-0.012396645701734488
2013-08-06,-0.022471859837697394,-0.011392400886992116,-0.016915330587625732,-0.020920700405004822
2013-08-07,-0.02298832419623642,-0.012803999860575233,-0.018218598568344402,-0.002849113987589247
2013-08-08,-0.023529683471760987,-0.0012970162522372153,-0.006185558394763313,0.011428782857603403
2013-08-09,-0.012047997370481012,-0.00909099884393827,0.0,-0.00847467302805005
2013-08-12,0.004065087918786681,0.015727385904715563,-0.0041495561879095755,0.004273592648765812
2013-08-13,0.01214568527749349,0.020645153575608477,0.012500095829808933,0.03829788097013331
2013-08-14,-0.015999984385071664,0.0,-0.004115184339979372,-0.008196664661904052
2013-08-15,-0.020325302793680056,-0.00758524071109834,-0.008264598496914966,-0.008264556706320425
2013-08-16,-0.008298852528045852,0.007643216346896464,0.0052082528964767505,0.0
2013-08-19,-0.008368088603639023,0.0037926661208995682,-0.010362977214957048,0.04166668576024124
2013-08-20,-0.004219458711413382,0.008816026506346608,-0.011517905218892732,-0.013333265879554412
2013-08-22,-0.00423719538719014,0.007490725060932846,0.0010592830139817266,-0.005405466861884256
2013-08-23,0.04255304371535629,-0.002478313856595138,0.02645518172678729,-0.002717422367499389
2013-08-26,0.004081818227396283,0.009937884623548277,-0.0020618894521120534,0.001362301060143567
2013-08-27,-0.008130312637826265,-0.015990154205657414,-0.012396897745372448,0.0
2013-08-28,-0.012294951959148759,-0.00875017783442733,0.01255250992739021,-0.004081492793607255
2013-08-29,-0.004149426264022926,0.006305351688015826,0.019628145958248355,-0.006830566405296334
2013-08-30,0.025000154242308392,0.017543671826659057,0.018236948378375306,0.009628531240535754
2013-09-02,-0.004065224719039695,0.004926374986558679,0.014925672521831856,-0.02452329202178838
2013-09-03,-0.0122447678889549,0.004901958609645929,0.0,0.015363345057515021
2013-09-04,0.00413227967421248,0.0,-0.01470617299959065,0.0041266322499520225
2013-09-05,0.012345684141573221,0.002438846726226629,0.009950306838450551,0.006849053484054846
2013-09-06,-0.008130312637826265,0.00851581283496916,0.004926347018950006,0.005442090145671985
2013-09-09,-0.004098133424251249,0.04054051339584963,0.009803766762122912,0.001353456168527778
2013-09-10,0.028806573248813416,0.0,0.014563189741489957,-0.0027025848106990713
2013-09-11,-0.004000181187013174,-0.012986864742722815,0.0,0.0027099085684345603
2013-09-12,-0.012047997370481012,-0.01578963122605359,-0.00956953378084724,0.010810859413647123
2013-09-13,-0.016260214874893486,0.0026737662969624765,-0.009661891508440879,-0.009358431476335416
2013-09-16,0.01239656089979424,0.013333526355545855,0.029268255119369035,-0.0013494318234523739
2013-09-17,-0.0122447678889549,-0.0013159443301550278,0.0,0.005405466861884367
2013-09-18,0.0,0.0,-0.02369651811360829,-0.005376404883450703
2013-09-23,0.041322170965727434,0.00395277951788886,0.024271672234357222,0.002702659120820572
2013-09-24,0.035714373948139144,0.009186075338387223,-0.0047392631818719,-0.004043358103061112
2013-09-25,-0.007662796221776014,-0.001300123238572537,-0.019047526171225404,0.005412931745746308
2013-09-26,-0.023166099169794174,-0.013020850426502473,-0.014563189741489957,0.001346021425031596
2013-09-27,0.003952549191380106,0.006596314842177264,0.014778410538235809,-0.004032414528488459
2013-09-30,-0.003936988052437029,-0.005242657230589476,-0.024271982902483225,-0.013495357172355504
2013-10-01,-0.00395261569902261,-0.005270032095152755,0.009950306838450551,0.0
2013-10-02,-0.011904769058858178,-0.006622611793328459,0.014778410538235809,0.006840061874094916
2013-10-03,0.04819286797046973,0.013333526355545855,0.019417379209902608,0.02173908008405334
2013-10-04,-0.015325785850826668,-0.0013159443301550278,-0.009523864669168214,0.009308580942673617
2013-10-07,-0.007781800554237939,-0.00922255616651746,-0.009615235705680125,-0.017127596704890502
2013-10-08,0.027450637523730226,0.007978803402937329,0.019417379209902608,0.014745068103292569
2013-10-09,-0.022900521664453,-0.006596400103336508,0.0,0.009247169857098614
2013-10-11,-0.015625181779682973,0.001328005974954083,0.014285898587307999,0.006544324656774458
2013-10-14,-0.023809337803021857,-0.01856776885062339,-0.014084686188781004,0.0
2013-10-15,0.03658544926844698,-0.0027025846822967825,0.019047526171225293,0.024707302497788852
2013-10-16,-0.023529683471760987,-0.004064906444888217,-0.009345849358912028,-0.011420998508863356
2013-10-17,0.016064311848837276,0.002720880994254049,0.009434018272536315,0.011552944672743815
2013-10-18,0.023715494671208148,0.017639051640204517,0.028037647761542717,0.002538240034478667
2013-10-21,0.0038611139786788318,0.0013334905085635729,0.0,-0.008860686626645964
2013-10-22,-0.007692332085653564,0.005326170271705122,0.013636052463317228,0.0
2013-10-23,-0.007751962757499786,-0.002648976237366596,-0.00448423586759239,0.01149420766854048
2013-10-24,-0.003906163988426803,0.006640201529391154,-0.009008773538953463,-0.005050701421506099
2013-10-25,-0.015686455647840658,-0.007915646019540201,-0.02727297762158043,-0.013959168759710372
2013-10-28,0.00796808689357631,-0.0026597157229006907,0.02336442402766692,0.0064347610572221825
2013-10-29,0.0,-0.013333354014284704,0.0,0.010230368044320093
2013-10-30,0.03557300923006368,0.01351353475718664,0.004566529404533615,0.0
2013-10-31,-0.049618267908577485,-0.0066664184952505146,-0.004545771007561261,0.017721373253291928
2013-11-01,0.0,-0.00134235302496577,0.0,0.006219285132391672
2013-11-04,-0.0080318856202507,-0.005376542569109133,-0.004566237177822452,0.06922108319758724
2013-11-05,0.0,-0.005405256699693939,-0.022935427446087564,-0.0057803806277053615
2013-11-06,-0.0040486298823642075,0.01086961580343404,0.004694561553650001,0.004651087845583435
2013-11-07,0.01219492175572734,0.0013441573586621125,0.0,-0.005787198802043703
2013-11-08,-0.0080318856202507,-0.008053857902988515,-0.009345849358912028,-0.0034923136004662014
2013-11-11,-0.016194383283057223,0.01353181961048655,-0.014150624907865006,-0.004672758209575356
2013-11-12,-0.004115274210239717,-0.005340306365897884,0.004784511716465323,-0.025821695935231204
2013-11-13,-0.00826455934842496,-0.00134235302496577,-0.019047526171225404,-0.00602406605311645
2013-11-14,0.0,0.013440791796765827,0.0048542930244546145,-0.004848406964376051
2013-11-15,0.004166715743764815,-0.0013262447140495182,0.004830842698441362,0.0
2013-11-18,0.0,0.003984017924862249,0.0,0.008526116926273808
2013-11-19,0.0,0.0026456433141426317,0.0096154408263327,0.04227051616139876
2013-11-20,-0.004149426264022926,0.0,-0.019047526171225404,-0.028968567228033093
2013-11-21,-0.008333151046968745,-0.010554308374265742,-0.019417586321986646,-0.009546712747593
2013-11-22,0.0042014465922730615,-0.005333186498578835,-0.009900942000923174,0.021686796796987817
2013-11-25,0.004184149907056733,0.00670242227512774,0.009999950935144053,0.009433875394847968
2013-11-26,0.004166715743764815,0.005326170271705122,0.024752513412310995,0.008177632007073665
2013-11-27,0.008298852528045852,-0.0013244881186833535,0.01449273420688213,-0.00695263454791728
2013-11-28,0.020576094072906947,0.006631223570247702,0.0,0.015169338469879001
2013-11-29,-0.008064474544458244,0.027668009094917956,0.0,0.002298940080666334
2013-12-02,0.0,0.0025641561020650627,-0.004761729167472972,-0.013761497974217551
2013-12-03,-0.008130312637826265,-0.0012785097551450963,-0.0047849199947985754,0.010465075535098789
2013-12-04,-0.004098133424251249,0.011523552170518592,0.0096154408263327,0.0011507294903587706
2013-12-05,-0.004115274210239717,-0.0075950120960629475,-0.009523864669168214,-0.010345103950369361
2013-12-06,0.0,0.0012752481829156892,-0.009615235705680125,-0.0011611025288020826
2013-12-09,0.00826428122558176,0.014012910118041066,0.019417379209902608,-0.004651279669387831
2013-12-10,0.004098409267448755,0.0037689634575117648,-0.009523864669168214,0.0035045525971648672
2013-12-11,0.0,-0.021276673188779127,0.0096154408263327,0.0011643819349429485
2013-12-12,-0.008163087020205406,0.003836107776636899,-0.019047526171225404,-0.020930278952734138
2013-12-13,0.004114997231948303,0.0,-0.004854500136538653,-0.00950129623689
2013-12-16,-0.012294951959148759,-0.011464674181953849,-0.004877765023342473,0.0
2013-12-17,0.0,0.006443474229226309,0.014705650143184146,0.015587676866405609
2013-12-18,0.0,0.01024299198439671,-0.024154625715323008,-0.012987128498755052
2013-12-19,0.004149426264022926,0.005069896088222281,0.014851465804719188,0.026315960839847552
2013-12-20,0.01239656089979424,-0.0037831395526995992,-0.004877765023342473,0.00815850457303613
2013-12-23,0.008163499096145665,0.0,0.0196075335242456,-0.0023122285370781315
2013-12-24,-0.0080973960111278,0.0012657262726225582,-0.009615235705680125,-0.009270158157557606
2013-12-25,-0.004081680868749493,-0.0012641262348352944,0.0,0.0058481818926705564
2013-12-26,0.0,0.0037975060480315292,0.009708586048909229,-0.003488571649260197
2013-12-27,0.008196956456496318,0.007566116109296139,0.004807925533818702,0.017503151950750917
2013-12-30,0.008130039037320236,0.005006280802422047,0.01435373928856265,0.019495413422581098
2013-12-31,-0.004032169423713761,-0.0024908726086346755,-0.004716908511033346,-0.002249744320526048
2014-01-02,-0.0040486298823642075,0.003745275743596954,-0.00947842526161946,-0.005637011708669815
2014-01-03,-0.004065224719039695,-0.012437589591937859,-0.019138965492111137,-0.012471704103163783
2014-01-06,0.012245042606248369,-0.005037725147862937,0.0,-0.009184823985319168
2014-01-07,0.01612888124040124,0.0,-0.004877765023342473,-0.03012723345435908
2014-01-08,0.02777790575661032,0.006328876785735904,0.0196075335242456,-0.02747943265309527
2014-01-09,-0.007722162990437709,0.012578635780728264,-0.028846117358345524,0.012285221754278597
2014-01-10,-0.003890834804609722,0.008695793891203563,0.00990125882092907,0.01213572633706872
2014-01-13,-0.011718886334762257,0.007389077285412382,0.009803766762122912,-0.003596933036504324
2014-01-14,-0.00395261569902261,0.006112557427440324,0.0048542930244546145,0.0
2014-01-15,0.007936534963093766,0.012150920661834208,0.01449273420688213,0.008423648550596852
2014-01-16,0.0,0.007202718625362925,0.019047526171225293,-0.0023868586416534443
2014-01-17,0.003937253035647625,-0.0011920353092027547,0.004673024364262535,-0.007176984553542209
2014-01-20,0.0039214819399620016,0.016706483303195574,0.0,-0.012048065853829226
2014-01-21,0.0,-0.008215867712324854,-0.009302180672376092,-0.053658742346150645
2014-01-22,-0.003906163988426803,-0.00355040755001379,0.009389523718432491,0.0283507012047024
2014-01-23,0.007842831907925785,-0.0035628275916274044,0.0,0.007518606844716835
2014-01-24,0.0,0.013110770776578518,0.004651090336188046,0.013681784379192763
2014-01-27,-0.03891024674886434,-0.0011763809588690721,-0.02777774211379669,-0.017177974462476042
2014-02-05,-0.028340272930149846,-0.04240294198023409,-0.04285718784414605,0.0012484193953228306
2014-02-06,0.004166715743764815,0.007380068227414771,0.014925672521831856,0.01620955906653343
2014-02-07,0.004149426264022926,-0.006105014680174881,0.0196075335242456,0.004908098730626698
2014-02-10,0.0,0.003685381861153525,-0.009615235705680125,0.001220914239435933
2014-02-11,0.0,-0.015911928765261596,0.014563189741489957,0.021951267108688333
2014-02-12,0.00826428122558176,0.023632055250810025,0.004784511716465323,0.03579920490978683
2014-02-13,0.0,0.004860132682855012,0.0,-0.011520490780040693
2014-02-14,0.008196956456496318,0.009673642814569172,0.02380956008936508,0.005827411708864361
2014-02-17,-0.008130312637826265,0.0,0.009302180672376092,-0.00579364972661045
2014-02-18,0.0,0.003592772937431432,-0.004608223805767975,0.01048940516626895
2014-02-19,0.004098409267448755,0.0023866074197378406,0.0,0.0034602155131515655
2014-02-20,-0.004081680868749493,-0.014285550517566192,-0.013888673533310802,0.0
2014-02-21,0.008196956456496318,0.0108693607522381,0.009389523718432491,0.002298940080666334
2014-02-24,-0.004065224719039695,-0.011947449198902782,-0.0046512887784756485,0.0
2014-02-25,0.0,0.0012094104889710522,0.009345849358912028,0.02178876519336881
2014-02-26,0.008163499096145665,0.009661723382511811,-0.004629557844436971,0.0
2014-02-27,-0.0040486298823642075,0.004784633882199518,0.004651090336188046,-0.0011223783014761013
2014-03-03,0.016260146474766923,-0.010714316764286913,0.0,0.011236332714176234
2014-03-04,-0.008000025845398606,-0.0036099114884575734,-0.004629557844436971,-0.011111480423194209
2014-03-05,0.004032101575198288,0.002415196686365473,0.02325594778665896,0.012359725020353762
2014-03-06,0.020080356023025603,0.016867589585272125,0.027272686723265105,0.03218637007575498
2014-03-07,-0.003936988052437029,0.0035543849691892504,0.013274128287123155,0.01720426292785371
2014-03-10,-0.011857581066497924,-0.0011803952149357366,-0.013100234099100438,-0.002113898718407503
2014-03-11,0.02000009826635929,-0.004728230271093703,0.008849135682719833,0.005296582648090853
2014-03-12,0.01176464377788311,0.005938097156246824,-0.008771515353216075,-0.03898847387889237
2014-03-13,0.011627781089439626,0.016529119213049448,0.030973437962224848,-0.008771969492650245
2014-03-14,-0.011494129863572455,-0.006968635622676911,-0.012875701124280048,0.01769913496173614
2014-03-17,0.0038758835506638167,0.014035000991717839,-0.008695888485312109,-0.01521750525941623
2014-03-18,0.007721968089678288,-0.008073799621251765,0.004386178713835953,0.0
2014-03-19,-0.015325785850826668,-0.008139516446051043,0.0,-0.028697477821053807
2014-03-20,-0.015564124888549413,-0.010551026504965977,-0.02183400296419946,0.007954605173249085
2014-03-21,-0.011857581066497924,0.0035543849691892504,0.004464216414118871,-0.0022548170824511216
2014-03-24,0.011999870503784038,0.01534841878926696,0.0,0.003389838091053088
2014-03-25,0.003952549191380106,-0.0034884822821307226,0.008888846329137667,0.01576594540435239
2014-03-26,0.015748217192958602,0.003500694392494008,0.01762134367620538,0.014412365146983852
2014-03-27,0.0,0.0034884071333340927,0.004329029115230476,-0.012022023438741813
2014-03-28,0.0,0.0,0.012930924300545321,-0.015486902767869348
2014-03-31,-0.0038762096442840344,0.0,0.00851050618866278,0.010112631478203626
2014-04-01,0.011673421028958186,-0.0011588849631998244,0.008439138730252482,0.031145642688578556
2014-04-02,-0.007692332085653564,0.0,0.004183945431533331,0.007551059849804531
2014-04-03,0.011627781089439626,0.0,-0.012500161105168162,-0.01927187775609862
2014-04-07,-0.007662796221776014,0.001160229535762669,-0.008438688676457473,0.006550353871831005
2014-04-08,0.007721968089678288,0.0011586603005253604,0.01276575928299395,-0.002169222107445412
2014-04-09,0.003831269172704932,0.0011575437631954344,0.0,0.0032609366778659776
2014-04-10,0.007633742705948965,0.0034681679280947897,0.0042020644352400716,0.01733473632986926
2014-04-11,-0.007575910157046728,-0.008064497514987834,0.004183945431533331,-0.009584802989460628
2014-04-14,-0.011450196609190666,0.005807133800971531,0.004166512968632796,-0.010752575637168693
2014-04-15,0.0,0.006928476096458969,0.016597874357478615,-0.007608692858520616
2014-04-16,-0.007722162990437709,0.003440327195356918,-0.01224514033808688,-0.009857634432745788
2014-04-17,0.0,0.004571375898319463,-0.008264422741271149,0.021017787397965337
2014-04-18,0.007782258861802394,0.001137716903477859,0.025000322210336323,-0.009750953022056641
2014-04-21,-0.0038609190779193003,-0.0011364239747122529,-0.012195275293389596,0.026258387101509628
2014-04-22,-0.0038762096442840344,-0.001137790427899632,0.0,0.0021320444141526007
2014-04-23,0.027237480444998408,0.009111882066752619,-0.004115425035117526,0.005319122175777569
2014-04-24,-0.0037879232102794314,0.0,0.0,0.009523715311519965
2014-04-25,-0.026615835055910142,-0.018058700130430316,-0.020661277230732078,-0.016771221653459345
2014-04-28,0.0,-0.006896694658744318,0.004219344338228792,0.03518107780097868
2014-04-29,0.019531148583368907,0.01620359306072139,0.012605117714900027,-0.004119285184130961
2014-04-30,0.0,-0.013667271038835138,-0.01659752029026429,-0.02378491434264529
2014-05-02,0.007662796221775903,0.025404238221366837,-0.004219344338228792,0.0699151705623573
2014-05-05,-0.01520904860337724,-0.0011261130947091136,-0.008474535671320393,0.015841437749773535
2014-05-06,0.007721968089678288,0.0033821479652393904,0.008546967250163462,-0.007797253612209731
2014-05-07,-0.003831269172704932,-0.0022471650654060094,0.004237222639582816,0.017681770268572317
2014-05-08,0.030769263625574084,0.003378266504892924,0.008439138730252482,-0.011582932067485063
2014-05-09,-0.011194221954673567,0.0033668922455940553,0.004183945431533331,-0.011718668609915106
2014-05-12,-0.011320887699115434,-0.01901544413406786,-0.012500161105168162,-0.024703755010319184
2014-05-13,0.0,0.0022804016336650523,0.01687764738519193,-0.00405250867435647
2014-05-14,0.01908406776121141,0.0034129301371679244,0.012448029571693775,0.025432218491862724
2014-05-15,-0.0074905989391154115,0.004535315374964544,0.0,-0.007936489752151221
2014-05-16,0.0,0.002257310162483872,0.0,0.004000045751258785
2014-05-19,0.0037735657370643327,0.011261276505560414,-0.008196508473263364,-0.019920545662254763
2014-05-20,0.0,0.008908510775344824,0.0,0.0
2014-05-21,-0.007518758942996362,-0.006622512304637729,-0.0041323435971681866,-0.007113540584153921
2014-05-22,0.011363578421374587,0.022222399350733113,0.012448029571693775,0.03377682890423106
2014-05-23,0.0,0.010869368981740735,0.0,-0.012871351923701146
2014-05-26,0.003745551550962345,-0.005376213320672729,0.008197295329683607,-0.008024053739462134
2014-05-27,0.018656555238030004,0.003243345590521418,0.004064629270377651,0.02932246606025135
2014-05-28,0.03663003414656374,0.00646537240362588,0.004048606772989016,-0.001964497095117701
2014-05-29,-0.02473503422603407,0.0010707207083777703,-0.016129212619096722,-0.019685154861985632
2014-05-30,0.01811597229076578,-0.011764777442726193,-0.02049140232589508,-0.022088331019100016
2014-06-03,0.007117461376300316,0.00649343200802166,0.02510465442172749,0.010266775832670216
2014-06-04,0.010600771423556532,0.001075395547508018,0.008162962510190663,-0.003048452682537728
2014-06-05,-0.0034966030611868204,-0.0021481335395596712,-0.004048174940024851,0.03363910327563557
2014-06-06,0.024561396879706265,0.0032291717102908013,-0.004065149576223948,-0.0138068083710704
2014-06-09,-0.010274035753174204,0.003218916410940187,0.004081742469895566,0.017999930933195962
2014-06-10,-0.006920147681363953,0.006417107346422979,0.01219475498754341,0.0019646051294937017
2014-06-11,0.010452789259226769,-0.0031880609832475315,0.004015916307875678,-0.007842904273632878
2014-06-12,0.03793095685308101,-0.004264480762571354,-0.011999901016965353,-0.01185784152790792
2014-06-13,-0.009966727264189568,-0.0021413030271074662,-0.004048174940024851,0.0
2014-06-16,-0.013422863508830818,-0.005364953142645734,0.008129692128960642,-0.006999942590968589
2014-06-17,0.0,0.014023851975029533,0.008064391263702397,0.027190171046665323
2014-06-18,-0.013605373653284403,0.0010638863257330655,0.004000194552861158,0.005882366894682578
2014-06-19,0.02758618208706709,-0.0021253739888316137,0.00398391678981036,0.009746647409265785
2014-06-20,-0.023489926443643006,0.004259663996547758,-0.01190466314295835,-0.0173745573372176
2014-06-23,-0.0034364086309077724,0.034994779389365016,-0.0120478345965086,0.003929534362115961
2014-06-24,0.0034482582553378993,0.0061476029943674515,0.0,-0.011741815014517876
2014-06-25,0.0034364086309077724,-0.01731167283034485,0.004064629270377651,0.0
2014-06-26,0.03424663217785673,0.02072535216549909,0.008097213545978255,0.019801987744856975
2014-06-27,-0.016556206524287576,0.0010153480603309895,0.008032175307276512,-0.027184348047809004
2014-06-30,0.0067338583255309725,0.014198815800737119,0.0079679185698458,0.007983902240332963
2014-07-01,0.02006690054846305,0.019999962515782954,0.011857862815677578,0.005940607212465032
2014-07-02,0.0032787822208266704,0.009803935234671046,0.03515637174030761,0.019684938367931393
2014-07-03,0.022875588773888733,0.009708688520455144,0.01509410389384147,0.03281853753208197
2014-07-04,0.05431336800618358,-0.009615336216113435,0.003717652835825591,0.011538337802214915
2014-07-07,-0.0031251271542803716,0.004854312887430545,0.007407529140455615,0.009505772000273582
2014-07-08,-0.021943548654391742,0.009661849624898577,-0.01102970933154479,-0.01694907235967935
2014-07-09,-0.006410308706861878,0.00478457211123362,-0.0037171770168656915,-0.005747064649537004
2014-07-10,0.012903331753611358,0.033333446175824344,0.003731045975213565,-0.00770718306578233
2014-07-11,-0.02547770568245855,0.004608182388813997,0.014869976918022276,-0.027184242736972175
2014-07-14,0.035947790484535114,0.009174326069584016,-0.007491240761951734,0.003991936542088403
2014-07-15,-0.009463798387287725,0.009091157988716514,0.0037736553179086307,-0.013916703369916128
2014-07-16,-0.015923799887301526,-0.03153157192072542,-0.018797185030302144,0.002016143370961565
2014-07-17,-0.022653488250028997,-0.009302458122886659,-0.04597667612381884,-0.0040239583499125375
2014-07-18,0.009933747283593197,0.009389806403739431,-0.00803219278670364,0.018181727875287823
2014-07-21,0.01967218411819638,0.027907133892536518,0.0,0.005952422613733965
2014-07-22,0.009646275259288739,-0.004525243091740183,0.008097231309621034,0.019723792271142626
2014-07-23,0.0,0.0,0.0,0.0
2014-07-24,-0.003184843119065639,0.004545814005163518,0.00401588691836241,-0.007736998296909325
2014-07-25,-0.025559003170830596,-0.02262469480109386,-0.015999713582952935,-0.011695780921388899
2014-07-28,-0.026229507495123205,-0.027777877512292437,-0.012195260546137177,-0.007889495824541348
2014-07-29,-0.01346801309806167,0.0,0.020575910503443984,-0.009940532766482879
2014-07-30,0.01706476240945287,-0.00476178898843993,0.00403250162829516,0.008032185409112325
2014-07-31,-0.05704690085904951,-0.009569391602236132,-0.02811263285846466,-0.06573719431784619
2014-08-01,-0.03558724564487725,-0.014492711994869234,-0.008264530498351297,0.05863558750973086
2014-08-04,0.003690006907135057,0.03431358323910527,0.029166864075074628,-0.009063399878356582
2014-08-05,-0.029411706482928013,-0.03317522248102678,-0.032388671833095684,-0.010162889549187981
2014-08-06,0.011363605461096826,0.01470583949125892,0.008367919225490184,0.032854557171743126
2014-08-07,-0.0037454101324622124,0.0,0.0082990842300259,-0.021868832060983556
2014-08-08,-0.015037657170172913,-0.009661787182419945,-0.008230776324034239,-0.0030489103181920996
2014-08-11,0.01145060178777002,0.01463410358935513,0.0,0.009174485872037064
2014-08-12,-0.015094339157948333,0.004807699179193881,0.0082990842300259,-0.01111140384387388
2014-08-13,0.007662709978558446,0.014354211093238645,0.00823026117071346,0.018386240772075846
2014-08-14,0.011406814147943534,0.028301618180355925,0.012244870847652578,0.003009155591227941
2014-08-15,-0.007518675234119421,-0.013761251937505103,0.0,0.0
2014-08-18,-0.007575942990994955,0.0,-0.008064161977799356,0.0
2014-08-19,0.007633776043103557,0.0093022176467632,0.008129721367743148,0.01999981827773256
2014-08-20,0.003787909690418312,0.0,0.01209683186185262,0.00392170137346004
2014-08-21,-0.003773615575412337,0.0,-0.007967943362417573,0.0019530342703284465
2014-08-22,0.02272733453235176,0.013824785426221231,0.00803194141671626,-0.0077973261964113805
2014-08-25,-0.0037037941273267982,0.004545814005163518,-0.003984054803570669,-0.015716784542200712
2014-08-26,0.007434944463406312,-0.004525243091740183,-0.003999824077175029,-0.011976129672488178
2014-08-27,0.003690006907135057,0.018181845955822507,0.00803194141671626,0.012121295883791072
2014-08-28,0.0036765607897062402,0.03666067742345369,-0.003984054803570669,-0.008982203936440558
2014-08-29,0.0,0.0,-0.008000065428602876,0.006042338351570864
2014-09-01,0.007326066874625781,-0.004902009352926506,0.03629015907404143,0.031030925849439006
2014-09-02,-0.02545451352267325,-0.009851979222720297,-0.0194549698876485,0.0
2014-09-03,0.003731190622714653,0.004974946746229447,0.01587289628384192,-0.0019416574940672726
2014-09-04,-0.0037173205909839524,-0.010891016976859347,-0.003906159905533002,0.0019454348622467421
2014-09-05,-0.007462929188900014,0.006006110455826663,-0.003921559643461303,-0.003883522552140639
2014-09-09,0.0037594909680267463,0.014925179200788286,0.0,0.013645216657105719
2014-09-10,-0.007490575822356793,-0.009803907380043886,-0.015748077417184203,-0.013461531148054262
2014-09-11,-0.003773615575412337,-0.009901088056116891,0.0,-0.005847994647308563
2014-09-12,-0.018939363036854395,-0.005999764719562095,-0.015999713582952935,-0.007842983548996707
2014-09-15,-0.0038609722402729307,0.01609643949541195,0.004064860683871574,-0.00988128055683657
2014-09-16,-0.02325593896753997,-0.014851407228088864,-0.008097315778083813,-0.007984299812474283
2014-09-17,0.023809654847511963,0.015075296596934074,0.01632674993757921,0.0010060433578340522
2014-09-18,-0.0038761900955314177,0.009900975628073683,0.00401588691836241,0.005025268691692952
2014-09-19,0.007782292867988039,-0.009803907380043886,0.0,-0.006000148584677456
2014-09-22,-0.015443951959317248,-0.004950319171971973,-0.024000196285808517,-0.0060361526062922
2014-09-23,0.0,0.0,0.004098523259282061,-0.042509987638859936
2014-09-24,0.003921472271417148,0.0,0.004081964247940606,-0.052854317440376164
2014-09-25,-0.007812563736487865,-0.004975398695696409,-0.008130569485896189,0.005580217800708054
2014-09-26,-0.0039370402460997544,-0.028999790155285088,-0.008196533476346746,0.00998909215244792
2014-09-29,-0.00395253730619427,0.005149147042055935,-0.004132394569710041,-0.021978059412732787
2014-09-30,0.0,-0.016393419735488246,-0.0041492824007021145,0.012359397931104299
2014-10-01,-0.0039681571029176466,0.025000082798572798,0.012500233630134083,0.015538521881066192
2014-10-02,0.011952093337371572,-0.009146385441577198,-0.004115388162017064,-0.0032787115066826855
2014-10-03,0.015748160984398796,0.01846151158524867,0.02892581363738489,-0.002192997878500136
2014-10-06,0.0,-0.008056268894655605,0.01204807970506594,0.024175759633219274
2014-10-07,-0.007752000736647502,-0.009137214539860716,-0.00793657233067857,-0.022532119679799845
2014-10-08,0.007812563736487865,-0.009221356773512879,-0.020000038389231256,-0.02744238821591949
2014-10-09,0.0,0.009307181615747506,0.020408203237435085,-0.051918680060611955
2014-10-13,-0.04651162496546968,-0.01844259720242425,-0.0360001692464369,-0.040476219260398016
2014-10-14,0.02032516874021595,0.002087679702782008,0.004149542115012839,0.03846160987480629
2014-10-15,-0.011952158343508379,-0.026041570561180394,0.004132394569710041,0.02031064687010553
2014-10-16,-0.008064515598447564,-0.013903782931690034,0.0,-0.011709683219585876
2014-10-17,-0.020325301395011097,-0.03470723021624822,0.016460865776974032,-0.00473930648023968
2014-10-20,0.024896469513422392,0.04719113638578998,0.02024286710289558,-0.004761938090987128
2014-10-21,-0.004048681415628086,0.003218879217921744,-0.00793657233067857,0.0047847226440003165
2014-10-22,0.012194955323854728,0.005347464018488957,0.03200009480471033,0.013095393378462772
2014-10-23,0.0040162284724845065,0.010638464294103533,-0.011627960574703056,-0.01292612074248245
2014-10-24,-0.011999901317567119,-0.0189473987436094,-0.015686320392322872,-0.002380969045493564
2014-10-27,0.0,0.00858355607720851,0.019920274017853234,-0.0023866515890494933
2014-10-28,0.008096900419242603,0.01595766624106698,0.0,0.01674640138861805
2014-10-29,0.01606425860710714,-0.0052356531415761465,0.007812645806593244,0.024705741946307258
2014-10-30,0.04347836181397646,0.002105259886581612,-0.0038762833709190536,-0.01607347143304305
2014-10-31,0.01515163876167347,0.008403229036566984,0.015564251928168682,0.010502075075673467
2014-11-03,-0.0037314950357538734,0.02187502809237296,0.003831489598997706,0.010392495742543417
2014-11-04,0.0,-0.006116199101559139,0.007633571373454329,-0.008000116790917833
2014-11-05,0.0037454712431042037,0.007179418495635526,0.0,-0.01728104363471672
2014-11-06,-0.007462929188900014,-0.023421613911663863,0.0,-0.03165308626488594
2014-11-07,-0.0037592456064794444,0.004171124197718479,-0.007575741410689063,0.033898481657268054
2014-11-10,0.02641500116863371,0.020768519287150733,0.026717420174591,0.05854785283149977
2014-11-11,0.0,-0.006103869985259025,-0.0037172319415604838,-0.014380573877301961
2014-11-12,-0.011029382432687251,-0.01740023754170028,-0.014925495137548261,0.005611712336487162
2014-11-13,0.0037175632161345895,0.020833422046089956,0.015151640879826012,0.013392773257951296
2014-11-14,0.011111080223833891,-0.012244995384329993,0.007462747568774075,0.0033041062107801444
2014-11-17,-0.021978081088782964,-0.012396794070503758,-0.014814857744261944,-0.01646547986499025
2014-11-18,-0.011235924844177014,-0.0010457267914040225,-0.01127848357519945,-0.023437368114286983
2014-11-19,0.018939363036854395,0.005235415335696825,0.03422078177066323,0.0057142033393406955
2014-11-20,0.04460972743672542,0.0072915971750073805,0.022058851165710047,0.0
2014-11-21,0.0,-0.0041363816401255304,-0.0035971892526363014,0.011363594952687794
2014-11-24,-0.010676243372639393,0.0020769580523807285,0.0,0.01123603467785017
2014-11-25,0.007194186333968844,-0.001036208948486772,0.0036101757380011534,0.0
2014-11-26,-0.010714257826317186,0.009335907499634866,0.0,0.015555427017066803
2014-11-27,0.007220276148937943,-0.0020553787565191772,0.007194228406620207,0.017505361439435152
2014-11-28,-0.014336801017497236,-0.0010301568507067316,0.01071403822381245,0.0
2014-12-01,-0.007272785958330252,-0.01752545796713678,-0.010600464442584445,-0.004300876531464604
2014-12-02,-0.007326066874625892,-0.027282341794112153,-0.017857326479106872,-0.021598424226990542
2014-12-03,0.0258302289758654,0.01941744599650308,0.003636583791683856,0.01986769265874666
2014-12-04,0.035971283825423805,0.008465715911323501,0.0072463603782984,0.010822471508714848
2014-12-05,-0.010416751648650524,-0.022035760516873948,-0.010791567757908904,-0.0192720853588918
2014-12-08,0.0,-0.013948537529619442,0.003636583791683856,-0.04803481525169806
2014-12-09,0.0,-0.02067467748020846,0.0,0.004587249871345511
2014-12-10,-0.02807017784916599,-0.004444501080418828,-0.01449279634975742,-0.018264663271678305
2014-12-11,0.0,0.003348399716879502,-0.011029617344925247,0.009302078432664285
2014-12-12,-0.0036101380744689715,-0.003337225352454287,0.0037177748635792707,0.014976818277400605
2014-12-15,0.039855284088745835,-0.021205137482598002,0.007407312962623758,-0.002269981947282562
2014-12-16,-0.02787467578694902,-0.019384556860507884,-0.022058774460882002,-0.003412932551152048
2014-12-17,-0.0250896357095286,-0.019767283722404105,-0.018797185030302144,0.004566181071266939
2014-12-18,0.025735325655080743,0.005931324014005757,0.007662739385164707,0.012499905859110427
2014-12-19,0.021505318490700143,0.009433880151967333,0.04942995641228132,0.0258136967891347
2014-12-22,0.014034859920480702,0.028037406733055326,0.003623104595988469,-0.004376281883124
2014-12-23,0.020761421497484056,-0.007954597655764117,-0.007220351476002307,0.006593218129000489
2014-12-24,0.0067798278853594685,0.005727368294267343,0.003636583791683856,0.014192359120273501
2014-12-25,-0.010101092230316189,0.0,-0.00362340696863106,-0.006458602921226242
2014-12-26,0.006802887961300241,0.0022779656054159325,0.010909296166682791,0.005417040549861918
2014-12-29,-0.006756921382173986,-0.002272788271904136,0.01438860691189281,0.007543272508120147
2014-12-30,-0.013605442931951539,0.0,-0.007092329760262639,-0.011764787928565057
2014-12-31,0.017241295884506735,0.0011389504700425324,0.007142990202251287,0.0
2015-01-05,0.03389847570300786,-0.007963647755274694,-0.010638568625182088,0.0
2015-01-06,-0.03278704485946593,-0.030963258399649196,-0.04301073741046735,-0.008658185444887057
2015-01-07,0.00339007987362705,0.008283877041783239,0.003745466732649083,0.06222740776822078
2015-01-08,0.006756590641516791,0.01995335824376654,0.02985075672607551,-0.003083269027609581
2015-01-09,0.013422929033884312,-0.00460311509643252,-0.02898551710635433,0.006185389551818243
2015-01-12,0.0430462742477562,-0.009248606588344921,-0.014925495137548261,0.0
2015-01-13,-0.012698309430204668,0.007001222906856119,0.00378794973456853,-0.010245865056517145
2015-01-14,-0.019292655448092555,-0.011587467981996391,-0.018868119127553484,0.010351929529551551
2015-01-15,-0.013114860741269552,-0.0058615891786373275,0.011538438390845673,-0.004098389832225546
2015-01-16,-0.023255788740566774,-0.008254770669867573,0.041825488086063345,-0.021604652812412195
2015-01-19,0.023809497381694467,-0.004756370203764959,0.014598429541308189,0.024184672160335596
2015-01-20,0.009966751115162431,0.011947549949118619,-0.007194228406620207,0.006160428389684336
2015-01-21,-0.003289393528064788,0.0070838143442448764,0.02173923232121644,0.00714268885263647
2015-01-22,0.01980181918127366,0.0023447288562392643,-0.007092329760262639,0.004052822175861115
2015-01-23,0.009708924473622593,0.02690047551855379,0.03571420587864926,-0.0020183933537128995
2015-01-26,-0.006410308706861878,0.011389440035095122,0.0,0.019211571776479808
2015-01-27,-0.0032259382064141473,0.0,0.013793577285314162,-0.00396828174248931
2015-01-28,0.01294509181989878,-0.010135056941762088,-0.0034018483681282907,0.0
2015-01-29,-0.01916938270194224,-0.013651921443496695,-0.020477629540172293,-0.008964206417262366
2015-01-30,0.00325746229390389,0.0,-0.017421562260149126,-0.029145720437306677
2015-02-02,0.0032465678315158897,-0.002306736265816678,0.010638272686029682,-0.001035204018738356
2015-02-03,0.01294509181989878,0.01040447729570615,0.014034835222804576,0.005181494655614349
2015-02-04,0.0,0.0011441631988706735,0.010380673297381904,0.0
2015-02-05,0.006389828986999246,-0.0022855813970389383,-0.0034245072912253427,0.0
2015-02-06,-0.00634925831219002,0.0,-0.017182234556587295,-0.01237133011111502
2015-02-09,0.0,-0.0034362258694816683,-0.006993137588898746,0.018789166646024036
2015-02-10,-0.015974363949387227,-0.01724148057577013,0.0035214133728196373,-0.06967218905164774
2015-02-11,0.022727246239381715,-0.008187121454951707,0.038596254400229846,0.0
2015-02-12,-0.00634925831219002,0.016509340480701296,0.0033781597779987127,0.008810518232330145
2015-02-13,-0.003194810234444234,-0.004640495931184652,0.0,0.002183538609224378
2015-02-24,0.016025771767154584,0.0,0.016835265896872675,0.023965428282281875
2015-02-25,0.012618089019329704,0.005827630074824786,0.02317889647666438,0.007446518165401317
2015-02-26,-0.0031151887895087826,0.009270171753472889,-0.0258897749102438,-0.0010557479623827248
2015-03-02,-0.009374872527024292,0.0,-0.009967030487701312,0.008456378917913066
2015-03-03,0.0,-0.009185024994216473,0.010067372294289445,0.00314478868871082
2015-03-04,-0.0063093018683209046,0.023174935963992782,0.0,-0.006269413198651708
2015-03-05,-0.00634925831219002,0.0022650666120038743,-0.003322459020313695,0.0
2015-03-06,0.0,0.003389696981477952,-0.006666721375959139,-0.010515431610297221
2015-03-09,0.003195018752554901,-0.01126118148386046,-0.02348981189121102,-0.022316614360593068
2015-03-10,0.0,-0.0079724592943059,-0.010309111304819374,0.0
2015-03-11,-0.003184843119065639,0.002296011804745479,0.013888564905764955,-0.014130533292124325
2015-03-12,0.009584743480498759,-0.002290752210628244,0.013698600773529357,0.0
2015-03-13,-0.006329062289427534,0.010332802749034586,0.006756812954675784,-0.012127920989283947
2015-03-16,-0.003184843119065639,-0.007954597655764117,-0.020134254501328885,-0.03571430062715786
2015-03-17,0.0,0.0,0.020547972611372645,-0.004629353260760305
2015-03-18,0.006389828986999246,0.006872841953120767,0.03020155678315417,0.012790350076349544
2015-03-19,0.0063493619092778175,0.0364050161963847,0.0032575251222515256,-0.00344421887848978
2015-03-20,-0.012618500793179388,0.020856046134400508,0.0,0.004608265987445348
2015-03-23,0.006389828986999246,0.0053765200140267755,-0.003246948107221592,0.0057338631360432935
2015-03-24,-0.003174525559007324,-0.002139094909091366,-0.013029556809265985,0.017104007715001313
2015-03-25,-0.006369478384117944,0.01178990775425448,-0.0033003229882128116,-0.006726564071000585
2015-03-26,-0.022435871287594722,0.0,-0.036423693967712834,-0.006771996501405586
2015-03-27,-0.003278822179025309,-0.014830607355784897,-0.02061850939605503,-0.04772724456782773
2015-03-30,0.006579109093155511,0.010752734779835516,0.0,-0.0023866515890494933
2015-03-31,0.013071788083764302,-0.02553187942457713,0.02105258226121931,0.01315779547292606
2015-04-01,-0.01612895415599158,0.001091763483145769,-0.010309111304819374,-0.009445041498348905
2015-04-02,0.01639336193917118,0.01635772572161298,0.020833499349530493,-0.017878362007287874
2015-04-07,0.01935489236240584,0.004291778038604255,-0.0068031999813787936,0.021844618630996182
2015-04-08,-0.009493748338010533,0.0010683138547422644,-0.020547901160294035,0.0
2015-04-09,-0.015974363949387227,-0.007470701195947171,0.0,0.002375313648360633
2015-04-10,-0.009740233252368724,0.0010755115715936903,0.027972477405546092,-0.0011847791250391149
2015-04-13,0.0,-0.0021482852899935567,0.0,-0.004745054975710761
2015-04-14,-0.009836038562244243,0.009687699350624968,-0.020408322574450577,-0.01072713187173635
2015-04-15,-0.03642392013410256,-0.018123521088320382,-0.0069447171134712216,-0.03975893396622321
2015-04-16,0.01030925060424459,0.013029234234506415,0.027972477405546092,0.02634879237970833
2015-04-17,-0.02721088586390319,-0.010717915398407052,-0.0306125193441672,-0.019559909549188625
2015-04-20,-0.020979079226737363,0.0054169245583362,0.003508617298197736,-0.027431348654216814
2015-04-21,0.0035715746710847096,-0.007543031191158955,-0.0034963499443025903,0.0025638463945190093
2015-04-22,0.0035586316589195643,-0.0010858363029339069,0.007017527420406511,0.028133059451249
2015-04-23,0.035461052819654615,0.014130413853778112,0.02439055064349649,0.00248771300319639
2015-04-24,0.003424685473528921,0.013933649052607855,0.037414300025895075,0.03970224707254322
2015-04-27,0.01706476240945287,0.0010569607687562765,-0.006557227229628593,-0.020286410946707245
2015-04-28,-0.0033556227514792702,-0.011615611586294206,0.0,-0.028014487785208098
2015-04-29,-0.01346801309806167,-0.016025557037235405,-0.019802213357859366,0.0037592234996912666
2015-04-30,-0.003412997032171683,-0.0010858363029339069,-0.010100288460248352,-0.01373279763714319
2015-05-04,-0.0205480010840442,0.011956627456556346,0.003400996788337718,-0.037974680118716186
2015-05-05,0.0,0.0,-0.0033894692144254,-0.014473856324062062
2015-05-06,0.0034966463230958755,-0.0010743560891877113,0.003400996788337718,-0.012015822528957276
2015-05-07,-0.020905978414184734,-0.009677223208241825,-0.0067797871222377015,-0.004054082456700248
2015-05-08,-0.014234991163519117,0.0065146479403570545,0.0,0.021709786366448602
2015-05-11,0.01083029641443689,0.00539373499902851,0.013651634348083697,-0.017264395093513296
2015-05-12,-0.01785694098154955,-0.005364798696536388,-0.006733642720525124,0.004053938003379276
2015-05-13,0.014545334585177816,0.01941744599650308,0.00338968138777207,0.06998653591849635
2015-05-14,-0.014336801017497236,-0.008465715911323501,-0.013513484938300513,-0.01132063370324099
2015-05-15,0.0,-0.006403224449937683,0.0034246501933823392,-0.0076335732519822175
2015-05-18,-0.010909238270366162,0.039742027691761495,0.0,0.0038459751599628778
2015-05-19,0.025735325655080743,0.01652901965862985,0.0,0.0012772848822426575
2015-05-20,-0.003584258736601398,-0.009146385441577198,0.0,0.01913251471499855
2015-05-21,-0.007194303719162076,-0.005128372358452649,-0.006825781570432454,0.001251573413744378
2015-05-22,0.007246436786284338,-0.005154339876913938,0.0,0.025000045096527534
2015-05-25,-0.007194303719162076,0.00414495346473398,0.013745672930703279,-0.030487825942369873
2015-05-26,0.007246436786284338,0.005159892569424285,-0.0067797871222377015,0.005031415166947939
2015-05-27,0.0035971518595809826,0.0,-0.010238885977304824,0.001251573413744378
2015-05-28,0.01075265924534996,0.009240408354700191,0.013793577285314162,0.022500094034611173
2015-05-29,-0.014184397983830865,0.008138223776144704,-0.0068031999813787936,0.013447396977864123
2015-06-01,-0.010791220808356705,-0.018163445225726216,-0.0068493003867646784,-0.010856466079708693
2015-06-02,-0.003636511644906526,0.005138680297924969,-0.006896249063830684,0.0
2015-06-03,0.007299210958237046,-0.008180063809908322,-0.0069447171134712216,0.0
2015-06-04,-0.02536223316245101,-0.025772987091556954,-0.013985837477504037,-0.017073096489911288
2015-06-05,-0.007434944463406312,-0.0021162787763505664,-0.007092329760262639,-0.0062035175502849205
2015-06-08,-0.011235924844177014,0.006362601771102927,-0.010714336276855474,0.0
2015-06-09,-0.011363605461096826,-0.017913625218616613,0.0036101757380011534,0.0024968965617560013
2015-06-10,0.015325670019038506,0.025750850987499962,0.0035969641046578182,0.00498135519485321
2015-06-11,-0.011320969869938136,0.0020921662544060027,0.028674074208124845,0.0
2015-06-12,0.0,-0.008350600280514597,0.006968406816487027,0.030978820658295936
2015-06-15,0.007633776043103557,-0.01052647872603385,-0.010380528911804188,-0.016826850343578337
2015-06-16,-0.015151453346435972,0.008510747275212172,-0.006993137588898746,0.008557452260329335
2015-06-17,-0.003846184982746248,-0.004219462855604816,0.0035214133728196373,0.029090984948406007
2015-06-18,0.003861035238498456,0.0021187612980955173,-0.0035090565342140723,-0.004711584036416472
2015-06-22,0.011538303924548243,0.027484220909902213,0.0,0.027219002953667415
2015-06-23,0.011406814147943534,-0.0010288633134001302,0.01760567105206312,-0.01843300237405221
2015-06-24,-0.0037592456064794444,0.005149147042055935,0.003460272560986466,-0.010563453174587734
2015-06-25,0.022641447165071993,0.014344358613153751,0.0103448052588071,0.02609720004919991
2015-06-26,-0.02214016186009049,0.002020199007896739,-0.003412961992434904,-0.01734103903377382
2015-06-29,-0.030188863031448188,-0.02318550660303309,-0.021202250137364653,0.0023530835064831113
2015-06-30,0.01556439527048803,0.0010318144548007169,0.014440553120801614,-0.00938979888725855
2015-07-01,0.015325670019038506,0.010309499203728922,0.003558837940395909,0.013033076988985481
2015-07-02,-0.007547292722675181,0.0,0.0035456438909526877,-0.015204599180743128
2015-07-03,0.011406814147943534,-0.007142904318383048,0.00706751955528806,0.01187663171891784
2015-07-06,-0.018796841436265477,-0.010277477299163174,-0.014035131035967319,-0.016432038271580907
2015-07-07,-0.01149422125653865,0.010384200685983336,0.0,-0.0023866515890494933
2015-07-08,-0.03875968747122471,-0.028776936437656997,-0.017793614024538718,-0.035885164099236366
2015-07-09,0.004032093317975605,-0.011640194156441463,-0.010869782618267654,-0.007444287372662117
2015-07-10,0.0,0.0,0.0,0.0
2015-07-13,0.008032260360119947,0.029978480376998462,0.014652138099358725,-0.004999902123832611
2015-07-14,0.012474417647398095,-0.015592493506447536,0.0,-0.022613023318587055
2015-07-15,0.004115104796713842,0.010559826757760238,0.0,0.01634847864268596
2015-07-16,0.0,0.0031346132351444123,-0.014440553120801614,-0.010723692601943835
2015-07-17,-0.01639347197341645,-0.009374927551248802,0.025641223156776194,-0.010840073404565165
2015-07-20,-0.004166739258697927,0.0,-0.007142879839528771,-0.050684981941294116
2015-07-21,0.008368347238364438,0.01261827769667656,0.010791437811215498,0.030302942105059127
2015-07-22,-0.045643039093750226,-0.015576301028975115,-0.010676225982467313,-0.01820723484188802
2015-07-23,-0.030434967825559767,-0.045358701656192935,-0.021582657413745543,-0.02425118175021168
2015-07-24,0.013453009233298285,0.0,0.007353038475325757,-0.046783703762898754
2015-07-27,-0.017699214625439552,-0.00442000859735403,-0.02189795027368746,-0.026073512994297388
2015-07-28,-0.018018121220060523,-0.0011097504154868876,0.0,0.01259846571442047
2015-07-29,-0.01376120820890303,0.016666642484227,0.01119387669797045,0.003110272942703496
2015-07-30,0.05581382894345177,-0.006557119488942553,0.02214029491591818,0.013953495644491998
2015-07-31,-0.008810588431702238,-0.002200403691536512,0.0072200940633564414,0.015290647674382152
2015-08-03,-0.004444313773974917,-0.01653813783586433,-0.03584234222383509,-0.09939752768704069
2015-08-04,-0.004464432479298286,0.0033632876404017242,0.014869939334213544,-0.06354518011332977
2015-08-05,0.008968626179838957,-0.005586647464693839,-0.018314820799267717,-0.03571439827006273
2015-08-06,0.0,-0.005617842056618971,0.0,0.018518485662726736
2015-08-07,-0.004444313773974917,0.0,-0.007462634765490028,0.010909218596848458
2015-08-10,0.0,0.0,-0.030075205688302464,0.03597124651026884
2015-08-11,0.0,0.0,0.011627825868052666,-0.013889020203962099
2015-08-12,0.004464153874528698,-0.022598899415038787,-0.015325874720309773,-0.014084375753212308
2015-08-13,-0.004444313773974917,0.01040447729570615,-0.003890867201851056,-0.0017856748911923015
2015-08-14,0.0,0.014874251507897673,-0.01562489262704525,-0.0339894174281381
2015-08-17,-0.008928725656211722,-0.005636906271455078,-0.015873145786618137,-0.018518485662726847
2015-08-18,0.004504512735342248,0.0011337207243917735,0.0161291663962424,0.007547194224987397
2015-08-19,-0.02242163541313713,-0.0022650023128408803,-0.007936532772931937,-0.02247179340257921
2015-08-20,-0.0045870216908234784,-0.007945633571685762,0.00800002523539689,-0.0038315260677369567
2015-08-21,-0.041474657028498174,-0.021738905894671867,-0.0396825836239052,-0.023076996924172533
2015-08-24,-0.03365383172904113,-0.04561409520159154,-0.04958676719181088,-0.09842522147044641
2015-08-25,0.03980106608113343,0.04166660288626045,0.07391323345318335,0.026201180099037824
2015-08-26,-0.00478477186038162,-0.017647099686649015,-0.008097353916935668,-0.02340437927009731
2015-08-27,0.01442310288772597,0.013173633883905689,0.012244813067736615,0.0021786011295636953
2015-08-28,0.023696650574559053,0.047281324353035226,0.008064623965606588,0.09999998903804586
2015-08-31,-0.00462949352793296,0.04401812479734235,0.03200002005890523,-0.007905163548870942
2015-09-01,0.0,-0.029189146190267357,-0.038759811433629054,-0.023904358858792052
2015-09-02,0.004651025420013166,0.008908672450753663,0.012096935948409993,-0.008163291348183166
2015-09-03,0.05092594565565589,0.01491928322668068,0.011952268585917025,-0.004115239573699192
2015-09-04,-0.026431627833706672,-0.01072700862432252,-0.015748158744981144,0.0
2015-09-07,-0.004524894544436386,-0.0012048624413344422,-0.02000002264715106,0.01859504928678324
2015-09-08,0.009090782728675917,-0.001206315886037923,0.004082017022668749,0.03448271629713218
2015-09-09,0.027027076412053486,0.032608615404559504,0.04878013094605671,0.09803933782293739
2015-09-10,0.008772082289730365,-0.010526209916115303,-0.031007770772212506,-0.02499998874442233
2015-09-11,0.0,0.0011821979819721662,0.01999994176446873,0.014651968306140573
2015-09-14,0.0,0.004722413049030649,0.0,0.0
2015-09-15,-0.004347968833711691,-0.004700216684426883,-0.011764624719795003,-0.02166071882370335
2015-09-16,-0.004366819962406954,0.003541855658601989,0.02777774434413005,0.018450244579824915
2015-09-17,0.013157781288350323,0.005882136760090972,0.011582931099430649,0.0036231999899880574
2015-09-18,0.004329215137434561,0.0,0.003816536141711957,0.005415225215844366
2015-09-21,-0.03448274934490647,-0.015204559095597148,-0.015208794257143055,-0.053859860723832975
2015-09-22,0.008928516702634504,0.010688850353326451,-0.0038609770331435866,-0.013282916006812306
2015-09-23,-0.03097350478359484,-0.011750754773434013,-0.03488355597884851,-0.03461539841512318
2015-09-24,-0.013698654534729515,-0.005945330823716288,0.02008025899344612,-0.05976094737107496
2015-09-25,0.013888913969054117,0.0083730713557999,0.0,0.004237301716009334
2015-09-29,0.0,0.0,0.0,0.0
2015-09-30,-0.013698654534729515,0.01542099252440643,0.02362164105050346,0.027426088294157713
2015-10-01,0.009259131517617591,0.0035049201358854365,0.026923207938699623,0.028747527026812936
2015-10-02,0.004587307963688891,-0.0023283719735853747,-0.011235878472389493,-0.003992229921846335
2015-10-05,0.01826480147156251,0.003500467117836026,0.0037878526764740794,-0.026051939770925014
2015-10-06,0.008968626179838957,0.0046512698180447565,0.003773711599798446,0.008230479147398384
2015-10-07,0.004444521798896872,0.005787124616067452,0.015037640852929135,0.053061290855047405
2015-10-08,-0.004424855432470287,-0.0023016379072711146,0.007407355260826476,0.029069614039723524
2015-10-12,0.013333357371768662,0.016147558130342965,0.01838222448482263,0.0037666806071359193
2015-10-13,0.004385972715616138,-0.0068103349528984,-0.0072203130598096354,0.03939950939233916
2015-10-14,0.03930137966166303,-0.015999745180603875,-0.007272751604381789,-0.01624540258802165
2015-10-15,0.03361337156096811,0.006968347822571053,0.025641223156776194,0.012843937723199916
2015-10-16,-0.012195016763129729,0.012687465265676101,-0.017857307923845434,0.0
2015-10-19,0.016460932828568975,-0.0011389930225467193,0.003636559626504221,-0.007246308630355913
2015-10-20,-0.008097242455344711,-0.006841396420343759,0.007246326376714407,0.00364946242179065
2015-10-21,-0.01632655868391053,-0.008036789228832442,-0.0035971701824814017,-0.03818180667991833
2015-10-22,0.008298834430384261,0.0023145380595270826,-0.0072203130598096354,0.009451874584935016
2015-10-23,0.016460932828568975,0.00923808942695481,0.0181819893055426,0.0
2015-10-26,0.00809698979353679,0.014874320509226102,0.0,0.016853845051934435
2015-10-27,0.00401619687077881,-0.001127319204328292,-0.007142879839528771,-0.025782680899206767
2015-10-28,-0.031999929105114955,-0.006772250565318938,-0.007194194892505723,-0.032136068560454034
2015-10-29,-0.016529016731067325,-0.013636323498505631,-0.010869782618267654,-0.011718689600189847
2015-10-30,0.0,-0.0023044091617497875,0.0,0.0059287231804576734
2015-11-02,0.012604997946846774,0.00923808942695481,0.007326032015476214,0.06090378633274551
2015-11-03,0.020746859492811076,0.004576704883916705,0.01454542967903838,0.022222294850814395
2015-11-04,0.00813009573839385,0.010250701191104383,0.03584241469937255,0.0960144800110132
2015-11-05,0.016128997758615427,-0.0056370632557950495,-0.013840665577782296,-0.01818175150414414
2015-11-06,-0.015872982460094054,-0.018140887108398118,-0.017543949269817394,-0.030303040592794095
2015-11-09,-0.020161200015199277,-0.006928238057123837,0.014285615245692718,-0.006944641417054198
2015-11-10,-0.008230530619498744,-0.017441764854953412,-0.017605727064203158,-0.0017482135269465404
2015-11-11,-0.004149449584213483,-0.013017482670750535,-0.014336893404211515,-0.03677757251595737
2015-11-12,-0.004166739258697927,0.005994920293934447,0.007272825134107208,-0.01090885186960755
2015-11-13,-0.004183912500009823,-0.003575566632037619,-0.01805041765543569,-0.023897270960965833
2015-11-16,-0.029411945943593087,-0.009569534242677369,-0.007352889793929118,0.018832643337082455
2015-11-17,0.05627716270461325,0.026570189158098945,0.025925743412892333,-0.018484530761988638
2015-11-18,-0.00819654416045068,-0.0023530253544454816,-0.010830104595625945,-0.028248442712838107
2015-11-19,0.012396585254366821,0.008254585363186573,0.02554733805975462,0.027131672344689495
2015-11-20,0.008163343023048553,0.005847981916983436,0.003558837940395909,-0.013207542322980492
2015-11-23,0.004048463314042294,-0.005813981856222616,0.0,0.05162516471280276
2015-11-24,-0.036290449416855,-0.014034986948270434,-0.010638652580748809,-0.025454446104802075
2015-11-25,0.012552586137339894,0.0,0.010753050549730636,-0.020522406664377435
2015-11-26,0.008264282718708937,0.013048673949872303,0.010638222353775983,0.04380961674701367
2015-11-27,-0.012295040037976435,-0.004683766024012659,-0.02456151478780111,-0.025547525182128106
2015-11-30,-0.016597474646640298,-0.011764761092779352,0.0,-0.024344600234164626
2015-12-01,0.029535783871078802,0.023809390186569912,0.025179973068683914,0.0019195371972879904
2015-12-02,-0.012295040037976435,-0.0034882565903430196,0.0,0.03065124254601348
2015-12-03,0.016597539384683113,-0.011668485670771278,0.0,0.018587419827312157
2015-12-04,-0.01632655868391053,-0.005903337414091214,-0.014035131035967319,-0.018248232272948584
2015-12-07,0.004149514322256076,0.005938393756131477,0.021352380005254412,0.02230471633928066
2015-12-08,-0.012396972077494905,-0.009445254235131872,-0.0069686624725101565,-0.018181786509920084
2015-12-09,-0.02928849725655136,-0.007151318501001036,-0.014035131035967319,-0.022222201471195913
2015-12-10,-0.004310553822575169,-0.00480196840031899,0.003558837940395909,-0.015151468847573124
2015-12-11,0.012987037547218527,0.002412569281613486,-0.010638652580748809,-0.009615463870639718
2015-12-14,0.0,-0.0276775540053521,-0.003584060281093482,-0.009708720753136002
2015-12-15,-0.008546824479360948,-0.009901153242095728,-0.007194194892505723,0.015686226818345084
2015-12-16,0.017241341047739445,0.0025002844396520008,0.0398551613884246,-0.02316590514863548
2015-12-17,0.029661067931986862,0.027431304983433602,0.01045267665995131,0.02371529133835204
2015-12-18,-0.012345828031855244,-0.014562938024666905,-0.02068958496507789,0.0
2015-12-21,0.03750000325038938,0.0024628869904648187,-0.003521316291767773,-0.019304985854231016
2015-12-22,-0.008031955134788271,-0.00859956270303397,0.003533759777643919,0.02559058537561998
2015-12-23,0.00809698979353679,0.00743501893210885,-0.003521316291767773,-0.013435502175823899
2015-12-24,-0.012048152005567081,0.0036900418381033973,0.003533759777643919,-0.009727901300454422
2015-12-25,0.00813009573839385,0.0,0.007042347785323644,0.007858572249410445
2015-12-28,-0.008064530334687792,-0.007352824007416658,0.0034966206733597627,0.011696141534409898
2015-12-29,-0.012195016763129729,-0.0037039000731723393,-0.01045316984699507,-0.03660892666001914
2015-12-30,-0.004115169001927987,0.0024785322261828835,0.003521316291767773,-0.006000069183081935
2015-12-31,0.0,-0.0012362661815691345,0.0035086763344169825,0.006036287324638678
2016-01-04,-0.02479349286134036,-0.022277322307674208,-0.024475708398691065,-0.02000006252698372
2016-01-05,-0.00423742763807422,0.001265933931035912,-0.010752470745430509,-0.01020406273115737
2016-01-06,0.0,-0.001264333368524606,-0.018116108994982172,-0.06391757250567598
2016-01-07,-0.02553182957420108,-0.008860816187376885,-0.018449984610649395,-0.09251097798715868
2016-01-08,-0.004366819962406954,-0.0038313572931717443,0.007518744408908873,0.03640782165023859
2016-01-11,-0.030701672150814763,-0.033333138512615546,-0.007462634765490028,-0.021077408377680573
2016-01-12,0.0045247533510657245,0.011936217145051886,0.0,-0.011961701131787739
2016-01-13,-0.004504372177959182,0.003931853396660356,0.003759220169342825,0.0
2016-01-14,0.009049647895502222,-0.007832841313664463,-0.014981474227956482,0.007263884973388812
2016-01-15,0.008968626179838957,-0.009210447568503755,0.041825587353019555,-0.01442300291264953
2016-01-18,-0.008888904914512552,-0.005312137436678688,0.0,0.024390321894690814
2016-01-19,0.0,0.005340506943544376,0.007299144562426196,0.030952417541940447
2016-01-20,-0.004484313089919478,-0.02921654950895025,-0.025362581898294545,-0.030023129113697644
2016-01-21,0.0,-0.005471939840339779,0.003717823097649786,0.0
2016-01-22,0.013513538206026743,0.028885798665408302,0.025925743412892333,0.009523719193334612
2016-01-25,0.017777809829025104,0.0160428022295922,0.0072200940633564414,0.01179243123262097
2016-01-26,0.021833963551173285,-0.006579046923645637,-0.014336893404211515,-0.025641049751953693
2016-01-27,0.0,-0.0026488274046458926,0.01454542967903838,0.009569348842034753
2016-01-28,0.08974389063435728,-0.002656068718339344,0.0035844226587811168,-0.01421799645364119
2016-01-29,0.007842843812657874,0.035952109381493846,0.0214285673019039,0.028846127039227287
2016-02-01,0.003891240029372689,0.021850815439498295,0.006993241346719303,-0.018691414814628105
2016-02-02,0.015503781275848061,-0.013836322251929323,-0.010416802699795946,0.009523719193334612
2016-02-03,-0.01526708374868846,-0.022959408201352782,0.024561301938651248,-0.056603776950760354
2016-02-15,0.02325573238612666,-0.02480405385162099,-0.006849475384379744,0.02750015143255191
2016-02-16,-0.003787826405571737,0.02543494356143161,0.017241611331163975,0.02919686312432579
2016-02-17,0.007604457174830381,0.0013055299106277118,0.003389738263648967,-0.007092043019315208
2016-02-18,0.011320952003703866,0.01303780445245284,0.020270198726165978,0.0476190762046409
2016-02-19,-0.014925513895208575,-0.012870007807358919,0.0,0.002272791606257041
2016-02-22,0.0,0.0,0.0,0.03854846944171775
2016-02-23,0.0,0.0039114831736046796,-0.009933439168247404,0.008733763399093819
2016-02-24,0.0,-0.00649353663785146,-0.010033711029230563,-0.017316072124760606
2016-02-25,0.003787826405571737,0.026143845289967604,0.01689211690963921,0.033039587394729564
2016-02-26,0.007547183585844275,-0.006369720147674118,-0.009967109505997662,0.006396663220062715
2016-03-01,0.0037455004384301382,-0.003846026633674615,0.02013436298634108,-0.014830609422336827
2016-03-02,-0.0037315240136011063,0.02316605405679306,0.0065789683732735416,0.006451688462012717
2016-03-03,0.007490650273056065,0.012578545861399615,0.006536298846714583,0.025641108522340916
2016-03-04,-0.003717304804378041,0.029813705526720247,-0.009740845274959331,0.0
2016-03-07,0.0,-0.01568154410433109,-0.003278467678509256,-0.020833188886752785
2016-03-08,-0.014925513895208575,0.017156906780745107,0.0,0.0
2016-03-09,-0.022727194825380215,-0.0024097248826688844,0.0065789683732735416,0.01489328625714359
2016-03-10,0.019379817303341706,0.002415545683206899,0.009803919625079649,-0.025157210764013782
2016-03-11,0.007604457174830381,0.002409475221988977,0.0032361580672755075,0.03655931492275166
2016-03-14,0.011320952003703866,0.009615543870463705,0.006451699172485226,0.07883810785779266
2016-03-15,-0.011194222745285809,-0.02023795698973141,-0.009615382745869927,-0.046153993848345065
2016-03-16,0.0,0.008505330742055062,0.009708735958085413,0.018145272996976214
2016-03-17,0.0037736506679013626,-0.0060243122066721,0.016025659513064117,0.0
2016-03-18,0.0,0.01818203396297169,0.006309104398429577,0.021782298830489655
2016-03-21,0.0037593464576719526,0.0059523475466425335,0.0031348379668145743,-0.003875883390067947
2016-03-22,-0.003745266702560701,-0.0023668874850218957,-0.009374998025325154,-0.03501975796008383
2016-03-23,-0.007518810222625794,-0.0011862207399293556,0.006309104398429577,-0.018145069670369995
2016-03-24,0.003787826405571737,0.0035629501177754097,-0.006269549158259058,0.010267129251269713
2016-03-25,-0.011320716503787076,-0.008284014236760506,-0.003154360836400971,-0.010162786607616159
2016-03-28,0.0,0.008353212366930762,0.006328876596088939,-0.014373608200284327
2016-03-29,-0.01526708374868846,-0.009467304711244573,0.0,0.016666509088578918
2016-03-30,0.02713164746891139,0.0,0.015723352223552034,0.022540903144742552
2016-03-31,0.0037736506679013626,0.01314202483884408,0.003095828319379379,-0.010019821370195747
2016-04-01,-0.011278156680297746,-0.021226382099802654,-0.021604852362255067,-0.024291472766933442
2016-04-06,-0.030418125312778876,-0.02168665013163984,-0.03154564956735739,-0.041493801545034126
2016-04-07,-0.011764908148756636,0.003694458083199681,0.00651454620241676,-0.008658145207377732
2016-04-08,0.011904969015740674,0.004908024283450274,0.019417210159912157,0.002183578472578329
2016-04-11,-0.011764908148756636,-0.008546935021610524,0.006349484924811799,0.010893115506177775
2016-04-12,0.023809628470587763,0.009852122150620257,0.0,-0.04310348012874887
2016-04-13,0.0,0.0207318181838283,0.01892750455810277,0.01576610161522396
2016-04-14,-0.003876156972202449,-0.015531844006181683,0.0,0.024390036650350222
2016-04-15,0.0,0.006067990387229827,-0.012384001907128406,0.01298694494857311
2016-04-18,0.003891240029372689,-0.0036187601867264663,-0.00940413357433334,0.0021367051706735474
2016-04-19,-0.019379817303341818,-0.01331722917190492,-0.003165046197823651,-0.008528812616097059
2016-04-20,-0.003952699085989608,-0.02822079002829614,-0.022221624517576366,-0.002150490526769855
2016-04-21,-0.003968199180889531,0.013888927953095376,0.019480311868288913,0.008620717760660757
2016-04-22,0.011951963401871213,0.008717299080458929,-0.0031848840074221174,-0.017093964602517442
2016-04-25,0.0,-0.008641964491345133,0.006389538380158877,-0.008695679817101953
2016-04-26,0.0,-0.0012453745213559797,0.003175095521832816,0.03728087659865742
2016-04-27,-0.011810801138912086,-0.008728233513900063,-0.00949392279391248,0.023255618094615738
2016-04-28,-0.043824777469808396,-0.011320899796886885,-0.02236419186535954,-0.024793364321088474
2016-04-29,0.0,-0.01908379940995486,-0.01960783925015941,-0.02542370346344902
2016-05-03,-0.02916658974078279,-0.019455143372731465,-0.016666618361730667,-0.08260879383315534
2016-05-04,-0.017167411862334725,0.0013225929729547836,-0.003389464085074345,-0.04502354590356361
2016-05-05,-0.01310039175679012,-0.003962948698260749,0.0034009916240376192,0.00744400433454695
2016-05-06,0.0,-0.021220231684690005,0.003389738263648967,-0.05418718416456436
2016-05-09,-0.004424855432470287,-0.016260043896320298,-0.0033782867557674567,0.020833467384154813
2016-05-10,0.0,0.03030290056452012,-0.003389464085074345,0.04081626221302548
2016-05-11,0.0,-0.010695155314742633,0.0,-0.01960784434892804
2016-05-12,0.013333357371768662,-0.00945951849171911,-0.006803152470053697,0.0
2016-05-13,-0.00877187700198323,0.015006865345651876,-0.013698396777766741,0.0
2016-05-16,0.013274290158155289,-0.0053763279888029425,0.0034719165133616503,0.007500087140688061
2016-05-17,0.008733503663952424,0.004054129358026293,0.01730154914141213,0.0049626069943460305
2016-05-18,0.0,0.0013458037133222689,0.0,0.004938287898337279
2016-05-19,-0.004328742353479353,-0.002688338068974061,0.0,-0.01719894977249281
2016-05-20,0.004347561828500712,-0.0026952356243626907,0.010203318760930058,0.009999969114692808
2016-05-23,0.02164519765982753,0.045945982651902195,0.03703774560549178,0.039604088917734925
2016-05-24,0.0,-0.012919890760584418,-0.019480968383350672,-0.004762039685905162
2016-05-25,0.016949049456202125,0.02617813401494784,0.023178917470862537,0.009569348842034753
2016-05-26,0.008333543525185227,-0.00382666714947133,0.0032361580672755075,0.01421799645364108
2016-05-27,0.004132173594615152,0.0038413667815433428,0.009677483530751152,-0.007009310009338021
2016-05-30,0.004115104796713842,0.014030452108644731,0.00319505990260871,0.018823709476102124
2016-05-31,0.0,0.007547049321229515,-0.0031848840074221174,0.016166273417776322
2016-06-01,0.004098431935440017,0.0062426157428545626,0.015974459676847852,0.00909070801607137
2016-06-02,0.0,-0.016129476990380365,0.0,-0.031531294671974575
2016-06-03,0.012244855331839721,0.008827164111027574,0.00943389687750229,0.01860459062008535
2016-06-06,0.0,0.0025002844396520008,0.0031153693929446558,0.04794518182351948
2016-06-07,0.004032202256583739,0.011221829962869911,0.006211074032206998,0.015250427623664908
2016-06-08,-0.0040160088964490415,0.0024661158984404796,0.021605289228634916,-0.012875470069682815
2016-06-13,-0.016129060669375472,-0.03321044026321829,-0.021148372523548842,-0.04347817984642521
2016-06-14,-0.00819654416045068,0.01653970585269371,0.0,0.022727113846895852
2016-06-15,0.012396585254366821,0.0037546329930375766,0.006172984357811995,0.024444579907141772
2016-06-16,-0.02040826203598134,-0.01745633783929912,-0.015337563919180064,-0.01952289212345304
2016-06-17,0.012500152768304629,0.006344944398162244,0.015576469008228955,0.00442479307624688
2016-06-20,0.024691206627210915,0.01513249598024391,0.0,0.0022027058006066635
2016-06-21,-0.016064160902016122,0.002484432558203631,0.015337625945773814,0.008791236558138849
2016-06-22,0.016326431321723955,0.009913358576145281,0.003020515361841225,-0.0021788208462828473
2016-06-23,0.008032205767227962,0.017177894300325347,-0.012048113520349402,-0.004366716552181016
2016-06-24,-0.043824777469808396,-0.016887797499906543,-0.03048754024099598,-0.019736960688964578
2016-06-27,0.03750000325038938,0.006134998572354444,0.01633951040922632,0.013422863460727408
2016-06-28,-0.012048152005567081,0.0060973371619030825,0.00964679452063022,0.011037508181538813
2016-06-29,0.020325239345984958,0.0,0.012738795088474308,0.0371178613812464
2016-06-30,0.00398400852023606,0.0,0.022012631914898995,0.027368459492962405
2016-07-01,-0.003968199180889531,0.0024243925957472268,0.021538093478498777,0.004098477537110901
2016-07-04,0.007968203516984351,0.007255211545346141,0.0,0.04285733103203282
2016-07-05,-0.003952699085989608,-0.0036014452050466828,-0.01204802471634936,-0.04109606343719174
2016-07-06,-0.019841119728804868,-0.01807231246831653,-0.01524386518189147,-0.032653062484589546
2016-07-07,0.004048463314042294,0.007361845733424577,0.018575949866549646,0.00421942274875553
2016-07-08,0.0,0.0,0.0,0.0
2016-07-11,0.0443548539300227,0.004872030022184504,0.033434587898728996,0.03781514029376165
2016-07-12,0.005249817837646109,0.009697193622244304,0.0058822694551659005,0.004048391657216266
2016-07-13,0.00401618530889114,0.0024007976290039146,-0.014619733653515654,-0.004032068265688138
2016-07-14,0.0,0.0,0.0029674899455462977,-0.004048493732092262
2016-07-15,-0.012000002148644828,0.011976168643513585,0.002958594869497011,0.01914888776013446
2016-07-18,0.012145751189009735,0.017751380255215832,0.0,0.0020876104508238402
2016-07-19,-0.004000120085370429,0.002325785503784372,0.005899505225376078,0.0
2016-07-20,-0.008032011072089729,-0.0023203887772031973,-0.00293256671426656,-0.008333346713948364
2016-07-21,0.012145751189009735,0.01627911305468044,0.011764767823586597,-0.010504243988210482
2016-07-22,-0.016000122234015257,0.002288530260937449,-0.0058140968686571926,0.002123069074863926
2016-07-25,0.0,0.0,0.0029238784583232036,0.0
2016-07-26,0.00813014442153226,0.0022829500227679045,0.008746403316624018,0.021186630518590155
2016-07-27,0.012096596607075849,0.013667444246928673,0.01156075605374074,-0.004149433990020546
2016-07-28,-0.03585641028567632,0.0,0.008571585503155399,0.016666593073283664
2016-07-29,-0.01652899135399777,-0.012359644478468601,-0.022662896701287627,-0.0020492084438837876
2016-08-01,0.0,0.010238922332354905,0.02608686628347745,0.0225873817171367
2016-08-02,0.004201619295474801,-0.0033781497544882466,-0.005649857255771051,0.004016022303002353
2016-08-03,-0.012552118662453315,-0.011299604353458337,-0.01988613970025299,-0.003999958380933588
2016-08-04,0.008474451428228669,0.005714253912608491,0.011594263057391974,-0.026104386787858314
2016-08-05,0.0,0.004545617772743871,0.014326498039128666,0.02680409115075455
2016-08-08,0.0,0.018099608500312225,0.005649857255771051,-0.0020079627878327733
2016-08-09,0.004201619295474801,-0.001111496127895184,0.0028085659457690593,0.006036105365793132
2016-08-10,-0.004184039554151142,0.00111273292623415,0.005602708066404061,0.0
2016-08-11,0.004201619295474801,-0.005555638698714893,-0.01671317707109332,-0.005999889401184455
2016-08-12,0.004184289280466658,-0.0368714960273695,0.005665861977198983,0.002012002814613556
2016-08-15,-0.01250006450286445,0.011600802021556778,0.008450637217948032,0.0
2016-08-16,-0.008438820690579552,-0.011467766730091644,-0.019553389925668574,0.002008059515169691
2016-08-17,0.0,-0.013921130700630613,0.008547165849298377,0.004007877519077718
2016-08-18,-0.008510640459378216,0.00823522306111113,-0.005649857255771051,-0.0019959392793715836
2016-08-19,-0.008583821264399938,-0.004667490986333456,-0.008522441777741863,-0.01999988824509935
2016-08-22,-0.012986888832864585,0.0011723750208083583,-0.011461376839316917,-0.008163376051462334
2016-08-23,0.004385900616793004,0.004683948007358163,0.014492603226085476,0.004115183509689757
2016-08-24,0.004367009123271259,0.013985910118438083,-0.008571363130263188,-0.012294954534915026
2016-08-25,0.02608689503195971,0.014942588007367918,0.017291157422630432,0.008298668103644768
2016-08-26,-0.00423735216449217,0.0022650867225249005,0.0028327656263469336,0.0020575421970099317
2016-08-29,-0.01702140790722928,0.01129937020844185,-0.005649857255771051,0.004106832643899105
2016-08-30,0.00432913519418765,-0.004469317849916221,-0.011363255703655928,0.020449980746689578
2016-08-31,-0.004310474567035927,-0.012345772326790128,0.014367664742039432,0.002003938759538748
2016-09-01,-0.00865794741981385,-0.00568178674049602,-0.014164158856240006,0.001999931020250978
2016-09-02,0.013100506107049492,0.01700587919973917,0.0,-0.02195590896193944
2016-09-05,0.008620627557657912,0.014248880666308361,0.017241130595198495,0.04693862584349473
2016-09-06,0.004273569401600064,0.017879864027855685,0.005649857255771051,-0.011695691178765566
2016-09-07,0.008510640459378216,-0.0012546590141301328,0.03932571680302499,0.0019722231776033716
2016-09-08,-0.008438820690579552,-0.012562916209058361,-0.010810867662897183,-0.011810995249734169
2016-09-09,-0.008510640459378216,-0.01145030442316719,-0.013661168486894026,-0.023904324360943474
2016-09-12,-0.004291846592948567,0.0,-0.02770097734420751,-0.026530775554149066
2016-09-13,-0.004310474567035927,-0.005148047132707112,0.0,0.004193030688367516
2016-09-14,-0.012986888832864585,0.005174686663548034,-0.00854661150086733,0.0020876104508238402
2016-09-19,0.01754386424165766,0.03603621424769643,0.051723839087254087,0.008333447068561428
2016-09-20,-0.004310474567035927,-0.00372690531306763,0.0027323612883798365,0.01446270710204045
2016-09-21,0.021645223814952486,-0.002493785988757935,0.00272470376163092,0.002036687651286062
2016-09-22,-0.00423735216449217,-0.003749974579585702,0.005434811344557922,-0.0020325479859025775
2016-09-23,-0.004255383723925532,0.0012547717924684676,0.010810657310177607,0.004073179089889134
2016-09-26,-0.00854694750645002,-0.010025031321535094,-0.0187163666549921,-0.010141932137832543
2016-09-27,0.0,0.0,0.0,0.0
2016-09-28,0.0,0.0,0.0,0.0
2016-09-29,0.008620627557657912,0.011392326427107191,0.019073350475836914,0.004098515597230179
2016-09-30,-0.012820580673633675,-0.008761078890996088,-0.016042659447990215,-0.01836749780923852
2016-10-03,0.00432913519418765,0.0,0.010869411193169087,0.0020791307488927657
2016-10-04,0.0,0.0037879669148435102,0.005376373332083517,0.008298668103644768
2016-10-05,0.0,0.0012579284769409504,-0.005347622516993167,0.016460932270099704
2016-10-06,0.0,0.007537636805420522,0.008064559998125276,-0.014170136417267165
2016-10-07,-0.008620563242375257,-0.002493785988757935,0.0026665772826419687,-0.01026678487328514
2016-10-11,0.013043350204173132,0.013750056599044047,-0.0026594855588671917,0.0
2016-10-12,-0.008583821264399938,0.006165333751833035,0.010666412904590361,-0.004149433990020546
2016-10-13,-0.00432874763191371,0.0024508899484321223,-0.00527666394088655,-0.010416608126475713
2016-10-14,0.013043350204173132,-0.007335022968303684,-0.0026527403047859055,-0.004210482121955628
2016-10-17,-0.008583821264399938,0.008620815618444189,-0.007978353178564435,0.01902743634581805
2016-10-18,0.008658141200950764,0.0024420221405179188,0.002680665861792164,-0.004149433990020546
2016-10-19,0.004291782553696999,0.0036540550529988725,0.013368744137998823,-0.008333346713948364
2016-10-20,-0.0042734418704333255,0.01334945869782489,0.005277485371350199,-0.008403476148912792
2016-10-21,0.004291782553696999,0.009580700897562355,-0.010498742353051038,-0.002118571201862318
2016-10-24,-0.0042734418704333255,-0.0011860894862081306,0.013262359618642972,0.010615754463210836
2016-10-25,0.004291782553696999,0.017814604495604236,0.010470956174487123,0.021008386778490484
2016-10-26,-0.012820580673633675,-0.0011668183093458406,-0.007771762937437643,-0.0102881074477299
2016-10-27,-0.00432874763191371,-0.002336362729501662,-0.015665577479626158,-0.006236991662746827
2016-10-28,0.017391111980718188,-0.007025923314142535,0.005304654821703059,-0.0062760350953287025
2016-10-31,0.004273569401600064,0.005896328160955644,-0.00527666394088655,0.010526256010374713
2016-11-01,0.0,-0.008206344927815357,0.005304654821703059,-0.010416608126475713
2016-11-02,-0.004255383723925532,-0.02364064284937173,-0.018469453259990498,-0.004210482121955628
2016-11-03,-0.00854694750645002,-0.010895809474809948,-0.008064350776296636,0.0
2016-11-04,0.0,0.0036718352905453777,0.0,-0.0443977588326393
2016-11-07,0.0043103459364703944,0.018292778505804463,0.024390161591108628,0.02212409374437163
2016-11-08,0.004291782553696999,-0.005987911149500036,-0.002645413857578771,-0.012987086107595358
2016-11-09,-0.01709383124731667,-0.03132544394461778,-0.03448273370467636,-0.03289466039467892
2016-11-10,0.008695523553090112,0.013681647798968521,0.019230549242815087,0.006802813970673061
2016-11-11,-0.021551729682351972,-0.030674819561344657,-0.02156304036225809,-0.03153163366989198
2016-11-14,-0.004405353233803422,0.0,-0.0055097774294344815,0.01627918022807595
2016-11-15,0.0,0.0,-0.002770097734420718,-0.011441802725463912
2016-11-16,0.0,0.0,0.0,0.0
2016-11-17,0.004424846244515779,0.020253214388683105,0.008333485571250465,0.025463089180578935
2016-11-18,-0.004405353233803422,0.0037220584937283085,-0.002754835112446341,0.02483060232880674
2016-11-21,0.008849626466258531,0.0,0.0,-0.017621174353794955
2016-11-22,0.0,0.0037081450419684803,0.01657445615939168,0.024663691417698086
2016-11-23,0.004385900616793004,0.009852186757513204,0.008152005520890127,-0.010941068957193822
2016-11-24,-0.008733562141623685,-0.010975535565424521,-0.013476952672854314,-0.017698827396068983
2016-11-25,0.0,-0.007398112340343044,-0.0054644035992570394,-0.0022522827960202996
2016-11-28,0.0,0.009937744222950684,0.01098896164591845,0.009029359363370348
2016-11-29,0.0,0.008609990228810371,-0.010869516941142576,-0.00894855960293095
2016-11-30,-0.008810509271848788,0.0,0.005494427367942256,0.0
2016-12-01,0.008888824341122037,0.004878198498602604,0.0,0.01354398467687079
2016-12-02,-0.004405353233803422,-0.008495159663579499,-0.027322230647953916,0.002227201837377235
2016-12-05,-0.00884949442071259,-0.004896000422467295,0.005618006391501673,-0.006666650253113082
2016-12-06,0.017857147615161217,0.012300112394109552,0.01675964475814329,0.011185403154491347
2016-12-07,-0.004385966060414415,0.0097203952901046,-0.0027471602289542707,-0.004424520349255445
2016-12-08,0.00440528750188407,0.020457287413790493,0.022038252081403087,0.02222231023693011
2016-12-09,-0.004385966060414415,0.0023586160609330165,0.0026954324917252137,0.002173732974318776
2016-12-12,-0.004405353233803422,-0.018823576935384168,-0.005376164110254877,-0.004338245197685442
2016-12-13,0.0,0.011990505886076974,0.005405223478729182,-0.00435746241018331
2016-12-14,-0.00884949442071259,-0.008293852742632835,0.008064559998125276,-0.015317180324205593
2016-12-15,0.008928507195322899,0.005973710390757336,-0.002666681056664455,0.013333193461311232
2016-12-16,0.0,-0.007126055300213152,-0.010695036930997048,-0.00877205028717265
2016-12-19,0.0,-0.009569134662123613,-0.013513689754981129,-0.008849253841095805
2016-12-20,0.0,0.010869489700211954,0.0,-0.02008945035855625
2016-12-21,0.0,-0.004779118656765169,-0.013698491388639322,-0.013667284247625644
2016-12-22,0.0,-0.0060021807473780164,-0.005555368786355319,0.0023093889191605488
2016-12-23,0.0,-0.0012079020043769262,-0.0027937451675252856,-0.002304067930213538
2016-12-26,0.0,0.007255089904445455,0.005602708066404061,-0.0023096114143597024
2016-12-27,0.0,0.0024010881076972357,0.0027853127138171008,0.009259163240950219
2016-12-28,0.004424846244515779,0.005988234087217048,0.01111116996442818,0.002293830620904158
2016-12-29,-0.004405353233803422,-0.004762263483877427,-0.010989068555952275,-0.00915333195105772
2016-12-30,0.008849626466258531,0.007177200427359143,0.008333485571250465,0.0
2017-01-03,0.0,0.0011874979650592365,0.008264290928255091,0.006928166757481868
2017-01-04,-0.004385966060414415,-0.0011860894862081306,0.0,-0.009174217662009654
2017-01-05,0.00440528750188407,-0.002375102681104413,0.0027323612883798365,0.009259163240950219
2017-01-06,0.01754386424165766,-0.0023811852445057013,0.00272470376163092,0.009174549108491803
2017-01-09,0.0,-0.003579927820091422,0.0,-0.013636439275537593
2017-01-10,0.0043103459364703944,0.005988234087217048,0.0,-0.011520672624900419
2017-01-11,0.0,0.0023807572239700203,-0.010869516941142576,0.004661955717315536
2017-01-12,0.012875603818097048,0.0011874979650592365,0.013736228784906546,0.006960539989212533
2017-01-13,0.0,-0.0011860894862081306,-0.01626003741981108,-0.00921660469468688
2017-01-16,-0.012711930043098674,-0.0083135532652725,-0.011019233245243343,-0.020930182538229758
2017-01-17,0.0,0.005988234087217048,0.008356480136530786,0.014251632266536696
2017-01-18,0.0,-0.008333666832667341,0.0,-0.009367359182202772
2017-01-19,-0.004291846592948567,0.0024010881076972357,-0.0027625526941500445,0.007091952250687372
2017-01-20,0.0,-0.001197668346624603,0.0027702055329081876,-0.007042010647426933
2017-01-23,-0.004310474567035927,0.007194519081614947,0.022099346546314624,0.014184246134028022
2017-01-24,-0.0173158948396277,-0.003571617359057644,0.0027025065630048584,-0.004662180287065221
2017-02-02,-0.004405353233803422,0.004778903879394836,-0.005390655197678562,-0.04215447004974282
2017-02-03,0.008849626466258531,-0.004756174578251726,0.0,0.012224988116443347
2017-02-06,0.004385900616793004,0.015531625538232063,0.0,0.02415456913664671
2017-02-07,0.004367009123271259,0.009411841340828841,0.0,0.028301704589348997
2017-02-08,-0.0043480212746964675,0.01981341773939449,-0.005419977319473079,-0.020642155462762823
2017-02-09,0.004367009123271259,0.0160000279411876,0.00272470376163092,0.007025857819109582
2017-02-10,0.008695523553090112,0.002249737095911142,0.008152005520890127,0.0023256131788331746
2017-02-13,0.008620627557657912,0.008978748559933969,0.010781729966901077,0.006960539989212533
2017-02-14,0.0,0.0011123060138311658,0.0,0.0
2017-02-15,0.004273569401600064,0.009999931088682024,0.008000043169993365,-0.002304067930213538
2017-02-16,0.004255383723925643,0.0011000695441716335,0.0,0.0023093889191605488
2017-02-17,-0.00423735216449217,-0.010988903531585215,0.0026452079567493847,0.03686641877874752
2017-02-20,0.0,0.0011110701638061826,0.002638845364483,-0.0022222524326759308
2017-02-21,0.0,0.004439447988496381,0.0,0.0044542963914286915
2017-02-22,-0.01702140790722928,0.0,-0.00789467647494968,0.0
2017-02-23,0.017316153214476993,-0.0022099628593945653,0.0,-0.004434543619785569
2017-02-24,0.08510659507649176,-0.008859430449827843,0.002652430634335179,-0.0022270945540516784
2017-03-01,-0.02745115754128591,-0.005586588251362823,-0.01587310084796134,0.004464238673065557
2017-03-02,-0.008064578235776665,0.0067417298575493945,0.0,-0.006666650253113082
2017-03-03,-0.012195004339566662,-0.00892844334483267,-0.010752537442338506,-0.017897226969197155
2017-03-06,-0.004115288499408121,0.01238733461108077,-0.002717299924305583,-0.006833806714533264
2017-03-07,0.028925565311025192,0.006673936065550112,0.010898921082628688,0.0
2017-03-08,-0.01606408206846155,0.002210062179104133,0.008086297475175863,0.0183488772526621
2017-03-09,-0.0122450212559303,-0.015435428120435524,-0.013368848189493576,-0.018018262368162508
2017-03-10,0.0,0.006718878082639712,-0.005419977319473079,0.0183488772526621
2017-03-13,0.008264403190560099,0.0011123060138311658,0.016348858786416676,0.0022522827960202996
2017-03-14,0.0,0.0,-0.002681291844323974,0.0022470049225622457
2017-03-15,0.004098545365574413,0.0011110701638061826,0.002688500498784885,-0.006726333653496064
2017-03-16,0.012244777645422866,0.008878995737627182,0.018766538980141023,0.01354398467687079
2017-03-17,0.0,0.005500446603514231,0.007894574066382054,0.0044542963914286915
2017-03-20,-0.008064578235776665,-0.0010938550873603736,0.0,0.002217111598533439
2017-03-21,0.0,0.0021904011813931312,0.01827696428849035,0.01769946682382373
2017-03-22,-0.008130083766466067,0.0,-0.007692348372948188,-0.010869712050018299
2017-03-23,0.016393508787668543,-0.0021856138103208966,0.0,-0.015384507887263865
2017-03-24,-0.01209665677298466,-0.007667142505537794,-0.005167885642643699,-0.004464453718643346
2017-03-27,0.0,-0.0011038113437003005,0.002596910856678347,0.0044844744472656295
2017-03-28,-0.0122450212559303,0.007734919667735873,0.007772468654806852,-0.004464453718643346
2017-03-29,0.0,0.0032893524327015644,-0.01542434634376677,-0.01793703374928568
2017-03-30,0.008264403190560099,-0.0010929542565342176,0.0,-0.002283135906964162
2017-03-31,0.0,-0.004376305425031535,-0.013054698702902545,-0.016018413586336044
2017-04-05,0.004098545365574413,0.07692311491307602,0.021163619711874748,0.023255907740819204
2017-04-06,-0.004081815858106186,-0.007142869590396117,-0.007771762937437643,-0.013636439275537593
2017-04-07,-0.004098239604379272,-0.012332999200094119,-0.002610980383151773,-0.002304067930213538
2017-04-10,0.0,0.004162364970063281,-0.005235427151036087,0.0023093889191605488
2017-04-11,0.0,0.004145111503145449,0.005262981105209619,-0.02304145624107834
2017-04-12,-0.012345681286563659,0.004127907720980595,0.0,0.009433863660118336
2017-04-13,0.00833327271618356,0.012332906821537426,0.0026178154479330473,-0.004672848811467345
2017-04-14,-0.00826440319056021,-0.018274171337078426,-0.013054698702902545,-0.004694786840575449
2017-04-17,0.004166543100938336,0.006204901550611819,-0.00793655042398067,-0.004716818221064956
2017-04-18,0.004149440791343384,-0.003083226705384412,0.0026665772826419687,0.007108986345915502
2017-04-19,-0.012396820587530555,-0.012371142236212829,-0.007978353178564435,0.007058578711421015
2017-04-20,-0.008368079108302284,0.002087793538498639,0.002680665861792164,0.004672961358706207
2017-04-21,0.004219347386869909,0.005208234827291935,0.01604286755097961,0.0
2017-04-24,0.0,0.0051813428067384315,0.0,0.0
2017-04-25,0.008403489366520134,0.009278379843224993,0.010526474253257145,0.0
2017-04-26,0.00833327271618356,0.0030644221842242025,-0.005208664277635222,-0.006976839536499413
2017-04-27,0.0,0.0010183839073008016,0.010470956174487123,0.01639355543376997
2017-04-28,-0.004132294081718779,0.005086373527961374,0.007772468654806852,0.0
2017-05-02,0.0,0.01214557440225339,0.01028263079127023,0.0207373883108648
2017-05-03,0.0,0.005000086288970307,0.007633629359969696,-0.013543984676870902
2017-05-04,0.012448136633618434,0.0,0.0,-0.0022885810037194254
2017-05-05,-0.008196662665475696,-0.004975209810611503,-0.002525167903126957,-0.009174217662009654
2017-05-08,0.008264403190560099,0.010000172577940614,0.025316196302735516,-0.01620347991909632
2017-05-09,-0.008196662665475696,0.029702854868669304,0.004938395213249347,-0.021176529525899768
2017-05-10,0.012396820587530666,0.0,0.009828063391142727,0.004807641647916805
2017-05-11,-0.004081815858106186,0.0,0.009732223254281358,0.021530932305640738
2017-05-12,0.008196723817714746,-0.01442297927690639,-0.0072286743416943855,0.004684018023559
2017-05-15,-0.0040648599180344025,0.014634045816454444,0.0,0.0
2017-05-16,-0.008163327203077886,-0.004807688568051693,-0.007281780822487094,-0.01398586715194694
2017-05-17,0.0041151042877474175,-0.004830914098536532,-0.002444715825809962,0.007091952250687372
2017-05-18,0.004098545365574413,-0.009708642972515169,-0.002451184010867302,0.0
2017-05-19,-0.004081815858106186,-0.0049020445865047835,-0.002456920232894899,-0.002347223806851484
2017-05-22,0.004098545365574413,0.009852297452509706,0.009852365482128311,-0.016470697043290072
2017-05-23,0.008163205397824225,0.014634045816454444,0.0,-0.004784638819059994
2017-05-24,0.0,0.0,0.0024388472922816096,0.04086535928549684
2017-05-25,0.004048523320178132,0.009615549990600991,0.007299214782874541,0.05542711402144729
2017-05-26,0.004032198869025283,-0.00476198588199761,0.0,0.004376532988166204
2017-05-31,0.0,-0.014354140652893976,-0.019323588851811846,0.0021786787320972056
2017-06-01,-0.004016005536044864,0.014563182624641957,0.01970434756270678,-0.008695874357857125
2017-06-02,0.0,0.009569369759453217,0.00966207642054795,0.026315939588630544
2017-06-05,0.004032198869025283,0.0,0.014354048722267088,0.03846144345125979
2017-06-06,0.0,-0.0047392472566322175,-0.007075508713666467,0.008230565250719968
2017-06-07,0.0,0.0,0.004750526418927814,0.028571422953911352
2017-06-08,-0.008032011072089729,0.0,0.007092328423049965,0.007936424497304584
2017-06-09,-0.008097107049848118,0.0,-0.004694860126620681,-0.013779620889032507
2017-06-12,-0.008163327203077886,-0.028571487271395246,-0.021226709703508928,-0.007983853265628338
2017-06-13,0.0041151042877474175,0.0,0.002410026972497592,-0.0060362992096983925
2017-06-14,-0.004098239604379272,0.0,-0.00480799768229756,0.012145719774165453
2017-06-15,0.0041151042877474175,0.004901956464613111,0.004831226206702066,0.0040000547213652204
2017-06-16,0.0,0.024390310206168442,0.016826729013385222,0.007968236062447787
2017-06-19,0.004098545365574413,0.04285701689679766,0.007092328423049965,0.009881175711019985
2017-06-20,0.0040814504423449804,0.045662062974360484,0.01643173639210871,0.007827802116360028
2017-06-21,0.00813014442153226,-0.013100269393958919,-0.004618962551568351,0.04660211483162913
2017-06-22,0.0,-0.004424854081153895,0.011601081212173403,0.005565848946797125
2017-06-23,0.03225807227947208,0.0,-0.004587358629854599,-0.020295390048514106
2017-06-26,0.03906239253569699,0.06666660807539992,0.023809683928275094,0.015066121112454534
2017-06-27,-0.011278143190055934,0.01250006460436559,-0.0162790716005371,0.00185522340253641
2017-06-28,0.09885923016418019,-0.028806484810325217,-0.014184436942729972,-0.0222221686997619
2017-06-29,0.02076135643863508,0.008474415532924606,0.007194129603248722,0.013257482279885213
2017-06-30,0.0,-0.016806633191927878,-0.007142743778781213,-0.02616822227952631
2017-07-03,-0.023728870140511615,-0.004273653982221348,0.002398223824229051,0.02687139902209834
2017-07-04,-0.013888893206350228,-0.03004274096776194,-0.009569584046176471,-0.014953115523522964
2017-07-05,0.014084511482189921,0.026548488137735138,0.007246443388167378,0.0056924938201370345
2017-07-06,0.003472171492051368,-0.0043102640011517535,-0.0047962670253119954,-0.015564068656187424
2017-07-07,-0.006920314465499677,-0.008658079068328273,-0.007228982356095925,-0.011857927190233153
2017-07-10,-0.003484373453295886,0.008733696099718413,0.0,-0.011999944688229403
2017-07-11,0.021739171264918866,0.025974003739188234,0.029126484265232344,0.028340074845872643
2017-07-12,0.007092177577415759,0.0,-0.007075357949125838,0.001968602052525359
2017-07-13,0.04577476678757786,0.013157928670523455,0.019002246534884915,-0.009823212463061948
2017-07-14,-0.020201958496490424,0.0,-0.0069927190815544105,0.009920665265742201
2017-07-17,-0.0068730287384817235,0.0,0.0,0.0
2017-07-18,0.0,0.012987046045022321,0.0046944052841277895,-0.013752497448286771
2017-07-19,0.024221531559011522,0.0,0.0023365873681737703,0.039840666739935804
2017-07-20,0.016891792297610397,-0.00427366282577768,0.00466184198282571,-0.0076629480598444655
2017-07-21,-0.01993349664804278,-0.012875496660920027,-0.006960533530225188,-0.013513556168755936
2017-07-24,0.00338986922684259,0.00869575025067193,0.0023365873681737703,-0.00782753943412906
2017-07-25,0.00675663908430546,0.008620711504266021,-0.0023311404548335135,0.00986177773314001
2017-07-26,0.033557142971730736,-0.012820545036313358,-0.004672470812455809,0.011718695112099331
2017-07-27,-0.07467533499705936,0.017315836793358796,0.011736632035165506,0.015444064192863927
2017-07-28,-0.024561380817153866,0.0,-0.011600481452921807,0.013308026158483921
2017-07-31,0.0,0.0,0.007041961540389385,-0.0018761783633319817
2017-08-01,-0.01798560927497128,-0.008510587879280274,-0.011654999991221437,0.09962392727685931
2017-08-02,0.0,0.017167427846620065,0.018867976479957305,0.02564110754507687
2017-08-03,-0.018315015996550055,0.004219420366950777,-0.011574148940278639,-0.029999859851941313
2017-08-04,0.03358214969687068,0.004201691663569873,-0.0023416181931121827,-0.003436516590806682
2017-08-07,0.0036100452474667755,0.016736372911028807,0.014084276694976694,-0.003448366961079641
2017-08-08,0.0071941193983897644,-0.004115237173965114,0.0069442452720889225,-0.006920356215320167
2017-08-09,-0.00714273371918317,-0.024793382523665697,-0.013792970302592744,-0.010452912613536647
2017-08-10,0.0071941193983897644,-0.01694905069487518,-0.0023311404548335135,-0.014084549903109478
2017-08-11,0.0035716754187764543,0.0043102066642006776,-0.007009322152088937,0.021428554148411605
2017-08-14,0.0,-0.021459136360184927,-0.007058976775344394,-0.020979004416297187
2017-08-15,0.0035585540066580545,0.013157928670523455,0.014218141860684375,-0.030357153135858628
2017-08-16,-0.0035459356033095135,-0.004329090215008824,-0.004672470812455809,0.005524878990025517
2017-08-17,0.007117210500327209,0.00869575025067193,0.0046944052841277895,-0.0036630149457033134
2017-08-18,-0.0035335077750298094,-0.0043103557521330105,-0.007009322152088937,-0.01654416879321874
2017-08-21,0.0035460377269085352,-0.004329090215008824,-0.004705807293708841,0.01682248278798415
2017-08-22,0.010600726850578335,0.0,0.014184436942729972,-0.0055145511810049674
2017-08-23,-0.006992986572281645,0.0,0.00466184198282571,0.0018482615599244578
2017-08-24,0.052816898194930406,0.00869575025067193,0.006960446152199484,0.007380096700435601
2017-08-25,-0.003344519938969559,0.0,0.002304284624403685,-0.014652145343285738
2017-08-28,0.0,-0.0043103557521330105,-0.006896355289475409,0.009293796989004566
2017-08-29,0.0,0.0,0.0,-0.016574464903709063
2017-08-30,-0.003355550008393271,0.017315836793358796,0.0069442452720889225,0.0056178192720175435
2017-08-31,0.013467875365161142,0.0,-0.0045975413348011696,0.007448986888718201
2017-09-01,0.06644518018133527,0.0,0.0,0.005545130084662286
2017-09-04,0.02803752571710949,-0.008510587879280274,0.004618776349986531,-0.0036764819540485716
2017-09-05,0.0,0.0,0.002298813954674239,0.03136541097685086
2017-09-06,-0.02727286214338509,-0.008583565475219768,-0.004587255810771684,-0.028622626362641013
2017-09-07,0.015576323428560412,0.0,0.0,0.0036832526600170112
2017-09-08,-0.0030674315501540983,0.012987046045022321,0.0046083957007281295,0.007339472189568541
2017-09-11,-0.012307744384201125,-0.008547030024208868,-0.004587255810771684,0.01639340774880016
2017-09-12,-0.009345901716411809,0.008620711504266021,0.009216704627416528,-0.012544758006418189
2017-09-13,-0.012578399913639626,-0.012820545036313358,-0.004566223394399493,-0.001814887572098245
2017-09-14,0.01273863151519028,-0.00865810556334956,0.002293800657355849,0.04363632719014876
2017-09-15,-0.022012380973770895,0.004366823769513806,0.0,0.01742165666721407
2017-09-18,0.0225078319454477,-0.008695599866308301,0.004576499106158538,0.0017121739858025897
2017-09-19,0.006289471644172151,-0.035087733936304266,0.009111557711521945,0.0017095668825719557
2017-09-20,-0.021874980032044133,-0.0318182643586874,0.0,-0.010238938867230707
2017-09-21,0.012779606510123553,0.04225371553358781,-0.0022572154469298056,0.012068921911922326
2017-09-22,-0.02208208799493938,-0.027027172303355163,-0.011312121196113245,-0.02555366242049617
2017-09-25,-0.01935478117190348,-0.027777691039881924,-0.006865308818247207,-0.0017483388453335413
2017-09-26,0.0032894163457741765,-0.014285833109812685,-0.013824753231985842,-0.012259233511964118
2017-09-27,0.0,0.014492875916435999,0.0046729987553746355,0.019503774762495762
2017-09-28,0.01311471509104356,-0.00476191691882577,-0.004651263407261519,0.012173949639161519
2017-09-29,-0.019417511922400044,0.00478470126874897,0.011682408897949914,-0.022336996633958717
2017-10-02,0.0,0.019047585321967375,0.0184754532976088,0.012302324101650441
2017-10-03,0.042904403668347024,-0.009345818561203312,0.009070322281922172,0.0
2017-10-05,-0.006329094889397369,0.0,0.0089888756792329,-0.01041661851104525
2017-10-06,-0.00955415706857754,0.004716911869075746,0.0,0.021052779103219565
2017-10-11,0.01607716833374373,0.004694929453456176,0.037861982990629484,0.051546223768898614
2017-10-12,0.006328912618172033,0.009345737747179728,0.01931315731116534,-0.008169883876339656
2017-10-13,0.0031447811033114004,0.0,0.0,0.06095555267204067
2017-10-16,0.0,0.013888845519941073,0.0021053883432604614,0.012422253014815254
2017-10-17,-0.003134922458403966,0.009132523580329455,-0.010504112922813724,-0.015337400015533742
2017-10-18,0.0031447811033114004,0.009049797125719516,0.008492352557004867,-0.020249139009921646
2017-10-19,-0.018808722243522924,0.013452949227329203,0.006315847893521465,0.0063591713009474304
2017-10-20,-0.0063897572505025035,-0.00884957986955126,-0.0062762083164468185,-0.011058413109121035
2017-10-23,0.003215470707074841,-0.022321562648356608,0.006315847893521465,0.023961811071159467
2017-10-24,-0.0032051645942108298,0.0,-0.004184033829015776,0.0031199154884720137
2017-10-25,-0.003215470707074841,0.013698824854975422,0.0,0.020217648717881342
2017-10-26,0.0032258433117493546,-0.004504593635391796,-0.008403147926765664,0.032012299988107396
2017-10-27,-0.006430941414149682,-0.004524898562859758,0.012711578725305817,-0.025110586554507708
2017-10-30,0.022653794976193353,0.013636399010866107,0.01673645046190919,0.01363626261137707
2017-10-31,-0.018987375803804718,0.004484316409109734,0.0,0.02391629662785766
2017-11-01,0.0,0.0,-0.00205781279203876,-0.013138726453166494
2017-11-02,0.0,0.004464297088420999,-0.006185391858993805,-0.005917178164462689
2017-11-03,-0.0032258433117493546,0.0044444557177008015,-0.008298779177654092,-0.0029763388223962295
2017-11-06,-0.012944945814813313,0.0,0.002092095700969354,-0.02089552113924631
2017-11-07,0.009836083529519701,-0.00884957986955126,0.018789080036386352,0.0289635807265054
2017-11-08,-0.003246883786338639,-0.008928516970590383,-0.006147674769467981,-0.002962972190818647
2017-11-09,0.022801472212619966,-0.022522734471561723,-0.006185391858993805,-0.0163447067521586
2017-11-10,0.00955415706857754,-0.009216455442282556,-0.0020744994628382196,-0.015105787084474409
2017-11-13,-0.012618348975410365,-0.004651174762886456,-0.004158171979625425,-0.02607377348232398
2017-11-14,0.0063897572505025035,-0.009345818561203312,0.0020875707302958624,0.02677181574168319
2017-11-15,-0.009523735513147558,-0.02830187909656401,-0.01041665849393858,-0.012269834032019644
2017-11-16,0.0,0.009708763131314857,0.0021053883432604614,-0.004658326745456187
2017-11-17,0.003205072290196398,0.014423030953376825,0.014705963797418065,0.028081134273556962
2017-11-20,0.015974255112578772,-0.014217964806873318,-0.012422394633110123,-0.028831648815809352
2017-11-21,0.01572336214185266,0.0,0.018867858983557806,0.006250019160866538
2017-11-22,-0.0030959216806620837,0.0,-0.004115315625832006,0.015527925079116267
2017-11-23,-0.009316787407208649,0.019230735652901343,0.0020660050968512866,0.0
2017-11-24,0.0,-0.014150898760071029,0.006185702456390496,-0.0030581847998507605
2017-11-27,-0.009404315982489253,-0.014354103806246687,-0.028688531548293872,0.013803867799964786
2017-11-28,0.003164593012505046,-0.0048543815656574285,-0.012658106156826388,0.0015127224452560206
2017-11-29,-0.009463739019529016,0.004878061537662015,0.002136637449914547,0.010574050959132109
2017-11-30,-0.02547772161084272,-0.029126289393944904,-0.03624740084257061,-0.025411139361072865
2017-12-01,0.0032678228433822287,-0.008999903065994075,0.02212404348355701,-0.03374236601458169
2017-12-04,0.022801472212619966,-0.0010092937570116423,0.012987050039282133,0.015873140637400862
2017-12-05,-0.00955415706857754,-0.034343233362931436,-0.0192304612785561,-0.006249946167089515
2017-12-06,-0.03536980737456219,-0.027196759254862313,-0.010893478566586623,-0.09905668173062265
2017-12-07,-0.023333311894186082,0.0064517604708262954,-0.002202441822886203,0.003490493738586009
2017-12-08,0.0,0.0,0.0022073032799456715,0.02956522502129233
2017-12-11,0.03412959051764819,0.025640869299634828,0.0022026077256260823,0.011824201957116864
2017-12-12,-0.013201281862774694,-0.01979150397055085,0.0,-0.011686024048689458
2017-12-13,-0.010033367182422981,-0.004250954833742715,-0.002197766907257037,-0.016891863632798265
2017-12-14,0.00675663908430546,0.012806846363340174,0.015418419982122344,-0.005154734752178425
2017-12-15,-0.01677842652517736,-0.014752282871194788,-0.002169162664652946,-0.015544089108664894
2017-12-18,-0.01023902458969983,0.0010695584790463286,-0.013043432698769064,0.008772039101800022
2017-12-19,0.003448514197439412,-0.025641054066733115,-0.008810596805244097,0.022608601125100325
2017-12-20,0.0034362669564365067,0.016447316023456393,-0.0022223538924710518,-0.005102136074069952
2017-12-21,-0.010273991517356418,-0.004314968644698047,0.0022273037496287618,-0.008546876135458903
2017-12-22,-0.0034601476155593502,0.006500502431212363,0.011111099952615389,0.001724062663254422
2017-12-25,0.0034721618079600614,-0.008611358418613713,0.004395368276389755,-0.012048150146094061
2017-12-26,-0.027681479874532622,-0.00977197473769753,-0.01094091074241732,-0.02439023794730788
2017-12-27,0.010675969481007908,0.010964845744071638,-0.004424542077725135,0.010714402206397633
2017-12-28,0.007042232811773186,0.022776576635214152,0.004444205652637256,0.010600573137797387
2017-12-29,-0.006992986572281645,0.00954390531140148,0.015487230366969307,0.027972033112183547
2018-01-02,0.003521167108097023,-0.0021007371018529897,0.013071681993458206,-0.008503507157442303
2018-01-03,0.01052633493552646,-0.010526161530940992,0.019354607760178943,0.030874884552124726
2018-01-04,-0.0034722618039801922,-0.0148937092074225,0.010548593941899886,0.021630682894925535
2018-01-05,0.01393744166224975,0.004319534827084137,0.0020875707302958624,-0.022801372324823266
2018-01-08,0.010309196729796577,-0.012903056043724215,0.008333358178426842,-0.006666765289374599
2018-01-09,0.003401301237958787,0.0,0.0,0.020134371275602136
2018-01-10,-0.037288171002326065,-0.010893179491565541,-0.02272722321196252,0.018092007196725435
2018-01-11,-0.014084567027967232,0.006607793379274085,-0.006342393717591488,-0.011308522572215929
2018-01-12,0.014285775997551209,0.00437643572380253,0.008510501910640178,0.011437867960222059
2018-01-15,0.007042232811773186,0.016339816334842938,0.012658185608154682,0.011308598042364615
2018-01-16,0.0,0.0010716658337770468,0.0020836141482711845,-0.003194674313964807
2018-01-17,0.0,0.0,0.006236749051592438,-0.017628481194372658
2018-01-18,0.0,0.0042827224520143314,0.026859466834984858,0.04241449138672371
2018-01-19,-0.006992986572281645,0.033049165130684566,0.028169249946010666,-0.0015648038161211186
2018-01-22,-0.014084567027967232,-0.003096090163285603,0.023482914960577528,0.0
2018-01-23,0.042857225139592225,0.0031057057081786965,0.017208792177332066,-0.003134878642347738
2018-01-24,-0.013698589605664724,-0.010320032832209058,-0.030074848394023634,-0.033018747004500804
2018-01-25,0.006944323615920123,-0.005213778159207982,0.0,-0.0065042357367289805
2018-01-26,0.006896631169261314,0.0,-0.0116282277683174,0.008183254624618108
2018-01-29,-0.003424499462092667,-0.007337436990141666,0.01372556563175964,0.0
2018-01-30,-0.0068730287384817235,-0.011615603423338672,-0.02127661744264797,-0.029220718402888535
2018-01-31,-0.013840789762275874,-0.014957358525218623,0.00790508568227799,0.0
2018-02-01,0.01052633493552646,0.014099839128282277,0.017646997577285273,0.02675585623934973
2018-02-02,0.010416785411940577,0.01818166180255698,0.0,-0.008143271174148481
2018-02-05,-0.010309394660039994,-0.025209935193059696,-0.025048059944154488,-0.01806245140940066
2018-02-06,-0.03125005624776134,-0.03879324121003125,-0.05533612076301686,-0.04180606931672515
2018-02-07,0.017921145843494246,0.008968653771304513,0.004184033829015776,-0.00698090594834333
2018-02-08,-0.003521167108097023,-0.011111044923421298,-0.00624982248834538,0.005272506716967884
2018-02-09,-0.0070669137873152765,-0.016853879638380143,-0.025157145311410445,-0.010489379701105639
2018-02-12,-0.014234933435711028,0.001142800784939224,0.017204104785612184,0.007066993733781501
2018-02-21,0.018050434171282825,0.0068492738261436426,0.02536981372826208,0.06842118376426543
2018-02-22,-0.010638317427923205,-0.0034012911827999703,-0.012370939016685956,-0.008210281895473459
2018-02-23,0.014336875386113723,0.011376593823451797,0.022964457362908863,-0.004966902783655969
2018-02-26,-0.0035335077750298094,-0.001124901188154337,0.006122505289106517,-0.01331103401283762
2018-02-27,0.0035460377269085352,-0.007882981356734042,-0.0020282887925127113,0.015177032422331704
2018-03-01,-0.010600726850578446,-0.0022700359281672133,-0.012195232100705722,-0.004983481387664357
2018-03-02,0.0,-0.0011376987320634857,-0.01234579189837337,0.01001664774888833
2018-03-05,-0.00714273371918317,-0.009111661058854303,0.0062502147792946605,-0.024793389706058933
2018-03-06,0.017985505681972436,0.013793120584822294,0.03519635595410797,0.020339126647927364
2018-03-07,-0.0070669137873152765,0.0034012911827998593,-0.011999585138154356,-0.0033223467922277594
2018-03-08,0.09964391912790926,0.010169773386331071,0.010121065205482171,0.031666609569309445
2018-03-09,-0.022653701776013335,0.027963984347395998,0.004008254695265556,0.0032310280121041757
2018-03-12,0.009933793148695136,0.026115374912999645,0.01397228319722399,0.020934194051583477
2018-03-13,0.0,0.00954390531140148,0.019684719777972592,0.006309166860457127
2018-03-14,-0.00983608352951959,-0.019957819945721322,-0.0077220301783982315,-0.0172415030312687
2018-03-15,0.0,0.0010716658337770468,-0.00778197743789244,0.014354110834382983
2018-03-16,0.0066225923394283015,-0.006423852224550219,0.0,-0.0031445901055333625
2018-03-19,0.0032894163457741765,0.0010775330903014524,0.0,0.05362769726020167
2018-03-20,-0.0032786315615239703,-0.0032292128671469467,-0.007843085420019325,0.02544903845784008
2018-03-21,0.0,-0.0021599074853634326,-0.0019763272406128074,-0.018978160432351676
2018-03-22,0.0032894163457741765,0.004329071984496613,-0.003960630837288259,0.0
2018-03-23,-0.0032786315615239703,-0.02586200550674944,-0.02584482160946422,-0.02380966781086158
2018-03-26,-0.0032896058119116223,-0.002212375836635583,-0.006122274718113552,0.05792701902609898
2018-03-27,0.026402753817012847,0.011086406480991684,0.030800944575807288,-0.01296827255336963
2018-03-28,-0.009646319520409286,-0.012061377725827716,-0.02390467029492216,-0.027737243202563766
2018-03-29,-0.006493487064358927,-0.0011100151079525,-0.0040816445737383855,-0.006006024542603905
2018-03-30,0.006535928028465365,0.015555655050599082,0.008196899692624049,0.027190487320058576
2018-04-02,0.0032466967807929237,-0.036105145337041566,0.002032411109187393,-0.010294285456955099
2018-04-03,-0.0032361898536132916,-0.01021545612970065,-0.010142055076993506,-0.025260178035932168
2018-04-09,-0.009740277347924708,0.002293464716362159,0.004098372674325779,-0.0015241815971611672
2018-04-10,0.003278725983997921,-0.004576730355102976,0.0020410144293632193,-0.0015267222394702573
2018-04-11,0.006535928028465365,0.0034484043861675584,0.010183212066085412,0.03669728899235625
2018-04-12,0.0032466967807929237,-0.005727490548115166,-0.012096884104391137,-0.022123960878713045
2018-04-13,-0.0032361898536132916,0.002304133692951904,-0.00204070700137271,0.01357463225755895
2018-04-16,-0.003246883786338639,0.00689660998839603,-0.0040899140329427874,0.017857268237617907
2018-04-17,0.0,-0.012556952658998366,-0.022587369666316803,-0.005847902491930568
2018-04-18,0.016286832871410306,-0.019653308280402793,0.0,0.06470552390049567
2018-04-19,0.016025638363025285,0.0023585783472719335,0.02731096259878818,-0.004143466469925916
2018-04-20,-0.015772868083176572,-0.011764837533704608,-0.06339474570886727,-0.0166436671803053
2018-04-23,-0.0032051645942108298,-0.011904690825981445,-0.010916691965147662,-0.011283402534327913
2018-04-24,-0.012861882828299254,-0.028915696290070847,0.0022073032799456715,-0.025677683850365063
2018-04-25,0.009772099722846095,-0.002481374670195158,-0.008810596805244097,-0.013176996756074866
2018-04-26,0.012903280347466461,0.0024875472068250915,-0.01333337015636904,-0.04005926141562011
2018-04-27,0.0,0.011166346942075078,0.006756733259421388,0.04945889933175884
2018-04-30,0.019108222421062804,0.017177809312873826,0.015660041580938477,0.001472896212211472
2018-05-02,0.01562499859380595,-0.01326897136422256,-0.017621608367337838,-0.026470735132096745
2018-05-03,-0.012307744384201125,-0.020782323719124363,-0.011210587205432332,-0.03323259044983429
2018-05-04,-0.0031152108560742464,0.003745241530996646,0.011337689360718883,0.017187552692382813
2018-05-07,-0.021874980032044133,0.014925390791956206,0.0022425396377199203,-0.021505512920314995
2018-05-08,0.012779606510123553,0.012254827938061652,0.020134158638938304,0.020408300960303993
2018-05-09,0.022081997146824017,-0.009685172231205463,0.0065793380293170944,0.009230509611352966
2018-05-10,-0.015432185456081382,0.013447404590659184,0.0,0.0045734705664104425
2018-05-11,0.01253914816234869,0.02533183380709847,0.015250213611293528,-0.03034910401664137
2018-05-14,0.015479965045499089,0.047058739751278944,0.0,0.0015649500321381904
2018-05-15,0.003048815287134188,-0.03370785643519669,-0.010729603675350141,-0.0031248635928792234
2018-05-16,-0.009118644797745379,-0.016279072105760073,0.0,0.0
2018-05-17,-0.015337422770919984,-0.004728103874780176,-0.017353301317223235,-0.028213395223016913
2018-05-18,0.0,-0.0035629751283919875,-0.013245316100112148,0.009677449980326491
2018-05-21,0.0,0.013110921793311858,0.0246084441977219,0.003194823566426308
2018-05-22,0.00934590171641192,-0.011764837533704608,0.0,0.02070085193512572
2018-05-23,0.0,-0.004761773388710422,-0.0021835357376264186,-0.0015601399439771901
2018-05-24,0.0,0.0059808764622106825,0.0021883139994494094,0.006250019160866538
2018-05-25,0.0030863659829367673,0.02853748646384391,-0.0021835357376264186,0.006211053967009494
2018-05-28,0.009230786135185687,0.02658948188777477,-0.006564282743518612,-0.016975290396310516
2018-05-29,0.003048815287134188,-0.013513529304420624,-0.008810596805244097,-0.010989045643019613
2018-05-30,-0.0030395482659151263,-0.002283091275381288,-0.01777782687515872,-0.015872992332565894
2018-05-31,0.015243813031516673,-0.019450732995139997,0.0135747840049949,0.004838649641740966
2018-06-01,-0.012011890727970265,0.010501736634352943,0.0,0.02407734913929671
2018-06-04,0.0030395482659151263,0.013856728532375406,0.022321236428978874,0.032915310462307
2018-06-05,0.0,0.0034167867215195713,0.0,-0.013657096807488611
2018-06-06,-0.006060674818196388,0.011350768546732448,0.004366907021422062,0.01846145044746028
2018-06-07,0.012195173347152144,0.023569125519905754,0.0,0.0
2018-06-08,-0.012048242936018805,-0.03179828969455256,-0.013043432698769064,-0.003021016280885469
2018-06-11,0.02439017109153463,-0.010192513060011121,-0.004405547256731812,0.007575638533575901
2018-06-12,0.0029762246585063323,0.003432325157898708,0.0132744594175076,-0.025563988792089543
2018-06-13,0.09792294451802253,0.0011403920637547138,0.013100392156604856,-0.010802287124170307
2018-06-14,-0.021621711657479836,-0.026195988611827148,-0.023706519420673366,-0.017160883464681143
2018-06-15,0.03038669066465216,-0.005847766913781638,0.019867225939949495,0.0
2018-06-19,-0.024128655070996152,-0.023529471606229424,-0.025973937048580198,-0.009523543281320102
2018-06-20,-0.008241773674063868,0.0,0.004444205652637256,-0.006410499722810825
2018-06-21,-0.022160520517390148,-0.00361438389980695,0.0022128542678951924,0.00645185936548498
2018-06-22,0.008498516777533993,-0.004836834345821273,0.004414772828829072,-0.004807930941159166
2018-06-25,0.0,-0.009720475903640446,-0.00683382761637763,-0.0016103110459544379
2018-06-26,-0.01123584052974358,-0.006135091046537866,-0.016054928127138712,-0.04354822351777976
2018-06-27,0.0,-0.001234507143519803,-0.00699295487090823,0.0
2018-06-28,-0.03693198971422873,-0.004944345913101222,-0.004694971031302009,0.0016862669099366734
2018-06-29,0.0,0.03354022282020286,0.021226515748149488,0.010100962436468297
2018-07-02,0.07374630892541112,-0.02644225497704622,-0.011547593533166367,0.016666562853289824
2018-07-03,-0.013736183966458482,-0.0037037349392317065,0.0023366864268521415,-0.0016391197843281802
2018-07-04,0.0,0.011152510761462509,0.00699295487090823,-0.021346686902601664
2018-07-05,0.0,-0.00490193117522475,-0.006944393043747388,-0.05536914869059917
2018-07-06,-0.01949850847608825,-0.008620690573201584,0.011654840086436469,0.012433515752635405
2018-07-09,0.002840859351158631,0.0037266317481354783,0.020737343586230583,-0.009090937403648192
2018-07-10,0.003639179590049668,-0.003712795526452206,0.0022573198647100057,0.02752310499352384
2018-07-11,-0.005882357722784226,0.013664567050422516,-0.009008943391961677,-0.014285821228252504
2018-07-12,0.03254436442505626,-0.00490193117522475,0.002272710568851588,0.025362266471039563
2018-07-13,-0.002865371490983093,0.020935886755357735,0.01814086851201102,0.0070672714824100424
2018-07-16,-0.008620498639598018,-0.0012062132289589744,-0.004454713728379356,-0.008771956185295915
2018-07-17,0.0,0.0012076699364125254,-0.00894848112205715,0.01061938952691488
2018-07-18,0.008695457821922492,0.014475393208406295,0.006772123637578176,-0.015761823025086774
2018-07-19,0.011494342333664864,0.013079638454568832,0.006726651940692774,0.010676157725379998
2018-07-20,0.014204595865495495,0.0011736510269853007,0.05790618015358562,-0.014084376264810738
2018-07-23,0.02240898006625769,0.0023445503700207926,0.01473673388348784,-0.03035724936846118
2018-07-24,-0.0027397658580332607,-0.003508599466853113,0.0,-0.0607735687225367
2018-07-25,0.0,-0.006009531702685034,-0.0020745230119851854,0.029411858291067183
2018-07-26,-0.0384616435922317,0.009673260701002606,0.002078835604284457,0.0019047334480775113
2018-07-27,-0.011428581355579892,-0.0035926436056283872,0.014522942630871283,0.017110268114770788
2018-07-30,-0.00578027202201048,0.01201926638894446,0.004090098074970072,-0.028037386327320224
2018-07-31,0.020348733044798006,-0.004750567621125912,0.0020365706518328253,-0.02307683905792135
2018-08-01,-0.008546976916461557,0.0035797812792532913,0.008130021257815034,0.08267707906578381
2018-08-02,-0.005747131457501609,-0.015457755515384308,-0.014112873095786238,-0.02181826616034155
2018-08-03,0.02312156735441917,0.012077433371783908,0.010225022269500617,0.018587503871960287
2018-08-06,0.01412418660093584,0.0095461841764517,-0.006072829378892641,-0.003649498141566676
2018-08-07,-0.005570958158766182,-0.002363754486936376,-0.016293453254191292,0.009157288245913442
2018-08-08,0.0056021676000646,0.007108965620740149,0.024844840115732403,0.007259583659956492
2018-08-09,-0.005570958158766182,0.0023529283203758133,-0.002020187042556576,-0.009009036813905857
2018-08-10,0.0056021676000646,0.008215868101307588,-0.008097252946292821,-0.0018182366554870821
2018-08-13,-0.03621176692849082,-0.024446851307442397,-0.018367286253292314,-0.0400727568492405
2018-08-14,0.005780351899740133,-0.02983312290219642,0.012473995669489035,0.005692514410267746
2018-08-15,-0.0258619724307646,-0.0024600114416237773,-0.008213640914237041,-0.018867898852623743
2018-08-16,0.011799337641117402,0.0012330910707984977,-0.010351891333163832,-0.048076986424583135
2018-08-17,0.002915494649850192,-0.001231572429832184,0.0020921107993190358,-0.0020201720333481443
2018-08-20,0.020348733044798006,-0.0012328828311513051,0.0,0.0
2018-08-21,0.02564116696900154,0.0,0.006262849742658005,-0.006072692920076395
2018-08-22,-0.02777787587452185,0.008641875436149027,0.0041496491048997886,0.008146425047381278
2018-08-23,0.008571475499105086,0.001224035244111965,0.0103304258834509,0.02222234768869069
2018-08-24,-0.019830083777441554,-0.008557565236995801,-0.004089949463020437,-0.011857797298809314
2018-08-27,0.005780351899740133,-0.0012328828311513051,0.006160118768981926,-0.010000031553804023
2018-08-28,0.0057471314575014976,0.002469017911743032,0.018367286253292425,0.018181912557622137
2018-08-29,0.0028571058564748064,0.0024630408680719196,0.03807616631346833,0.015873047105408267
2018-08-30,-0.011395864235452358,-0.006142524876172839,0.017374601062206674,0.0
2018-08-31,0.0,-0.004944349194426989,-0.028463063910564967,-0.01757812603172737
2018-09-03,-0.014409352276063436,-0.004969022152328972,0.0039062214464629097,-0.007952346501421848
2018-09-04,0.005848039226778123,0.0,0.0019455818178231166,0.016032186505107848
2018-09-05,-0.011627916318852183,0.0,0.025242815442060973,0.001972356951442489
2018-09-06,-0.005882357722784226,-0.009987357015306841,-0.011363758358224563,0.003936860100512529
2018-09-07,-0.03550306937837677,-0.020176540604062043,0.011494377688757718,-0.027450926320716773
2018-09-10,-0.04601218568055365,-0.0334621758456316,0.0018940629525607822,-0.02217745233576296
2018-09-11,0.0064308735963873875,0.03462065840507367,-0.017013310030916884,0.006185567968474137
2018-09-12,-0.015974410144958373,-0.009009013904319407,0.0019229227923334147,0.0
2018-09-13,0.012987113208026368,-0.012987051440571773,-0.021113228635595283,-0.008196784153782999
2018-09-14,0.006410172370601597,0.025000030554370722,0.023529381589794562,0.014463061417695267
2018-09-17,-0.006369343779090042,-0.0012838526158008845,-0.01149423847180997,-0.008146700466045154
2018-09-18,-0.019230871441160202,-0.025706912693680195,-0.013566073795114986,0.004106714600551564
2018-09-19,0.01960794939520416,0.007915636356182754,0.013752643167199041,0.0020448670546042713
2018-09-20,-0.009615612885257918,-0.01047136852946029,0.007752092467118388,-0.028571373375266496
2018-09-21,0.025890170836738946,0.002645600452229502,0.005769047881748701,0.0210084698100077
2018-09-25,-0.012618393066200384,0.003957818178091266,0.00764826671431762,0.002057675193396946
2018-09-26,0.015974410144958373,0.015768751461215258,0.0,-0.008213429201102906
2018-09-27,0.0031447002765943033,0.018111375394868956,0.0056924886756279935,0.0
2018-09-28,0.01253919527355607,0.0063532586939258895,-0.009433825148585262,0.020703900706241285
2018-10-01,-0.0154799315269748,0.008838281528538605,0.0019045401668476014,0.014198568750475982
2018-10-02,-0.018867767104625566,-0.022528143269716416,-0.02091239728795291,-0.020000063107607935
2018-10-03,-0.006410349535279303,-0.003841370399078059,0.009708878288294365,0.004081664193725354
2018-10-04,-0.02580647231960298,-0.02056544332596666,-0.02307689028886606,-0.016260196121007597
2018-10-05,-0.026490088043439886,-0.007874194622936925,-0.015748199330609225,-0.030991649138067956
2018-10-08,0.006802726843890161,-0.0013224651420415956,-0.025999954507800904,-0.004264328795435701
2018-10-09,0.0,-0.0026491037996622113,0.002053298311863516,-0.02141324543442369
2018-10-11,-0.07094595887903388,-0.06905717788637133,-0.06762290413069028,-0.0787747182942996
2018-10-12,-0.007272632984793526,0.02567758623991878,0.04175825439519287,0.045130719153694265
2018-10-15,-0.021978038665433575,-0.01947144285076241,-0.027426418449910117,0.004545386557629927
2018-10-16,-0.011236015535074029,-0.0014182524090438076,0.02819983903551826,0.004525023471583234
2018-10-17,0.030303160370227733,-0.032670632162617785,0.006329220662243618,0.011261092053843624
2018-10-18,-0.025735261617660377,0.0,-0.008385757809015626,0.002227238794132669
2018-10-19,0.0037734310240462587,0.0,-0.00211414915118302,-0.011111245785188295
2018-10-22,-0.015037606484343047,0.0,0.0042371795123468114,-0.0044941129612098285
2018-10-23,-0.02671752705513941,0.0,-0.0295360309082755,-0.033860145751888004
2018-10-24,-0.007843252013487234,0.0,-0.002173739436107436,0.0
2018-10-25,-0.02766784602067429,0.0,-0.043572901447661794,-0.018691519884266206
2018-10-26,-0.04878052616772621,-0.10484586943782515,0.006833662078253422,-0.03809530964580321
2018-10-29,-0.008546897503607709,-0.009186164196399726,0.0067872800996220395,0.029702972506463032
2018-10-30,0.008620576688990411,0.011920394071810891,0.0022472561502122623,-0.004807837132106196
2018-10-31,0.008547015613406872,0.0314137886967365,0.049327232968432,0.09903387428475852
2018-11-01,0.012711933381917895,0.013959313264582551,0.006410287267267556,-0.01758235443888223
2018-11-02,-0.0041842770217115355,0.013767133534814624,0.004246407672108488,0.017897026298667296
2018-11-05,-0.09663857105216123,-0.012345677403574618,-0.006342601092526823,0.010989045826823585
2018-11-06,0.013953564304749477,-0.03374988339861473,-0.00212779856768075,0.0
2018-11-07,0.004587159452616563,0.007761991713596483,-0.0021321033245781384,0.021739198603949905
2018-11-08,-0.009132427006365407,-0.016688239901781587,0.010683915632408336,0.0
2018-11-09,-0.02304155594343138,-0.006527517860728027,-0.023255794301991206,-0.027659544267201852
2018-11-12,0.009433970258321933,0.0013141228713553499,0.0021644073436641875,0.026258107916167006
2018-11-13,-0.023364441020871873,-0.023621990527655568,-0.01727864720364436,-0.01492515078402501
2018-11-14,0.03349284954060261,-0.014784937465011194,0.004395572101173917,-0.004329231567494873
2018-11-15,0.037037193423150816,0.016370989359245636,0.010941077533302535,0.006521739982549457
2018-11-16,-0.017857277255972526,-0.002684407815484735,-0.021644938570391625,-0.04967596746093139
2018-11-19,0.009090915943229083,-0.012113059961681882,-0.017699383243140132,0.015909057846518637
2018-11-20,-0.009009015738419945,-0.03269758471223705,-0.01801796862091498,0.006711410072772317
2018-11-21,0.0,-0.005633920910585011,0.004587205660623317,-0.00888895655983013
2018-11-22,0.01818195751232632,-0.01558057909636723,0.0,-0.0022422202235226063
2018-11-23,-0.004464473542158287,0.0071941293341024615,-0.0022830881660607094,-0.002246955184275201
2018-11-26,0.031390159816505614,0.014285788602567129,0.02059497956474754,0.027026823978125947
2018-11-27,0.021739267578337884,-0.0042255521809645424,0.004484271687130503,0.01754389606856588
2018-11-28,0.0,0.03394637297774472,0.011160713018428359,0.019396652013123905
2018-11-29,-0.021276727114406646,-0.009575800036127236,0.011037606565437619,-0.021141713925099448
2018-11-30,0.004347889564830787,-0.006906039591856983,-0.015284046156707087,0.02591792993030606
2018-12-03,0.012986902666217492,0.02920714487935605,0.04212870046320272,0.03368437295285798
2018-12-04,0.008547015613406872,-0.008108064160456507,-0.004255365205858674,0.026476455192872006
2018-12-05,-0.02118634093693883,-0.02452324246033266,-0.03418778467757799,-0.029761907423756395
2018-12-06,-0.021645097005001612,-0.03631280118931146,-0.026548873893391667,-0.06134979108857208
2018-12-07,-0.008849381120533573,0.0014492674919617254,0.004545503718661914,0.017429328265345045
2018-12-10,-0.008928700319252303,-0.020260534925963913,-0.009049789006781439,-0.019272046372601492
2018-12-11,-0.009009015738419945,0.01033975645986307,0.015981700120463405,-0.004366845750418014
2018-12-12,0.027272685016753506,0.04093560573502475,0.01797755928320033,0.02192989479890084
2018-12-13,0.017699129113086354,0.025281060448380188,-0.0022073288064871077,0.01931330721196911
2018-12-14,-0.013043428366737997,-0.020547976896665654,-0.01548693019204983,-0.006315600475518157
2018-12-17,0.004405228685755436,-0.0055944488493930855,0.0044942673411756395,-0.004237415201557515
2018-12-18,-0.01754369164530145,-0.004219534874330244,-0.004474159273274436,-0.0021277236493151275
2018-12-19,0.008928391862921936,0.014124442658749237,0.013483046982775582,0.006396781531288864
2018-12-20,0.0,-0.004178250253698335,-0.019955509403313476,-0.046610325693634436
2018-12-21,0.008849564556543177,-0.001398593759295741,0.01131205129208479,-0.006666667334471965
2018-12-24,-0.01754369164530145,0.0,-0.01565984196360004,0.006711410072772317
2018-12-25,-0.004464473542158287,-0.009804163605945382,-0.011363718006175194,-0.01777781294885905
2018-12-26,0.0044844944489756955,-0.007072024183383041,-0.004597500677012034,-0.004524819503881172
2018-12-27,0.004463980012029856,0.008546962925495949,0.030023038292034565,0.02272724013037042
2018-12-28,0.0,0.0,0.011210597747826956,0.019999901832614686
2019-01-02,-0.013333161365449597,-0.009886953322914893,-0.026607345871084598,-0.03921549756363962
2019-01-03,-0.01801803147683989,-0.017118310778920898,-0.018223181644404396,0.013605339961777707
2019-01-04,-0.018348701199665918,-0.018867975111608426,-0.03480286031273927,-0.029082844210739478
2019-01-07,0.028037471287955862,0.0251479496666267,0.024038545104338782,0.009216660699694623
2019-01-08,-0.004545457971614542,-0.010101031639927815,-0.009389515588235198,0.01369873446199077
2019-01-09,0.013698640509548055,0.01895056606206391,0.02132685078488783,0.018017950335051047
2019-01-10,0.0045044456221585705,-0.008583794680523726,0.0023200839007084806,0.0
2019-01-11,0.0044844944489756955,0.0014430697960976513,0.02083326324147383,0.00663706885530102
2019-01-14,-0.008928700319252303,-0.010086552196565401,-0.009070228271750858,0.017582453508911744
2019-01-15,0.013513336866475933,0.023289693613429252,0.011441646075096124,0.00647948248257646
2019-01-16,0.004444571373120487,-0.0014225424900957684,-0.015837233520974214,0.01716741643223796
2019-01-17,-0.004424904568944621,0.0028491380000565947,0.013793170272413668,0.0
2019-01-18,0.013333468450956287,0.005681637157112451,-0.009070228271750858,0.029535804388489018
2019-01-21,0.02631574959935956,0.005649762155098825,0.011441646075096124,0.0020492422237561314
2019-01-22,0.0,-0.007022582678528733,0.00904978900678155,-0.010225072726766538
2019-01-23,-0.012820405310311034,-0.014144048366766193,-0.011210842157824197,-0.004131983945557582
2019-01-24,0.012986902666217492,0.0043040615051548325,0.00907031066545283,0.014522696430109505
2019-01-25,0.021367598088416484,0.0099998710764162,0.01573054809223695,0.014314899017693117
2019-01-28,-0.008368207126800642,0.0014144944136091908,0.013274235975377247,0.0020160989829713927
2019-01-29,0.012658179135619063,-0.012711648045452772,-0.028384385141048796,-0.012072255036727264
2019-01-30,-0.054166595173330334,0.0014304562759890338,-0.006741523491387791,-0.010183421485666977
2019-02-11,-0.044052895617252785,-0.0014284129936575907,0.03167413821280696,0.06790114811504977
2019-02-12,0.02304149226211516,0.030042752869538614,0.008771785835290702,-0.00770710148209075
2019-02-13,0.0,0.0,-0.004347557862709905,0.005825243568231997
2019-02-14,0.0180179692297886,-0.008333215443089292,-0.008733559322894435,-0.013513486466455227
2019-02-15,0.008849564556543177,-0.015406226028250813,0.0,-0.013698602343838018
2019-02-18,0.004385907759081986,0.009957346997668814,0.013215519501661,0.005952470922965691
2019-02-19,0.0,0.014084430616376764,-0.004347557862709905,-0.013806854296042226
2019-02-20,-0.004366755571936998,0.016666724084712925,0.024017208802549428,0.02200003335687839
2019-02-21,0.004385907759081986,0.008196821184929037,0.008529033095790783,0.013698602343837907
2019-02-22,0.004366876260554875,-0.004065089778449882,0.0,0.019304993097931655
2019-02-25,0.013043488448676532,-0.001360536793085232,0.006342293814571631,0.07007591182897155
2019-02-26,0.0,-0.00817441415344422,0.006302704309458562,-0.02123901839997422
2019-02-27,-0.017167454518798086,-0.001373691399273902,-0.0020877430096224447,0.012658365079371459
2019-03-04,0.0,-0.006877614740037785,-0.01464439551551544,-0.01071436592118935
2019-03-05,0.013100568437355742,-0.004154956288605516,-0.010615710597488781,-0.014440298386020678
2019-03-06,0.008620576688990411,0.008344804163513242,0.0042918140364667234,0.025640968485253435
2019-03-07,0.012820582475009834,-0.012413799027383265,0.0,-0.02142865134799521
2019-03-08,-0.021097004097608396,-0.012569985894284486,-0.017094125259454196,-0.023722683876155726
2019-03-11,-0.012931162853419886,-0.004243035356164548,0.0021738184266024696,0.009345739271896525
2019-03-12,0.01746732400929285,0.011363499210800487,0.02169221418853584,0.0018519912871430844
2019-03-13,-0.00858363829687292,-0.007022582678528733,0.0063694572167716235,0.009242255529289034
2019-03-14,-0.008658134516944305,0.0056579030069932035,-0.01054867555126271,-0.0018317218358629983
2019-03-15,0.01746732400929285,-0.0070324591539211445,0.01918993709210537,0.012844093607687457
2019-03-18,0.004291789494261122,0.0198300725875713,0.008368063117558222,0.0072463501830144494
2019-03-19,0.0,0.004166790970628664,-0.0020745230119851854,-0.008992833751996887
2019-03-20,-0.012820405310311034,0.0013831182923087493,0.006237111147488594,-0.003629791829978246
2019-03-21,0.004329007436632448,0.008287320404883225,0.014462776413440404,0.010929045650546643
2019-03-22,0.01724127250595453,0.0,0.012219793927467304,0.02342339825267481
2019-03-25,-0.01271181627305007,-0.02465768794882861,-0.028169027470827834,-0.026408453498615203
2019-03-26,0.0,0.008427069564944212,0.010351966562198722,0.016274866144954325
2019-03-27,0.0,0.001392823588370451,-0.010245901334187568,-0.005338159070627402
2019-03-28,0.0,-0.0013908863290825746,0.00207060395373726,-0.010733373975086002
2019-03-29,0.0,0.023676898445232908,0.014462776413440404,0.021699903039916757
2019-04-01,-0.00858363829687292,0.09931976032494338,0.0,0.01061938952691488
2019-04-02,0.004329007436632448,0.014851207715079973,0.0020365706518328253,0.017513031436255266
2019-04-03,-0.0043103479084820595,-0.0012192483948932908,0.002032579167341231,0.0
2019-04-08,0.030302812769067433,0.006104843787384739,0.026368824658456136,0.013769469462363348
2019-04-09,0.03361359272975317,0.001213649829775898,0.003952971927853044,0.016978057977108163
2019-04-10,-0.004065100021480972,0.006060701434936977,0.0,0.0016691981948788737
2019-04-11,-0.012244851915546029,0.009638692265735882,-0.007874099665304612,-0.028333289633815872
2019-04-12,0.008264469416837894,0.03221938981313932,0.0,0.0068611162485161525
2019-04-15,-0.012295035081179462,0.032369949461592995,0.013888785753726651,0.01022146638487098
2019-04-16,0.0041493233467615465,0.006719006638986169,0.005870798489177709,0.0118042846279236
2019-04-17,0.008264469416837894,0.021134594776929028,0.017509741517275357,-0.038333216759548816
2019-04-18,-0.016393455621059205,-0.002178752193239597,0.011472539022236772,0.008665616331541948
2019-04-19,0.008333340050828086,-0.02947593812609961,0.0,-0.003436529385695386
2019-04-22,-0.01652905303901553,-0.012373623200519712,0.005671103343638961,-0.003448379844363636
2019-04-23,0.00420185876278123,0.005694790806105576,0.007518466790102929,0.0034603123156078386
2019-04-24,0.0,-0.015854955298113316,0.003731384008379468,-0.0017241122034564738
2019-04-25,0.09623420849989661,-0.0011507417662720565,-0.005576235043129318,-0.005181425406594831
2019-04-26,0.02671752705513941,0.006912344189224484,-0.02803717942640238,0.006944497703662567
2019-04-29,-0.007434847988571747,0.00457663471943115,-0.0019232022970818718,-0.008620716454732835
2019-04-30,0.007490539007444674,-0.01025045514567069,-0.0019268381203939589,0.0278261428552391
2019-05-02,0.007434950730929701,0.0,0.0,0.00846026295597424
2019-05-03,0.022140342578906846,0.014959703693104842,0.023165994457624794,0.0369127283282793
2019-05-06,-0.046931492949146114,-0.037415003842097394,-0.022641482010849145,-0.009708811512133875
2019-05-07,0.030303160370227733,0.020023574405520828,0.013513625367933324,0.016339920791408336
2019-05-08,-0.011029572023260825,-0.008082975644668422,-0.009523738994805853,-0.0032155310220837174
2019-05-09,-0.022304646708073195,-0.018626390984455954,-0.01346171731770196,-0.03225809500516352
2019-05-10,0.0038021263366054825,-0.0071175241658695265,-0.0019493035176283424,-0.004999850870700984
2019-05-13,-0.018939357457131267,-0.029868544280639342,-0.0214844308595894,-0.04020100806052773
2019-05-14,0.003860953596421357,-0.018472871745412456,-0.00798397403097928,0.00872587306324868
2019-05-15,-0.0076923142337735895,-0.023839466950538735,0.0020121308342710975,0.0034603123156078386
2019-05-16,0.003876025875308775,-0.024421598625877228,-0.008032069323111846,-0.0068966042512764725
2019-05-17,0.003860953596421357,-0.01581033109716723,-0.022267335271478172,0.010416824813936687
2019-05-20,-0.019230732435023268,0.004016113627084428,-0.014492798324498901,-0.003436529385695386
2019-05-21,0.015686287260757936,0.0,-0.016806677144456494,0.0017240344847311295
2019-05-22,0.003860953596421357,-0.013333262027449555,0.017093969979010692,-0.010326946926840108
2019-05-23,-0.011538311902427933,-0.03378374330568357,-0.033613506959608186,0.015652254352660933
2019-05-24,0.007781999067416168,-0.001398593759295741,0.013043621474071676,-0.017123340009957078
2019-05-27,-0.01158296749850074,0.0,-0.008583550099494075,-0.020905925533968417
2019-05-28,-0.02734382464403251,-0.002801252957917,-0.0021648792348002432,-0.001779413092855009
2019-05-29,0.012048369292857908,0.01404494298737946,-0.004338127561080762,0.0
2019-05-30,0.011904605228524101,0.016620629216896443,0.006536057919138916,0.0570410341676999
2019-05-31,0.01176466125401432,0.006811951876587008,0.01948037392968205,0.04890391011749773
2019-06-03,0.023255833883319976,-0.006765863142457085,0.01061563345179306,0.009646158241231273
2019-06-04,-0.015151527840997825,-0.02179838980815807,-0.021008327346733746,-0.009553998856425716
2019-06-05,-0.0076923142337735895,-0.011142074180333306,0.008583706046372264,0.006430844631657662
2019-06-06,0.011628077625926325,0.0014084430616376764,-0.012766018307741822,-0.01916933137405008
2019-06-10,0.019156942471038052,0.014064695625426227,0.03448282072825215,0.029315964499108338
2019-06-11,0.0075186993410696346,0.004160938315928675,0.01875001372048235,-0.025316434930944265
2019-06-12,0.011194091803144124,0.0179557029388282,0.006134998500505473,0.004870057168581798
2019-06-13,0.014760160396530608,0.006784224079612988,-0.02439028533210752,0.0
2019-06-14,-0.003636215991692171,0.012129457602696903,-0.016666544286272567,-0.008077497250966736
2019-06-17,-0.0036496880471430515,0.017310229602548244,-0.012712000430484705,-0.021172543140355216
2019-06-18,-0.029303950316947658,-0.006544536433562342,0.010729613064605736,0.026622271837599687
2019-06-19,0.030188595417191433,0.017127847099722926,0.0360933851731835,0.0
2019-06-20,-0.018315184076640456,0.006476717322027925,0.004098405208622369,0.004862090749432335
2019-06-21,0.02238828673201887,-0.011583016565738458,0.014285683564634333,0.011290373239348561
2019-06-24,0.003649486312182093,0.0039061600755296855,0.0020791726181177417,0.0063795622799402985
2019-06-25,-0.003636215991692171,-0.00907906955349258,-0.010373636520430218,-0.012678385793944313
2019-06-26,0.007299275226805513,-0.0013088243928890408,-0.016771463895272065,-0.0032101531340071876
2019-06-27,0.01449266364541324,0.01441669710666571,0.025586353305070197,0.008051555155388579
2019-06-28,-0.003571480744622546,0.0,-0.0062370060850105435,0.0031947685493984856
2019-07-01,0.028673859269063184,0.02583979046260665,0.039748977523053286,0.0
2019-07-02,-0.006968743117660825,-0.003778516593747727,0.002011954412587169,0.015923690319628037
2019-07-03,-0.014035003674843782,-0.02022732134209715,-0.026104372437896428,-0.004701982950913619
2019-07-04,0.007117443672709056,0.002580631102406805,0.006185639666749454,0.004724196040151174
2019-07-05,-0.0035334253482959266,0.006435039390936703,-0.004098480560843609,0.006269640317027481
2019-07-08,-0.010638452179643432,0.010230055616306188,-0.0020575650791061495,0.0064101119331436696
2019-07-09,0.0035842819385494273,-0.01392384260805668,-0.0020615173542101184,-0.0015921989368224976
2019-07-10,0.04642855873779461,0.0,0.02066110208189853,0.01435383060670059
2019-07-11,0.020477832118281025,0.0038510020003286183,0.012145603445741449,0.014151126990349816
2019-07-12,-0.023411343414589725,-0.007672794792776605,0.001999952877745459,-0.013953666878372961
2019-07-15,0.02054786611469539,0.006443400808747279,0.01596796916297727,-0.011006164204215851
2019-07-16,-0.021670455565637847,0.024327788525136507,0.0058940479387448175,-0.0015898765022940298
2019-07-17,-0.01785724273387934,-0.008750018636430767,-0.015625044000254107,-0.012738847282015575
2019-07-18,0.0036364615621911067,-0.003783148302142103,0.00793660041413391,-0.025806297515052257
2019-07-19,0.0,0.0037975148640523315,0.01968492081693607,0.008278194694620433
2019-07-22,-0.014492757804586032,0.016393487354621428,0.019304973172790563,0.013136279784039973
2019-07-23,0.0,0.0037220641387527564,0.0,0.01944879103050212
2019-07-24,0.01838235832278179,0.004944479472425378,0.0037879897912427296,-0.020667628324278486
2019-07-25,-0.021660656046386895,0.016817410718951376,0.0,0.016233791404639097
2019-07-26,-0.02583026589253634,-0.002544389071467479,-0.015094315836547745,0.0015974255301129947
2019-07-29,0.015151419178070169,0.0,0.0,0.017543795901477033
2019-07-30,0.014925478090308975,-0.007653150536196751,-0.003831327284895103,0.020376146486579927
2019-07-31,0.014705886658225475,0.010282725282096505,-0.0019233019117377292,-0.033794177713303286
2019-08-01,-0.028985611781318754,-0.008905649035315544,-0.011560625884651898,-0.0015898765022940298
2019-08-02,-0.0037312457188677373,-0.030808829028352247,-0.019493061802599354,0.0063694236410076766
2019-08-05,-0.018726597345350537,-0.035761576111486226,-0.019880735303432373,-0.01265808305660765
2019-08-06,-0.007633590106361443,0.0068680628460628945,0.008113470029378789,-0.009615413645832516
2019-08-07,0.007692310048240891,-0.005456930379623359,-0.0020120251688527935,0.029126018803443676
2019-08-08,0.015267180212722886,0.0027433326794212842,0.022177322726477433,-0.004716858627678011
2019-08-12,-0.02255639772999085,0.008207962695821358,-0.00986177109726516,0.020537304127048683
2019-08-13,-0.0038461550241204456,-0.010854695157617278,-0.017928283922147847,-0.015480170336334753
2019-08-14,0.01158301514425264,-0.00411537759973013,0.012170312039584852,0.004717203069750431
2019-08-15,-0.015267180212722997,-0.013774037089161695,-0.0060120234831849695,-0.009389768253797337
2019-08-16,0.03488373169693615,0.005586564380644754,0.008064538999650317,0.01737764433761968
2019-08-19,0.0074905395242348405,0.005555597758692743,0.007999952174428282,0.09627326699424832
2019-08-20,0.0037174735862419706,0.0,0.009920541197052879,-0.005665532865042899
2019-08-21,0.0,0.015193398310238138,0.0,-0.011396314563970611
2019-08-22,-0.018518329182058646,0.0054421495623731,-0.0019644523524271484,-0.0057636229006283735
2019-08-23,0.007547071159043961,-0.008119107218700572,0.0,-0.007246166534836007
2019-08-26,-0.026217236283490708,-0.017735348905571047,-0.02165365518309814,0.0014595810848780921
2019-08-27,0.003846257114554774,0.002777764032719343,0.0060362877753550315,0.007288929616413142
2019-08-28,0.007662836807651674,0.002770138933677835,0.007999952174428282,0.05933417277634212
2019-08-29,0.0038021812104245267,-0.006906008231319705,0.00793660041413391,-0.0013662240633799394
2019-08-30,0.018939299108489793,0.03198874647350225,0.01968492081693607,0.005472132997885071
2019-09-02,-0.007434848497706148,-0.0026953368562427915,-0.005791573417159301,0.008163289149941688
2019-09-03,-0.011235958407210256,-0.005405446091194199,-0.013592051230453706,-0.01754412727604482
2019-09-04,0.030303039443358326,0.009510856318641459,0.013779340735654566,0.002747462064116135
2019-09-05,0.0,0.008075397571775333,0.021359269309287,0.006849355354437092
2019-09-06,-0.0036764716645563134,0.0013350063286683422,0.001901162927129052,0.019047396505306846
2019-09-10,0.0036900379846480647,-0.011999841032464653,-0.007589887818891694,0.009345921223592013
2019-09-11,0.007352943329112627,0.005397947991524044,0.0057358670410607715,-0.009259383752462491
2019-09-12,0.0,0.020134298254742333,-0.00190109607187261,0.0013352151681753632
2019-09-16,-0.007299272194324136,0.0,0.011428637645652717,0.01866656759081775
2019-09-17,-0.0036764716645563134,-0.018421027437757198,-0.0018832609971792813,0.0026178857163567937
2019-09-18,0.0,-0.002680817274270386,0.0075471247429326205,-0.002611050285110661
2019-09-19,0.0036900379846480647,-0.012096880800276266,1.3170735346790252e-07,-0.003926656533852824
2019-09-20,0.014705886658225475,0.013605305634994513,-0.003773744445490057,0.015768774082770554
2019-09-23,-0.007246378902293071,0.0026846180036714795,0.0,0.003880824949912487
2019-09-24,-0.003649636097162068,0.0026774301265501954,0.003788039538658472,-0.0025772901934582038
2019-09-25,-0.003663004731453978,-0.0013351403183635702,0.0037736127381540197,-0.018087648473240514
2019-09-26,0.0,-0.010695134072227885,0.00751852420923993,-0.010526308507531446
2019-09-27,-0.014705984244668735,-0.010810959992036406,0.014925226379195466,-0.018617153915602147
2019-10-01,0.018656822852144206,-0.00819668141718799,0.02941205719511908,0.020325087896170935
2019-10-02,-0.010989111423345799,-0.004132107450828926,-0.0017857588041424455,-0.011952054930019052
2019-10-03,-0.007407410320276031,-0.004149460820641937,-0.010733533349134183,0.020161293172022976
2019-10-04,0.0037313447618352313,0.009722278654398897,0.0,0.015810209600582326
2019-10-07,-0.007434848497706148,0.009628528035299677,0.005425153837448793,-0.0038910059186796353
2019-10-08,0.0,0.008174483412887401,0.030575546342537674,0.001302182424884446
2019-10-09,-0.014981178462375122,-0.014864824179076086,-0.01570677024591549,-0.03250983086692805
2019-10-14,0.026615773102441898,0.021947693927911294,0.028368879471279973,-0.004032093746680121
2019-10-15,0.014814918949867861,0.0026846180036714795,0.012069083484171017,-0.009446819571138576
2019-10-16,0.003649539223028686,0.004016010841382034,0.010221122098474922,-0.019073587373254153
2019-10-17,0.0036364615621911067,0.02933339078288033,-0.010117707771980733,0.0305554456849344
2019-10-18,0.010869568353439663,-0.0038859586666855073,-0.0017040951201399146,-0.0026953869133202746
2019-10-21,-0.0035842304136706193,0.009102783258803093,-0.01023851003445575,-0.002702671659141287
2019-10-22,0.007194246665041648,0.024484509583633463,0.01379278264462891,0.006775345924017184
2019-10-23,0.0035714295871240864,0.01257855323378676,-0.003401445745029097,0.0013456432764538118
2019-10-24,0.035587198696892974,0.0,0.0,0.025537692980470483
2019-10-25,-0.010309281171592355,-0.0037267831080425307,0.0017070040173559065,-0.006553003936740631
2019-10-28,-0.010416761711794731,-0.0012468454241404414,0.0034070010601541245,0.02110793296538871
2019-10-29,0.01754405245520063,0.008739252438496603,0.01358232383896052,0.015504038327229797
2019-10-30,-0.006896644515955286,-0.007425953170694166,0.0033500498689842395,0.008905860643821706
2019-10-31,-0.027777785458192206,0.004987631966618888,-0.0033388645063821,0.02900366758635342
2019-11-01,0.03571439066950033,0.052109170636536195,0.0016746156931204403,-0.007352856689846421
2019-11-04,0.01034464642123023,0.04952835157021651,0.02675617726806445,0.017283858730804846
2019-11-05,-0.01023873037569134,0.011235955056179803,0.011400707939851928,0.0315533546953739
2019-11-06,0.0,0.004444422142604765,0.0016103459613487914,0.021176537535755324
2019-11-07,-0.017241565525216385,0.004424756656146389,-0.006431027665965927,-0.02073739138862052
2019-11-08,0.0,0.0011011779498262264,-0.011326691777604259,-0.025882262950126078
2019-11-11,0.0,-0.03300308571404598,-0.014730087585138274,-0.025362343763972728
2019-11-12,0.0035088663721236646,0.0352671996273386,0.01328925188980512,0.016108969020336428
2019-11-13,-0.006993008940059053,-0.014285726889581185,-0.003278769566536832,-0.004877993004234749
2019-11-14,0.021126859950167276,-0.004459286979513033,-0.0016451220621097606,0.006127595344608272
2019-11-15,-0.013793197502566912,0.00895863496543492,0.01153241564214258,0.028014503870648078
2019-11-18,0.013986110689601317,0.00443960091041995,0.013029412985188005,-0.005924206166652124
2019-11-19,0.003448184963962042,0.025414263427937067,0.0128612697463939,0.003575748701432069
2019-11-20,0.013745708228789733,-0.009698308725006433,-0.0047616926562567,-0.015439459715694048
2019-11-21,-0.006779752825016971,0.006528858030808715,-0.007974236089981268,-0.018094197897672415
2019-11-22,-0.003412879927830681,-0.01189185998836717,-0.006431027665965927,0.00982811298034747
2019-11-25,0.027397176842967497,-0.019693720580145513,-0.006472427573747774,0.018248071693886203
2019-11-26,0.013333338052180288,0.0033482257864347886,0.0,0.003584397871304379
2019-11-27,0.0,0.007786530444339412,0.013029412985188005,0.005952312028834061
2019-11-28,-0.006578949666162903,-0.008829977571143566,-0.004823719655496106,0.021301841049247816
2019-11-29,-0.009933690434420606,-0.01447684841944663,-0.014538933951345645,-0.02317500738678424
2019-12-02,0.010033358713902096,0.001130136473674881,0.008196466179420936,-0.011862363281796129
2019-12-03,0.01655629721141927,0.015801331389599715,-0.001625943359284121,0.003601609289665131
2019-12-04,0.03257338762850903,-0.005555611310155029,-0.0032571827131706588,0.015549951868572665
2019-12-05,0.04416396521543997,0.00446925156715916,0.019607758151174437,-0.010600585267737883
2019-12-06,-0.021147962845496693,0.006674216795109933,0.0032052078026651998,-0.011904728374387719
2019-12-09,0.0030863385872281768,0.005524695232438592,0.009584567277745704,0.027710732712068253
2019-12-10,0.012307778000834046,-0.007692076944590731,-0.00791158901443334,-0.0035170610900475685
2019-12-11,-0.01215813833332402,0.011074084628136527,0.0175438537895658,0.009411863186654434
2019-12-12,0.021538468574848535,-0.0032859916332194095,0.03918495006268774,-0.0034964631451276373
2019-12-13,0.0,0.0,0.022624369597489924,0.01169577098261998
2019-12-16,0.003012129106369388,0.0065934293773197705,-0.008849265051091404,0.021965370385209182
2019-12-17,0.021020946337549473,0.0,0.02678565214541484,0.04185531709726997
2019-12-18,-0.011764787625351714,0.008733581395063528,-0.0014494125968896876,-0.00868620495892991
2019-12-19,-0.005952383303528541,-0.0021645458917616267,-0.02046803325550106,-0.004381302080748939
2019-12-20,0.0,-0.011930555106555607,-0.017910210025712803,-0.0187019448453275
2019-12-23,-0.008981960025624791,0.004390868122372327,0.015197187456622796,0.0067265772199747165
2019-12-24,0.0,-0.006557509026213104,-0.005987772366926936,-0.008908680970334593
2019-12-25,0.006042378202563148,0.001100187501097194,0.003011868697595066,0.015730352787399315
2019-12-26,-0.0060060871524703074,-0.002197736269883066,0.0,-0.006637188514357573
2019-12-27,0.009063366824136887,0.007709240389478511,0.015015163436940204,-0.005567962198629317
2019-12-30,-0.008981960025624791,-0.006557509026213104,-0.01035487414918601,0.0
2019-12-31,-0.006042217818796769,-0.0010999666907607342,-0.010463426639894746,-0.006718945959649059
2020-01-02,0.006078948147613783,0.0,0.024168998332338765,-0.0045094323965478855
2020-01-03,-0.015105825218583058,0.008810528866048717,0.0014751962507753014,-0.015855153259733412
2020-01-06,-0.015337348135061601,-0.012008592247125027,-0.022091470528920798,-0.024165732425733166
2020-01-07,-0.003115183137840205,-0.015469701116427537,-0.007529932656415217,0.004717030361291119
2020-01-08,-0.015625003888209643,-0.02918083199606769,0.0,0.010563464297938419
2020-01-09,0.019047539597652596,0.006936556617510137,0.024279126512982918,0.015098649012003751
2020-01-10,0.0062305316558273205,0.02181404220924188,0.005925982809496189,-0.011441716195268903
2020-01-13,-0.006191952499766229,0.006741482824018874,0.005891072415631582,-0.023148085700310128
2020-01-14,0.012461063311654863,0.0044643757199251954,0.013176929481496291,-0.014217949448698253
2020-01-15,-0.00615384816424247,-0.0011111891675503749,-0.01734100862534027,0.0
2020-01-16,0.0,0.0011124252824739056,-0.016176372425579455,0.012019196844114344
2020-01-17,-0.009287846571588876,0.025555455197276533,-0.004484606861964391,-0.0011876347367549833
2020-01-20,0.003124917829168794,0.0,0.0,-0.0035671406704361752
2020-01-30,-0.0591900507303601,-0.09967486306475726,-0.0495493630066246,-0.08472559925808554
2020-01-31,-0.013245037769135437,0.0012033935589672584,0.01105839474392356,0.0117338932870108
2020-02-03,0.006711411787172938,-0.012019471435164353,-0.015624827430883004,-0.015463854080929651
2020-02-04,0.013333338052180288,0.0,0.03174600555618623,0.022251283079408823
2020-02-05,0.01973684899848882,0.0,0.007692328194773168,-0.024327618678329777
2020-02-06,0.04838711334662671,0.01703179221485751,0.015267215953808977,0.00262452643701816
2020-02-07,0.006153929836591576,-0.00837325406149425,-0.013533911528021858,-0.0026176563287803045
2020-02-10,0.003058104720239818,-0.010856490796333884,-0.0015243520790609866,-0.0026246414318232825
2020-02-11,0.01829252551717553,0.01097564781583027,0.012213963201210598,0.026315713620118864
2020-02-12,0.011976132134573048,0.03136311492755084,0.010557593276788069,0.029487062969311806
2020-02-13,-0.0029585808110189626,-0.009356561365980731,0.0,0.017434747779367044
2020-02-14,-0.020771519897316737,0.0023612037447022782,0.0,-0.007343856180885844
2020-02-17,-0.006060527575653785,-0.011778562597617337,-0.010447294985488687,-0.01849590070057605
2020-02-18,-0.015243987065217457,-0.005959535160563689,-0.028657832716581844,-0.015075204292003486
2020-02-19,-0.003095894071822647,0.004796199285073577,0.013975235315721202,-0.00892869117990247
2020-02-20,0.012422198453964084,-0.011933174081432796,-0.003062816226675369,0.014157076858083872
2020-02-21,-0.015337348135061601,-0.013285169440346856,-0.0015361661695141304,-0.01522858388303483
2020-02-24,-0.015576163759421502,-0.012239903734655111,-0.015384763002366242,-0.028350305048220892
2020-02-25,0.006328946990427964,0.01982648337204851,0.0062501691854088826,0.003978733601495366
2020-02-26,-0.018867847357768475,-0.014580609326065974,-0.010869615511549191,-0.009247036457064817
2020-02-27,-0.01923085921432055,-0.00986431523883502,-0.007849205952041638,-0.040000004673389156
2020-03-02,-0.0032678882466014025,-0.013698779084761359,-0.015822716452837837,0.00833335868809204
2020-03-03,0.016393359875104485,0.022727223769201332,0.020900018115606933,0.024793342544930708
2020-03-04,0.01935501658712746,0.008641963989462598,0.00944902031783812,-0.004032093746680121
2020-03-05,-0.006329198985769113,0.012240026572222673,0.007800332588745684,0.039136080628249026
2020-03-06,-0.01592373998415675,-0.02297452234555386,-0.0247678237771366,-0.016883036631900383
2020-03-09,-0.025889892856108987,-0.021039776280546096,-0.03015863378009853,-0.03170407538664266
2020-03-10,-0.006644432431765046,0.0037926171443549705,0.004909746588163344,0.019099727881088713
2020-03-11,-0.010033536262476495,-0.010075517720506744,-0.016286238715177204,-0.028112589244825514
2020-03-12,-0.030405326637672037,-0.04961830014253177,-0.026490771334959695,-0.07438020868033735
2020-03-13,-0.02090592914546996,-0.001338647889053468,-0.01360498919923736,0.014881041446012322
2020-03-16,-0.01067615960906787,-0.04691702650245666,-0.046551810657844306,-0.06158363253493204
2020-03-17,-0.010791465477822837,-0.007032208943999252,-0.03074145648938509,-0.014062679594885608
2020-03-18,0.0036364615621911067,-0.00849868343720861,-0.029850389279546752,-0.04437399025198252
2020-03-19,-0.007246378902293071,-0.05285699272932842,-0.03689342319014788,-0.0912105903431577
2020-03-20,0.010948908291486203,0.06787330214002285,0.08870962776203162,0.09854037854296904
2020-03-23,-0.007220314507083603,-0.04661025388021889,-0.05555550965966849,0.023255761484833437
2020-03-24,0.007272826602509275,0.028148269183821073,0.04901926217639341,0.07142852570533442
2020-03-25,0.018050642530277106,0.02881837024958478,0.035514377767329686,0.013636272510102465
2020-03-26,0.0,-0.005602283221191606,0.01083022853030946,0.02690591417584587
2020-03-27,-0.007092294042601033,-0.012676028963966801,-0.025000004595893244,-0.010189110913849775
2020-03-30,-0.0035714295871241974,-0.0014266337999253587,-0.020146761876605135,-0.010294448613482277
2020-03-31,-0.021505382482023938,-0.0014283852536964847,0.024299327983456465,-0.026745545750897493
2020-04-01,0.010989014194362046,0.0014304284566102332,-0.009123986347240653,0.019847095916058377
2020-04-06,0.021739232879025794,0.0028572006143647855,0.014732875858302963,0.020958236806392305
2020-04-07,0.0035460058324185972,0.014244943986637226,0.027223363978374326,0.017595103323243322
2020-04-08,0.0035335698988692155,0.053370808887149845,0.007066852231737197,0.007204654888116835
2020-04-09,0.0,-0.013333201306424125,-0.007017262276160285,0.005722395019380322
2020-04-10,0.0070422554956985906,-0.0013513784752106073,-0.01236752190903656,-0.004267252003760547
2020-04-13,0.03496495189081217,-0.010825521559206464,-0.003577949312753015,0.004285539480696654
2020-04-14,0.02364865713132769,0.017784079344829173,0.023339194777757255,0.039829409636560564
2020-04-15,-0.0033003311894700404,-0.004032338563473958,0.00877183371016721,0.0
2020-04-16,-0.013245037769135437,-0.0013495547160161658,-0.003477912753423018,-0.010943906381334134
2020-04-17,0.01006711768075963,0.024324337886253877,0.06980814362365328,0.017980550410369833
2020-04-20,0.00664452061619758,0.005276885906473794,-0.00815679442703765,0.0054348395490686485
2020-04-21,-0.023102318326290394,-0.03543293112530166,-0.02960511425817436,-0.04459443761658555
2020-04-22,0.027027036721517295,0.0054421495623731,-0.003390187765498154,-0.02121659396721376
2020-04-23,0.03947387262535962,0.0013532071702528903,0.005102463632618015,0.014451144643835123
2020-04-24,0.006328946990427964,-0.0027026891407730957,-0.00507656066643869,-0.007122610786389982
2020-04-27,0.01572327568994769,0.014905108052752247,0.01360583045323982,0.06743175807820623
2020-04-28,-0.0712074537473113,0.00400535396024293,-0.005033741950855153,0.008064540824198385
2020-04-29,0.020000007078270432,0.005319055588544952,0.008431320081608407,0.06133320808650544
2020-04-30,0.01633987495055611,0.018518626684419726,0.018394990642286668,0.04271373932525302
2020-05-04,-0.012861740725346293,-0.03246766280295976,-0.031198487255915452,-0.037349491716171856
2020-05-05,-0.006514573772552712,-0.005368966589107904,0.001694977557338495,0.005006200173650832
2020-05-06,0.003278602352694948,0.002698973995762133,0.0016917610840370134,0.0161893229124892
2020-05-07,0.019607936684177263,0.012113096357662778,0.0050674071812961685,0.00735296407471453
2020-05-08,0.0032050439478028547,0.013297739062732461,0.0,0.001216744208259124
2020-05-11,-0.0031948044591068037,0.035433194532896284,0.01176502749952335,-0.0036454772083942544
2020-05-12,-0.009615557220196691,-0.020278732725480975,-0.019933490806903653,-0.007317096367397635
2020-05-13,0.009708913836739885,0.019404914400431794,0.0067795612531225125,0.031941205713046816
2020-05-14,-0.016025730191160048,-0.0076143654459849275,-0.013468047702705599,-0.02142863625396152
2020-05-15,0.0032573301167551083,-0.014066394578496455,0.01706500750560025,0.0
2020-05-18,-0.019480526195862824,-0.027237509576177654,-0.026845932811814688,0.0717761821734928
2020-05-19,-0.009933690434420606,-0.002666586736862153,0.005172842029107727,0.0488082061744437
2020-05-20,-0.006688964992126123,-0.004010775903707575,0.008575819269270646,0.017316006642130066
2020-05-21,0.0303029490556721,0.0026846180036714795,0.011904736893094015,-0.011702178830964138
2020-05-22,-0.013071899960445,-0.014725529824917816,-0.018487158833984663,-0.04843919044470457
2020-05-25,0.0,0.0,0.0,0.04072400926060671
2020-05-26,0.006622518884567663,0.01630433485741123,0.011986508640698501,0.0
2020-05-27,-0.006578949666162903,0.006684559421764602,0.0033838705537998504,0.009782591199430035
2020-05-28,0.01655629721141927,0.0,-0.00843189876629058,-0.009687819224344363
2020-05-29,0.006514573772552712,0.006640106153201986,-0.006802506702710098,0.006521759214855427
2020-06-01,0.012945075280074825,0.005276885906473794,0.011986508640698501,-0.0032397034189488583
2020-06-02,0.012779641854219648,0.011811196548096259,0.0033838705537998504,0.050920700043803446
2020-06-03,0.022082024474457285,0.01297016827453601,0.015177163158062834,0.010309432015094044
2020-06-04,0.0061726771744563536,0.0038412419445938983,0.0166111093313408,0.0
2020-06-05,0.012270025067337986,0.00127547175269771,0.017973736369200743,0.008163260561688368
2020-06-08,0.0333332636230963,0.015286547496856873,0.020866997539823018,0.0010122227695401609
2020-06-09,-0.011730132003780813,-0.0025093349261381404,0.0031446622323487716,0.006066663660151406
2020-06-10,-0.014836799926654876,0.005031421293514748,0.010971761373629763,0.005025155721175123
2020-06-11,-0.03313254071631033,-0.016270413694044472,-0.006201672960948534,-0.00700000665957945
2020-06-12,-0.02180677810532239,-0.007633486420157265,-0.014040225211503832,-0.008056478119476185
2020-06-15,-0.019108369634121325,-0.012820512820512775,-0.02056994088309827,0.0
2020-06-16,0.006493508731954201,0.018181857282446368,0.017770701449088877,0.03553294299262455
2020-06-17,-0.012903230225767115,-0.0025511355174016037,0.0,0.0
2020-06-18,0.003267974990111222,0.00383639443219419,0.006399988844575821,0.005882457546678266
2020-06-19,0.0032573301167551083,0.003821732757920193,0.0,0.06432759775578245
2020-06-22,0.01948061237610288,0.0012689335494517895,-0.007949003581781966,0.05494497734682313
2020-06-23,-0.01592373998415675,0.01647643854025138,0.00961547589365952,-0.00347210601291148
2020-06-24,0.01941765587078592,0.0411474006169783,0.0079361682720136,0.010452763269486187
2020-06-29,-0.01269850017362828,0.020358966497345587,-0.017322592336048936,-0.0258619986354508
2020-06-30,0.022508046269356097,0.01291100080074603,0.003204794917021303,0.024778784943115584
2020-07-01,0.012578704022127019,-0.0046349708943550505,0.014377083678664304,-0.003454191442022747
2020-07-02,0.015527954150617918,0.0011639924321213968,0.014173419999013559,-0.005199246355299558
2020-07-03,0.006116209440479858,-0.008139640859687769,0.023292095053679462,0.019163615593740024
2020-07-06,0.01215805765395861,0.01289586526150921,0.02579640432981445,0.025240870526596515
2020-07-07,-0.003003083431357023,0.006944467836855095,0.0014792874079070373,0.04923605918966145
2020-07-08,0.003012129106369388,0.0,0.007385612317104551,0.0695791848317
2020-07-09,-0.012012014884453248,-0.009195356157113088,0.011730284033867111,-0.015128559952648613
2020-07-10,0.0,-0.01624139168751737,0.01014480983859456,-0.0537634536524173
2020-07-13,0.03647401160314501,0.022405578595092956,0.017216612481741222,0.021103905401888445
2020-07-14,-0.01466276230500152,-0.00461347183317784,0.02538782635451242,-0.028616980255591562
2020-07-15,0.0002474234817997356,0.0034761409532595433,-0.0013753261892544,-0.0032731184234385813
2020-07-16,0.03750002665541796,0.011547576955743821,-0.015151674300384221,-0.0164204649624895
2020-07-17,-0.012048201025532057,0.004565957376607477,0.026573571478293534,0.013355620954990322
2020-07-20,0.00914630927981852,-0.01363629676539524,-0.002724697823191624,-0.009884628533592732
2020-07-21,0.03625380273230938,-0.0172812802202148,0.04644808971895853,0.059900145424081286
2020-07-22,0.02040814070927155,0.007034258065077736,0.0026107831780659563,0.04238623879206793
2020-07-23,0.10000003610469355,0.004895708007188304,-0.006510405123002161,0.019578384980876162
2020-07-24,0.025973912587389014,-0.025578352790609937,0.011795612090127694,-0.0029543425848924665
2020-07-27,0.09873422419005506,-0.02500008202850834,0.09974092430271164,0.07851858556678426
2020-07-28,0.025345612190622147,0.005128308047492203,0.02473477631357568,-0.06593408022256553
2020-07-29,0.00674177698124967,-0.005102142688085398,-0.029884930094286832,0.0029411824258227526
2020-07-30,-0.008928689292647118,0.0,0.02843612983377497,0.0014662470755970602
2020-07-31,0.006756732911132879,0.005128308047492203,-0.019585216585061294,0.026354121151736187
2020-08-03,0.06487691853634314,-0.016581628926045644,-0.022326791645921107,-0.0071325301500621
2020-08-04,0.03151260191877325,0.012970056130595209,0.02283666101836679,0.05172412300901641
2020-08-05,0.014256706994801416,-0.0025606264347113328,0.008225521117822154,-0.0027321874392735035
2020-08-06,0.06827308666269949,0.014120427494594523,0.013985829747309664,0.002739672738717891
2020-08-07,-0.037594009965654984,-0.00886066589290646,-0.0045975370706067276,-0.03688517700438887
2020-08-10,-0.011718906184086442,0.028097076591852455,0.00577381886026096,0.0014184121010489825
2020-08-11,-0.011857567736659136,-0.008695677950677161,-0.01492550030869888,-0.01841366636062547
2020-08-12,-0.0420000549946683,0.020050048568953205,-0.023310298188250922,-0.018758903722605913
2020-08-13,-0.008350526027316896,-0.023341435755073636,0.023866636604246594,0.005882238302910681
2020-08-14,-0.0084211637500059,0.011320831286482091,-0.0046620755088156995,-0.005847839914973396
2020-08-17,0.02547761677759719,-0.0024877898845073743,0.018735250408205006,0.007353050976108388
2020-08-18,-0.002070316457126853,-0.0049873937538145174,-0.0045975370706067276,-0.09927020035995338
2020-08-19,-0.02904571538653289,-0.006265759791030945,-0.012701898306976989,-0.012965921281876569
2020-08-20,-0.06837601206551014,-0.02774258535148888,-0.02924018567523079,-0.0722496643185746
2020-08-21,0.0,0.01426700603274833,0.022891858717338343,0.0690265028458461
2020-08-24,0.03669715730034473,-0.007672483646476658,0.008244898705507264,-0.031456842778331384
2020-08-25,-0.019911324311291723,0.009020583605085841,0.015187048394643021,0.006837547117771514
2020-08-26,0.009029236680694996,-0.0012772562086355022,0.017261187334321137,-0.0186758700188433
2020-08-27,-0.017897104371317085,-0.008951312294606328,0.004524955535297082,-0.03460193007704515
2020-08-28,-0.0022778196120694094,0.0,-0.020270538114277925,0.028673817713839256
2020-08-31,-0.031963548308957646,-0.007741905924739889,-0.019540041248389484,-0.031358875876057346
2020-09-01,0.0330189511491239,0.0013004471753379487,0.019929463792962343,0.03597122079464965
2020-09-02,-0.00913254129094776,0.01038950783857051,-0.0045975370706067276,0.034722294846163626
2020-09-03,-0.006912418512577401,-0.0012854034991635066,0.006928472560463916,0.011744809703444492
2020-09-04,-0.004640433269729849,-0.010295910295861188,-0.016055093866771286,0.0
2020-09-07,0.09790223467702397,0.005201726639350701,-0.006992914873654832,-0.00829178497785954
2020-09-08,-0.03609336197996593,0.002587126515753102,0.011737066690705067,0.010033393800777501
2020-09-09,0.04405277907577054,0.005161455361062606,-0.009280882841038007,-0.014900729713611116
2020-09-10,-0.014768022704580552,0.007702029082395256,0.018735250408205006,0.006722776216527615
2020-09-11,-0.014989169828262927,0.0,0.0034483484561516065,-0.006677882308169569
2020-09-14,0.03913029575565963,0.011464802645498207,0.010309338653866407,0.02352960828748296
2020-09-15,0.0585773465692041,-0.003778323677897766,0.009070201483608376,0.0032838669087176253
2020-09-16,0.01581048989323186,-0.0037924122070601696,0.029213739988487974,0.009820129889563933
2020-09-17,0.0019454527807052369,-0.008883395456455223,-0.015367881737427203,-0.02917347978825069
2020-09-18,0.0019416753430099298,-0.006401963291556512,-0.010033239550558348,0.020033287771136443
2020-09-21,-0.025193744724323786,-0.0025774326057771413,-0.00900930579045689,0.00818342983798126
2020-09-22,-0.001987997651343054,-0.007751785504748088,-0.0068179660095119,-0.02110397525022123
2020-09-23,0.035856546827669256,-0.0013022025212952038,-0.008009195071014275,0.02321736897979343
2020-09-24,-0.001923005327900018,-0.022164316721311583,-0.024221580576810786,-0.027552765778687482
2020-09-25,-0.036608958526494595,-0.009333298292075964,0.0023641246643533176,-0.024999874505821862
2020-09-28,0.09999991912548767,0.03499333060896559,0.01768871644112746,0.03076907235450954
2020-09-29,0.0,0.0013004471753379487,-0.0011587771009701209,0.011608684489896826
2020-09-30,0.03818187098418968,0.005194660947188456,0.004640407136003555,-0.004918007926059231
2020-10-05,0.005254010684536015,0.003875954413463445,-0.0011546064661559496,0.006589657843761865
2020-10-06,-0.012195196050675094,0.0012870578878763084,0.016184584837005245,0.006546659366467145
2020-10-07,0.04056447059196899,-0.00514142996446465,0.007963716115302777,0.052032704956402887
2020-10-08,0.09152535402943962,0.007751970488016013,0.02257354026910785,0.035548592093485265
2020-10-12,-0.004658447250180275,0.008974447302954491,0.015452395418386722,0.06567158830735509
2020-10-13,-0.015600596591505034,0.002541286197909942,0.004347933612753652,-0.021008358545159367
2020-10-14,0.020602253992598518,-0.011406920924963537,-0.006493446532783165,-0.014306058917229802
2020-10-15,-0.020186369285392414,0.0012820464184875036,-0.013071921459300029,0.0
2020-10-16,-0.028526210159828924,0.006402024399984052,-0.008829940239078016,-0.013062404575778896
2020-10-19,0.011419403073809065,0.03435119787821095,0.018930969187953117,0.01764709455493696
2020-10-20,0.0064516171110566845,0.001229948903583189,-0.01420785029205418,0.007225416813663843
2020-10-21,0.004807675172206594,-0.012284848924759117,0.004434699330133185,-0.008608338647865699
2020-10-22,0.05263147287297909,0.004975104886669968,0.004414745895561456,-0.004341636195220877
2020-10-23,-0.007575782524135044,-0.001237796136937197,-0.006593049575452592,-0.014534977165271745
2020-10-26,0.00763361311698274,-0.00619582292032228,-0.004424887143729794,-0.005899527735706678
2020-10-27,0.015151641633986968,-0.002493577860232521,-0.006666755449397543,0.016320603873451134
2020-10-28,-0.025373094017217768,-0.021250036912828785,-0.006711196396133823,-0.005839552870446685
2020-10-29,0.009188328217654584,-0.0038314638642245047,-0.015765846659320126,0.004405200617232374
2020-10-30,-0.06828534311415779,-0.006410232092437074,-0.011441773653890208,-0.008772011489856846
2020-11-02,-0.034201916587622505,0.010322602814509585,0.008101895121157998,-0.03687307958990471
2020-11-03,0.005058918716004612,0.0,0.01262916215067067,0.01837676217050821
2020-11-04,0.062080605500451025,0.006385793424486419,0.02040820556995726,0.018045280130490227
2020-11-05,-0.03475511863870817,0.002537879377475516,0.0022221264171284894,0.028064824574588254
2020-11-06,-0.0016366830100572605,0.00886078671742263,0.003325949424818564,0.0057471385165104305
2020-11-09,0.04262293940899786,0.01882068580787899,0.013259771442852175,0.002857271761242286
2020-11-10,-0.02515717122316974,-0.004926089265119837,-0.016357794974908635,-0.022792251368805694
2020-11-11,0.0,0.009900951501143895,0.013303797699274478,-0.014577291475707521
2020-11-12,0.0032257677921674333,0.0036765148838024952,0.0021883118793024625,-0.004437847884368518
2020-11-13,0.006430791344737008,-0.0061051570885682915,0.008733543103960573,0.0029719026218402167
2020-11-16,0.028754056039516085,0.014741842162135255,0.0476189743337192,0.028148110846648144
2020-11-17,-0.0015528157500600548,0.004842828781481012,0.00309918012999022,0.0028818504551300084
2020-11-18,0.0062207657263118055,0.002409629409507952,0.023687017299360402,0.04597710813208411
2020-11-19,-0.007727922865457981,-0.003605812942172437,-0.014084580923631851,0.0068681752207386815
2020-11-20,0.029595096762043305,-0.004825072414658238,-0.004081664240534799,0.019099452183160892
2020-11-23,0.09984858970486465,0.004848466617186187,0.017417977339124757,-0.005354763600371459
2020-11-24,0.04951867772387453,-0.010856470503166848,-0.009063327500785756,-0.0013459268196157614
2020-11-25,0.007863668153230474,0.0,-0.01016243909548964,-0.024258638193820903
2020-11-26,0.027308096725758846,0.01219519292933513,0.004106668112749956,0.008287250133893531
2020-11-27,-0.008860622618632519,-0.004819488822300433,0.0,-0.006849240787303756
2020-11-30,0.03448263618878622,-0.0036317749103843555,-0.017382632627625072,-0.02896572319590196
2020-12-01,0.025925836943617275,0.007290373492030877,0.019771209868080675,-0.009942989784854861
2020-12-02,-0.0024065888894120313,-0.0024125362073291745,0.01836745453360744,0.021520630560852183
2020-12-03,0.04463213407072386,-0.008464354858405354,-0.004008046626356676,-0.01685384838884807
2020-12-04,0.09930708009167954,0.010975627074757854,0.01207232275754433,0.007142902803709772
2020-12-07,0.05042020554614823,0.060313750604342964,0.02186872170423193,-0.0014185951928396001
2020-12-08,0.018000139104161095,-0.003413010421789653,0.019455537164300374,0.036931960557340826
2020-12-09,-0.0196464262934285,0.015981674210338914,-0.007633516266774998,0.005479345477435782
2020-12-10,-0.052104292051780354,-0.01460674036799181,-0.015384600358957945,-0.03405993144823005
2020-12-11,-0.025369997158491975,-0.0011401921543765514,0.007812359993474516,-0.0028208198619896763
2020-12-14,0.0010847228523791497,0.0011414936765108408,-0.015503862744076446,-0.007071998488775266
2020-12-15,-0.04658728537561352,-0.006841370603264618,-0.007874142224165381,-0.0014247800297397806
2020-12-16,0.020454588272920127,0.01262905795650604,0.015873272856364862,0.0
2020-12-17,0.02561247466761407,-0.004535021992773447,-0.0029441750110418274,0.004279640847752564
2020-12-18,-0.004343163003293737,-0.001139110778251351,0.003936915177348954,-0.007102196677908124
2020-12-21,0.03489642583385022,0.003420794140134964,0.011764760287773512,0.012875594600786577
2020-12-22,-0.036880992285070247,-0.003409132200679954,-0.013566062304219528,-0.0070623134147855815
2020-12-23,0.008752741764420424,0.012542875567660872,0.0,0.0241822838459127
2020-12-24,0.009761299571001025,0.009008866657035597,0.001964756184758887,-0.008333469783336156
2020-12-25,0.004296621859922967,0.02455379947052183,0.0019606392326037003,0.0014007139157528048
2020-12-28,0.039572070053326414,0.0,0.007827935873207625,0.03496495500955343
2020-12-29,-0.024691273279635384,-0.01525058838269755,0.0,-0.008108183223892729
2020-12-30,0.01898727495446284,0.013274284423701266,0.019417478268828336,0.0163488093010562
2020-12-31,-0.023809424141629232,0.004366691185994531,0.00952387492240292,0.001340514272537785
2021-01-04,-0.033934274668011466,0.08586960762017326,0.011320552010250173,0.060241004105437757
2021-01-05,0.01756301842136687,0.04104102946829191,0.011194020234234658,0.00631317150923838
2021-01-06,0.012944939350109541,0.009615531993141024,0.012915107818501026,-0.006273565414800397
2021-01-07,-0.01597433289016703,0.019047544591235477,0.029143771566041865,0.008838374921158687
2021-01-08,0.03571421538046793,0.00934584774990821,0.026549101077885995,0.04881098033809517
2021-01-11,0.04493215403299855,-0.004629655816558054,0.006896156708675383,0.015513184820799886
2021-01-12,-0.030999908207428595,-0.032558235760588805,0.01198668684370996,-0.0058754779690811665
2021-01-13,0.031991646306329224,0.02403850875229363,0.023688503926629467,0.04491719876872802
2021-01-14,-0.001999925595448704,0.08920194147173444,-0.021487684861842382,-0.026017936241040762
2021-01-15,-0.023046094112844417,-0.004310451586125863,0.015202945544376956,-0.012775942221865955
2021-01-18,0.01846147242200069,-0.012986922832239567,0.0099831817825069,-0.007058888798786134
2021-01-19,0.06747239154502993,0.008771812309809057,0.032948935378003696,0.04146915565546605
2021-01-20,-0.016981261815855797,-0.004347602344617618,0.03189793246260164,-0.007963489967367399
2021-01-21,0.03646833330002375,0.02183393299565517,0.04018552018149579,0.07110091675216879
2021-01-22,0.04629635436591806,0.03846151335927428,-0.03566128314255601,-0.0182013455616018
2021-01-25,0.012389366755261921,0.012345671253255253,-0.024653463012952792,-0.007633486780706633
2021-01-26,-0.04195798325194189,-0.008130050385902865,-0.02527629984947488,-0.042857206350040866
2021-01-27,0.0,0.008196689887687292,-0.0032415790588815607,0.029850858338144715
2021-01-28,-0.06569347307306894,-0.03658542074339699,-0.022763970912028197,-0.031215319722419643
2021-01-29,-0.02343751619686818,-0.059071669800451865,-0.016638935294711277,0.006904552300807776
2021-02-01,0.01599991022929137,0.013452906352711791,0.03384083391378301,0.03428573676490321
2021-02-02,0.03543324832288364,0.030973460297723854,0.03437009914748601,0.028729293640615605
2021-02-03,-0.01140689927952887,0.0,-0.003164748611357515,0.02040818212874962
2021-02-04,-0.001923005327900018,-0.021459186677382336,-0.00476198014345941,-0.004210625479519781
2021-02-05,0.01926778576826882,-0.004386073613426689,0.00797475179588547,0.004228429813832202
2021-02-17,0.08884681877202039,0.004405396004599105,0.049050404821694205,0.03157887585611552
2021-02-18,0.010416630102307645,-0.008771979768331217,-0.004524958621239916,-0.0020408645320627583
2021-02-19,-0.017182099843548793,-0.026548656120839786,-0.012121030819042256,-0.01431473931218541
2021-02-22,-0.0069930119366785615,0.009090961155287847,-0.0030675674069542413,-0.013485525978807589
2021-02-23,-0.01760569083190222,0.004504444077544356,-0.013846165648496611,0.014721239860139734
2021-02-24,-0.019713163595886818,-0.008968575699607073,-0.02496125362588586,-0.025906723738184367
2021-02-25,0.018281501693263813,0.05429860657429231,0.01600011385372313,0.004255328108747847
2021-02-26,-0.02692997829945909,-0.03862658517878781,-0.04566931406624386,-0.05084747307762605
2021-03-02,-0.02767527279526727,0.0,0.0049506855146024265,0.00446439118838815
2021-03-03,-0.015180180296832102,0.031249922765362204,0.021346549202112985,0.03333335245625291
2021-03-04,-0.054913340397516164,-0.008657810818366918,-0.033762047775742765,-0.035483872161680696
2021-03-05,-0.04077484951189325,0.004366586526437954,0.0,-0.015607659861209822
2021-03-08,-0.02019123471906148,-0.013043471043374777,-0.004992095437778232,-0.018120082825419992
2021-03-09,0.005422956388944078,0.013215851621310781,-0.005016578067010058,0.01384076038823756
2021-03-10,0.004314943432004448,0.00434785134818827,0.0033615493433245547,-0.017064663315325523
2021-03-11,0.04511284645307456,0.012987088115990808,0.020100481526183156,0.02777763391322252
2021-03-12,0.009249763137615385,0.025641008906182927,0.00821001546867417,0.012387583383369538
2021-03-15,-0.019348218938513795,0.008333301516213032,-0.004885852100442345,0.008898602225282382
2021-03-16,0.003115201353283359,0.016528941918476203,0.003273300762079101,0.013230457918492977
2021-03-17,-0.006211158673959272,0.02439030636317585,-0.0106470499000767,-0.011969533628473417
2021-03-18,-0.019791720745355512,0.027777784090698088,-0.0033112877111470818,-0.0055067378759601215
2021-03-19,-0.021253840814494884,-0.046332088166095686,-0.01827214229321983,-0.01993336074073948
2021-03-22,0.04668834369821506,0.05263149352318086,0.0033840104060505194,-0.004519783130531474
2021-03-23,0.0062240444155428065,0.0038461761557930796,0.0016863553358135164,-0.012486007818040101
2021-03-24,-0.02783500599055022,-0.01915705253204314,-0.030303180943150987,0.02758646611335469
2021-03-25,0.03181324849657452,-0.011718742717638952,-0.0017361264840555224,0.06152115761680954
2021-03-26,0.022610474392835922,0.0,0.026087071205307177,-0.0063224123824398015
2021-03-29,-0.00804020723383947,0.015810216434641866,0.015254029653371415,-0.0021209407077437126
2021-03-30,0.02532921080871131,0.007782220537524198,-0.0033387040159343906,0.031880906837365774
2021-03-31,-0.00790494526335117,-0.04247113609962916,-0.016750228393810573,-0.002059603726571102
2021-04-01,0.00597597366584246,-0.02016125276529923,0.02555331016603546,-0.008255950632317433
2021-04-07,0.01980204560482024,0.01646092119127074,0.013289378017868225,0.03850148260338604
2021-04-08,0.048543650251496206,-0.008097135013900747,0.0049178549566688545,0.022044005406689937
2021-04-09,-0.01851839197874572,-0.020408201429947037,-0.004893788017012457,-0.02058804844860085
2021-04-12,0.011320618678520189,0.0041666905295068,-0.008196901666664425,-0.03903909568919428
2021-04-13,0.014925384394424812,0.016597525821572923,0.0,0.00104169122393305
2021-04-14,-0.03124995354175375,-0.00816331173976892,0.011570349325670248,0.00416224983922131
2021-04-15,0.007590138105313171,-0.004115249938015486,0.011437568953782007,0.020725432495095397
2021-04-16,0.016949092846146874,0.02066119711945147,-0.014539168718279871,-0.010152349010585371
2021-04-19,0.011111166233916281,-0.016194347316352165,-0.011475618326664105,-0.012307630390159696
2021-04-20,-0.009157538659793851,0.004115249938015486,-0.0016585006673177638,0.03634471978174125
2021-04-21,-0.012938987859573259,-0.016393458014193896,-0.016611220868102627,-0.01002001813496789
2021-04-22,0.026217294404901725,-0.020833214019132296,-0.0016889774017794235,-0.004048504360621208
2021-04-23,0.040145872965039464,0.012765785297340404,0.018612227563656658,0.051829263226844
2021-04-26,0.08421050111251227,-0.012604874179860226,0.013289378017868225,0.033816306230114224
2021-04-27,-0.021035553707452137,0.008510442296369325,0.0,-0.004672846837619149
2021-04-28,-0.008264489738628256,-0.012658140161110665,-0.01311508667332928,0.01408443534552517
2021-04-29,-0.05499997851770655,-0.008546975774608168,-0.0033222887651078725,0.09722229194121002
2021-05-03,-0.06525562390783302,-0.030172420532014632,-0.01999995525987308,-0.06751054423349523
2021-05-04,0.03018860258868994,-0.03555558798544867,0.0051023145025344,-0.018099507339904952
2021-05-05,-0.05128208688825686,0.013824875873643894,-0.010152485432494363,-0.07373279016484768
2021-05-06,-0.0096525411117806,0.022727316114254936,0.0034190630546628853,0.04975122077735694
2021-05-07,0.05263159450494714,0.044444527404636114,0.020442533805459684,0.00473953016611528
2021-05-10,-0.027777681572882074,-0.03829800577354747,-0.01669430433900443,-0.0764152635202664
2021-05-11,-0.0666666859225018,-0.05309731224167946,-0.030560425822629522,-0.06945860351297262
2021-05-12,-0.054081733388308795,-0.046728971128907726,-0.019264444116663615,-0.025247010786681567
2021-05-13,0.025889987754315502,0.009803883953232173,-0.02321407353395244,-0.01689190367784177
2021-05-14,-0.015772869321111216,0.01456319047013599,0.018281204145470298,0.025200462932433165
2021-05-17,-0.06089749543892786,-0.060287075658214784,-0.014362545907832258,0.02122916780643025
2021-05-18,0.09897617594394714,0.08961297780717126,0.04189436049490891,0.08752743532268603
2021-05-19,0.0,-0.01869151708606087,-0.008741336684775503,-0.051307925381025354
2021-05-20,-0.03726695204375596,0.00952368138956805,0.0,-0.013785749581711526
2021-05-21,0.009677221586796847,0.03301887811869331,0.01058222413123966,0.026881611980669406
2021-05-24,0.03727387405214411,0.0,-0.008726197260827129,-0.012565381242919171
2021-05-25,0.06570846151610632,0.02283109441046416,0.0264088059915224,0.00954395942087971
2021-05-26,-0.01156084676696767,-0.004464311205520821,0.003430331125949815,-0.0010503545579376716
2021-05-27,-0.013645308489774854,-0.01793723700581662,-0.005128135708949655,-0.01682442924644867
2021-05-28,0.035573302576506816,0.01369870894839531,0.0137457096186413,0.027807497557149174
2021-05-31,0.011450437642608335,0.022522392372146705,0.011864396947374178,0.035379660905852095
2021-06-01,-0.015094348979784344,0.00881079200919821,0.0016747193260113757,-0.018090275552575807
2021-06-02,-0.0038314684523096387,-0.021834183086521408,-0.0050164313376802605,-0.018423739039675202
2021-06-03,0.05769220114073881,-0.008928537186613794,0.001680461474414141,0.022940474290077395
2021-06-04,-0.036363480964252126,0.009008974147301174,-0.001677642261226242,-0.004077392742342645
2021-06-07,-0.013207722256349141,-0.013392848392134615,-0.005042061164556744,-0.0040942620965432885
2021-06-08,-0.0019118782807553414,0.0,-0.005067499014319132,-0.0071941491643293665
2021-06-09,-0.028735722894815408,-0.009049825349928597,-0.005093651172001223,0.0010351319508175028
2021-06-10,0.015779104107392472,0.009132472632263466,0.02218438652633381,0.03205786615612616
2021-06-11,0.0058252223263906,0.02714921690582628,0.005008392135044115,-0.01803606713318162
2021-06-15,0.036679539128462,-0.004405227808355838,0.011627899199159186,0.009183802584948664
2021-06-16,-0.024208513172135238,-0.013274328060419838,-0.006567982731633726,-0.004044584399462647
2021-06-17,0.017175415306619923,0.013452906352711791,0.005808857345502849,-0.007106679252849024
2021-06-18,-0.020637702435244876,-0.013274328060419838,-0.004950154912222282,-0.01329239620102618
2021-06-21,-0.019157148596543605,-0.026905812705423693,-0.03316771788952699,-0.04870456572141968
2021-06-22,-0.00390630206136211,0.0,-0.008576388713750327,-0.01634006625716744
2021-06-23,0.03921581453570733,0.027649751747287787,0.029411785110791122,0.04208208994622775
2021-06-24,0.0,0.013452906352711791,-0.008403195218045889,-0.012752417604114052
2021-06-25,-0.0018868174651927028,0.0,0.0016950627050862366,-0.0021527181215700297
2021-06-28,-0.0056710572746112575,-0.013274328060419838,-0.0016921943295884478,0.00862991340659569
2021-06-29,0.007604567487641489,0.0,0.008474407317088595,0.0
2021-06-30,0.0018867220943139529,0.004484330653104829,0.0,0.02887685740184498
2021-07-01,-0.018832452306313363,0.0,-0.0033611882278886673,-0.007276411408143613
2021-07-02,0.00959705747154982,-0.004464311205520821,-0.008431986006798287,0.0020942001711512503
2021-07-05,0.03422040955018746,0.04932738036434503,0.005102486183323984,0.0
2021-07-06,-0.018382320147120268,-0.004273528678483296,0.0016919681608729142,0.0021739884978322355
2021-07-07,0.0037452736827010558,-0.0128756103254285,0.0033784462669443904,-0.005423046723834979
2021-07-08,-0.009328294519035163,0.00434785134818827,-0.010101437423969184,0.0032715157824654284
2021-07-09,-0.016949092846146874,-0.012986922832239567,-0.006802746604252952,-0.0010868593693715844
2021-07-12,0.019157051764041366,0.008771812309809057,0.015411274593558177,0.017410200984845803
2021-07-13,0.013157879734892797,0.013043554044565031,0.023608569032828042,-0.009625692200811886
2021-07-14,0.0018552184971558638,-0.004291788175976863,0.009884769986994613,0.004319714821813259
2021-07-15,0.020370455828052636,0.03017250281766648,0.0016314634774703407,0.022580670412410075
2021-07-16,-0.025408411224126848,0.0,-0.040716670347553774,0.0063090184681908745
2021-07-19,-0.020484068605533978,-0.02510474287763209,-0.011884449716436873,-0.03970732760658813
2021-07-20,-0.00380233179188727,-0.017167234636406903,-0.0017182475872705716,0.0010880419179244427
2021-07-21,-0.03053446822598327,-0.017467346469217104,0.006884705143990866,-0.008695684232239542
2021-07-22,0.05690827896176942,0.018433141797105534,0.010256502237644183,0.007675569188836828
2021-07-23,0.013461496640062576,0.0,-0.010152374387026208,0.015233937113931617
2021-07-26,0.018975366793057002,-0.004524898563844193,-0.00854695191312782,-0.010718218719687034
2021-07-27,-0.011173240888940117,0.013636315325177728,0.0,0.01625151537585534
2021-07-28,-0.024482126937327875,-0.008968550997812907,-0.001724402957884008,-0.051172801348594366
2021-07-29,0.05405417410358626,0.004524898563844193,0.006908487786724926,0.04831465520126055
2021-07-30,0.058607964349530084,-0.009009032170956277,-0.005145558101496972,-0.024651672521630252
2021-08-02,-0.0051902955930129835,0.027272798027692335,0.017241264081279795,0.026373721676987483
2021-08-03,0.033043462121562284,-0.013274451273990628,0.006779797716173652,0.004282626038405235
2021-08-04,0.018518462048802142,0.004484399343130274,0.0033667332594946586,0.01279309009446572
2021-08-05,0.04793406445444437,0.0,0.0,0.011578956809739527
2021-08-06,-0.02050482137765053,0.004464132700930934,-0.008388983475347556,-0.026014479566649484
2021-08-09,-0.0032206020146617886,-0.004444292788162829,0.006767872643491657,-0.016025708728974353
2021-08-10,-0.033925740124919,-0.031249997431430532,-0.006722376455777335,0.0010857690155763322
2021-08-11,0.0016723176015029928,0.004608221815038505,-0.0016921943295884478,-0.013015186522713607
2021-08-12,0.0033387243395635036,0.0,-0.006779910992216531,-0.006593362238383249
2021-08-13,-0.041597215790642794,0.0,-0.00853214119894774,0.006637123195834205
2021-08-16,-0.008680528995950065,-0.013761503919497486,0.00516315500807063,-0.009890043357574818
2021-08-17,0.0,0.0,0.0,0.0
2021-08-18,0.017513080797571856,-0.004651089503136752,-0.01712306623791382,0.012208482281646615
2021-08-19,-0.04475037880884791,-0.037383188022953484,-0.026132467874812493,-0.026315705926410526
2021-08-20,0.003603592478446771,0.014563233918643448,-0.012522077864006942,-0.01689196490922118
2021-08-23,0.05206464757827334,0.028707940503178486,0.0253622822113031,0.043528154456967005
2021-08-24,-0.0034130422741897037,0.013953525414175383,0.010600447189760942,-0.002195374929101601
2021-08-25,0.027397261422280605,-0.004587083516709445,0.022727501097718372,0.002200205204446304
2021-08-26,0.020000102804800468,-0.009216698167028525,0.01538469623436245,-0.025246993300728438
2021-08-27,0.008169909153106003,0.004651260772980281,0.008417114431801487,0.009009134900956006
2021-08-30,0.01782822514828819,0.009259197698152644,0.01001689901227909,0.017856928523721338
2021-08-31,0.004776977214878908,0.018348671892663315,0.014876112850115808,-0.01206123293308825
2021-09-01,0.01584789017024435,0.0,-0.0016288061397413678,0.028856629685066082
2021-09-02,-0.0015600576366718855,0.004504433150763543,-0.009788017683563854,0.006472627647659879
2021-09-03,0.09375001912291592,0.008968550997813018,0.021416909885496604,-0.015005346607342651
2021-09-06,-0.0014286369678767619,-0.013333205680204241,0.01774218723724985,-0.025027124533045342
2021-09-07,-0.024320454590659124,-0.022522497492676208,-0.012678542226078449,0.0078123542944912305
2021-09-08,-0.035190509742983656,-0.009216698167028525,-0.006420675923859864,0.009966710753671615
2021-09-09,0.02583585992955295,-0.004651089503136752,0.0,-0.01206123293308825
2021-09-10,0.010370265503977683,0.009345818514508109,0.004846733524021207,0.02663698075594212
2021-09-13,-0.020527797350073818,-0.013888924404911962,-0.011253924282014105,0.0021620582257706467
2021-09-14,-0.011976084327486758,0.00938960927151622,-0.0032522065711373394,0.021575098276315874
2021-09-15,-0.006060661803292566,0.009302435911038742,-0.009788017683563854,-0.012671596630609905
2021-09-16,0.009146388787231619,-0.009216698167028525,-0.007033637527531389,0.001069600001981863
2021-09-17,-0.009063490578630096,0.009302435911038742,0.0,0.0042733868077489134
2021-09-22,-0.015243782309334986,-0.01382491998206703,-0.023333326680323063,-0.03085103349562912
2021-09-23,0.009287821057522239,-0.004672909257254054,0.0034130169437183167,0.004390749858203202
2021-09-24,0.027607429216205848,0.00938960927151622,0.01700681311208685,0.005464444314654315
2021-09-27,-0.010447729131941697,0.0,0.006689056232729751,0.04239138195243353
2021-09-28,-0.015082983322261323,-0.009302264641195213,-0.013288778064343476,-0.00208557796569675
2021-09-29,-0.035222018773401476,-0.01408454356577471,-0.023569006975913576,-0.0459769647950653
2021-09-30,0.01587296653599135,0.0,0.0,-0.008762263263316084
2021-10-01,-0.021875009561458048,-0.019047581473113473,-0.010344967607883726,-0.022099480845660158
2021-10-04,-0.028753984116009712,0.0,-0.003484252306182989,0.007909551286077843
2021-10-05,0.0049341149117358984,-0.014563144542395823,0.0,-0.028026904166057687
2021-10-06,-0.019639796188330116,0.014778363993330768,-0.0017482755392047578,0.004613674751435148
2021-10-07,0.04340570477919292,0.038834962736807865,0.01576191972021479,0.04592420027545607
2021-10-08,-0.022400164800971845,0.009345818514508109,-0.008620806339903031,-0.001097687464550856
2021-10-12,-0.04255314546170985,-0.027777848809823924,0.0,-0.02527482797059022
2021-10-13,-0.03589741143619518,0.004762004960586319,-0.00695650101293499,-0.028184799527183335
2021-10-14,0.0053192195758251515,0.009478609713160058,0.0035025582039163172,-0.025522062248810595
2021-10-15,0.04232799710243662,0.02816908713154942,0.047120135568109456,0.02023805818955071
2021-10-18,-0.011844378173873404,-0.018264970319643914,-0.01666623422100011,0.011668630245615486
2021-10-19,0.020548050849816146,-0.004651089503136752,0.01694870531349757,0.035755526095176515
2021-10-20,-0.01510070614635639,0.004672823222175548,-0.0033332690209009197,0.003340826894499438
2021-10-21,-0.011925172588123867,0.004651260772980281,-0.00334430560767518,0.0133184444700305
2021-10-22,0.005172567322166977,-0.004629726706759429,0.006711166661997003,0.014238768411997338
2021-10-25,0.018867865907553183,0.004651260772980281,-0.011666275247896651,0.01295905512838047
2021-10-26,0.006733986199564335,0.009259197698152644,0.010117620238247138,0.008528726729643665
2021-10-27,0.035117114215739376,-0.009174251489875274,0.0,-0.004228388786501447
2021-10-28,-0.033925740124919,0.004629641468304024,-0.006677445506124702,-0.006369296420505766
2021-10-29,-0.03010040700320249,-0.01382491998206703,-0.008403252348148427,-0.024572747492254354
2021-11-01,-0.006896446946009327,-0.004672909257254054,0.0,0.009857636780339352
2021-11-02,0.02430548118866005,0.00938960927151622,0.003389763615266661,0.006507458674402944
2021-11-03,0.00338998633086085,0.0,0.0,0.004310494682617794
2021-11-04,-0.010135185980575945,0.004651260772980281,-0.008445948413791426,-0.004291994065022675
2021-11-05,0.030716712144657876,0.009259197698152644,0.022146128839179324,0.012931127469727022
2021-11-08,0.034768266938435266,-0.013761503919497486,0.0033334907879094544,0.042553258898602175
2021-11-09,0.009599891594797905,0.004651260772980281,0.014950372640350595,-0.0020408025445877165
2021-11-10,0.0,0.009259197698152644,0.0016365746003621506,-0.020450013127906397
2021-11-11,-0.014263031328814346,-0.013761503919497486,-0.009803947147283498,-0.004175337581725502
2021-11-12,0.0064308484276225375,0.013953525414175383,-0.0033003753241008793,0.030398380024885485
2021-11-15,0.012779670144090094,-0.009174251489875274,0.006622607739365849,0.04272639688471802
2021-11-16,-0.006309205506796922,0.0,0.0032895186778283403,0.009756031419457356
2021-11-17,0.00952377992159481,-0.009259282936607938,0.0,-0.0048309653682103715
2021-11-18,-0.007861687987603116,0.0,0.004917990769769398,0.053398103869148894
2021-11-19,0.03169570275781575,-0.004672909257254054,0.00815660986140787,0.004608340256403665
2021-11-22,-0.006144374759033622,0.0,-0.004854327647307866,-0.009174325852388199
2021-11-23,-0.02318385564381098,-0.0046948478552582,-0.004878115270990024,-0.023148221909429
2021-11-24,-0.0015823510383965456,-0.004716906574975033,-0.014705757656993113,-0.014218071540450516
2021-11-25,-0.0015847036760843203,-0.004739435744062659,0.0,-0.004807581022086005
2021-11-26,-0.007936483267995675,-0.014285664186373559,-0.011608781087364073,-0.028985552423419603
2021-11-29,-0.0015999949870426633,0.0,-0.005033402903413142,0.02487562066197202
2021-11-30,0.020833267955847834,0.0,0.005058866215309266,-0.019417426602455157
2021-12-01,0.05180533196987813,0.01932372134086635,0.006711166661997003,0.054455489336439955
2021-12-02,-0.004477671266067018,-0.004739435744062659,0.025000349283038403,0.014084489537554923
2021-12-03,0.023988080602722173,0.0,-0.011382160786651663,-0.01851854688824195
2021-12-06,-0.014641314983911635,0.014285751860219742,-0.013158184135792284,0.023584903451598915
2021-12-07,-0.01188703649188394,-0.0046948478552582,0.011667051432426412,-0.01843313228981014
2021-12-08,0.0,-0.009433986843414788,-0.008237453846813958,0.028168979075109624
2021-12-09,-0.03759401595863132,0.009523834573479828,0.009966915093567064,-0.009132434235194054
2021-12-10,-0.007812476096355048,-0.009433986843414788,-0.004934168592263921,-0.009216528022270909
2021-12-13,-0.011023588053057587,-0.004761741939047437,-0.0066116604027588455,0.0
2021-12-14,-0.006369406890883167,0.0,-0.003328054099033695,-0.004651208247554717
2021-12-15,0.004807598767597732,0.004784524610543794,0.0016694724451524756,-0.009345808843761794
2021-12-16,0.004784752503324441,-0.014285664186373559,0.012976474733973786,0.028301930968021916
2021-12-17,-0.011111154281007507,0.0,0.003305784400244205,-0.013761450830824362
2021-12-20,-0.0016051315175317216,-0.004830930335216643,-0.014827342193756698,-0.018604756035697
2021-12-21,0.011254142158836133,0.014563233918643448,-0.001671908754558138,0.033175447985462236
2021-12-22,0.01271848253945329,-0.009569489687707433,0.005025013583366267,-0.004587200873952035
2021-12-23,0.003139784625607156,0.004830930335216532,0.009999888520983546,0.00921660426753923
2021-12-24,0.006259761245283935,0.0,-0.0033002207505519188,0.022831123362466732
2021-12-27,0.0,0.004807793165843455,0.0033111482707832707,0.022321350751906444
2021-12-28,0.006220744260085009,0.009569313501059495,0.014851703713417708,0.02620098631204315
2021-12-29,0.004636846792852589,-0.004739435744062659,0.0016261235931462892,0.008510509770938812
2021-12-30,0.0,-0.009523746899633645,-0.001623483608148013,0.004219311193730091
2022-01-03,-0.024615308605303476,-0.009615409297970112,0.026016362242747615,-0.033613362424195214
2022-01-04,-0.006309205506796922,0.004854381514131978,0.03961921906175858,0.013043534871180595
2022-01-05,0.0015872189477856846,0.05314005579842829,-0.009146039527745842,0.00858377510142816
2022-01-06,-0.006339125035028537,-0.01834858743620682,-0.009230767349818203,-0.034042672730525414
2022-01-07,-0.0015948914752359489,-0.004672909257254054,-0.015527947116953822,-0.030836870512563674
2022-01-10,-0.007987196087130277,-0.01877921854303266,0.014195685086659804,-0.004545573848804163
2022-01-11,0.0,0.0,0.012441572788489452,-0.013698613578309371
2022-01-12,-0.0032206020146617886,0.0,0.013824780251517232,0.004629598422933867
2022-01-13,0.0226171337210479,0.009569313501059495,0.0015151513631195268,0.013825020769210994
2022-01-14,-0.00947872100103242,-0.018957393942963585,0.01664155086698349,-0.031818264886130154
2022-01-17,0.025518419759008815,0.0,0.016369142942064263,0.046948272566149196
2022-01-18,-0.0077760254935779205,0.0,-0.030746793728449573,-0.008968549978075724
2022-01-19,-0.015674008612490686,0.0,-0.012084489689183964,-0.004524781524451349
2022-01-20,0.01114646205904557,-0.004830930335216643,-0.004587255831483561,-0.009090997286508529
2022-01-21,-0.011023588053057587,-0.00970867365201622,-0.015360979977623868,-0.01834865170477651
2022-01-24,-0.003184781398725134,0.009803856091338492,0.01872084827704068,0.018691617687523587
2022-01-25,-0.017571909594027435,0.0,-0.018376818643402792,-0.004587200873952035
2022-01-26,-0.06829263555447684,-0.00970867365201622,-0.007800413716065768,-0.009216528022270909
2022-02-07,-0.048865554686674306,0.009803856091338492,-0.0015724310079104908,0.023255887328730074
2022-02-08,0.016513709550650013,0.024271907570659668,-0.011023517755644807,-0.004545573848804163
2022-02-09,0.010830291413679083,0.009478609713160058,0.00796167714581375,0.03196348204869759
2022-02-10,-0.0035714176440480028,0.0,0.025276565916533267,0.026548640173030824
2022-02-11,-0.007168436769655395,-0.0046948478552582,0.0015409339339245154,-0.008620703180548195
2022-02-14,-0.04332125402053422,-0.018867886840097325,-0.02000009780945533,-0.039130388806278615
2022-02-15,0.009433932636908615,0.0,-0.006279538162169751,-0.004524781524451349
2022-02-16,0.01121491837976718,0.01442311394695528,0.020537124802527673,0.02727261583177598
2022-02-17,0.005545269445656809,0.004739261227419078,-0.0015476800688906112,0.0
2022-02-18,-0.012867607688114124,-0.004716906574975033,-0.012403302304029307,-0.008849497918376747
2022-02-21,0.0018621916209491385,0.004739261227419078,-0.007848980855107102,0.008928510755723762
2022-02-22,-0.0185873940832193,-0.01415080657165746,-0.007911808235473106,-0.017699142254654077
2022-02-23,0.015151561510099443,0.004784524610543794,-0.0031896870412032596,0.009009097636939689
2022-02-24,-0.03358216793531699,-0.02380958643369968,-0.033599996439735436,-0.05357150770992558
2022-02-25,0.0057915827837589084,0.004878151735980829,0.0,0.023584903451598915
2022-03-01,0.03838769086210947,0.014563233918643448,0.0,0.013825020769210994
2022-03-02,-0.009242115742761237,0.0,-0.004966557939722116,-0.01818191936746716
2022-03-03,0.011193995089554987,0.0,0.0016637825858525357,0.0
2022-03-04,-0.014760192595959287,0.004784524610543794,-0.011628013147781169,-0.0509258890452855
2022-03-07,-0.03370785486793193,-0.02380958643369968,-0.031932988606380164,-0.05170728935672497
2022-03-08,-0.036821688510947026,-0.009756034035245942,-0.02256921449595295,-0.009259366433762573
2022-03-09,0.04225349060553074,0.0,0.008880757323995736,0.003115243923496047
2022-03-10,0.019305055429346574,0.014778363993330768,0.03345082081895345,0.030020674678597148
2022-03-11,-0.0056817080801806474,0.004854381514131978,-0.020442589387886567,-0.03216075639111249
2022-03-14,0.0,-0.009661949614910403,-0.00521761924900932,-0.019729964086728558
2022-03-15,-0.040000059678061084,-0.01463400614674959,-0.024475518808058427,-0.042372858333547314
2022-03-16,0.007936386135728668,0.004950416537543134,0.00495264427053943,0.0033184700867323613
2022-03-17,0.03543315774861333,0.0246306066555515,0.04301087967544737,0.06725469402326123
2022-03-18,0.0038022696908737164,0.019230730079081937,-0.0017183500216492176,0.0010330509649301156
2022-03-21,0.01325762791098306,-0.01415080657165746,0.008605858616838047,0.009288034593007088
2022-03-22,0.0,-0.004784788890515701,-0.005119187947136172,-0.003067548492050154
2022-03-23,0.00560745918988359,0.01442311394695528,0.012006686180837889,0.0020513531489674275
2022-03-24,-0.01115238185365286,0.009478609713160058,0.001694938728663109,-0.005117672600366996
2022-03-25,0.0018796933671403337,-0.0046948478552582,0.01184427239897512,-0.001028884688657028
2022-03-28,0.005628500246839918,0.0,-0.023411806503569776,-0.007209099497705096
2022-03-29,0.0018656658482592015,-0.004716906574975033,0.008561879370661885,-0.05394197672512702
2022-03-30,0.014897624130838283,0.0,0.018675872954746042,0.003289542610711349
2022-03-31,-0.009174283083694501,0.004739261227419078,-0.004999850080281143,-0.010928888629308742
2022-04-01,-0.020370396392222934,-0.01415080657165746,-0.013400630288044946,-0.005524824506381032
2022-04-06,-0.03402663559233332,0.004784524610543794,-0.018675649189763832,-0.020000139715205312
2022-04-07,-0.02152625905469774,-0.019047581473113473,-0.020761080771955265,-0.03628112511650361
2022-04-08,0.0,0.0,0.0017664596443958125,-0.011764724202323218
2022-04-11,-0.036000083027105556,-0.00970867365201622,-0.01587277604649784,-0.004761872872018347
2022-04-12,-0.018672142276477288,0.0,-0.0017922577676706686,0.007176985199150332
2022-04-13,0.025369900085913777,0.019607802435156252,0.02872536367374967,0.045130732811929475
2022-04-14,-0.005154573097644333,0.0,0.0,-0.021590856959785354
2022-04-15,-0.0248704908189461,-0.009615409297970112,-0.019196901998159155,-0.03368191994514902
2022-04-18,-0.018065883926149495,-0.004854470890379603,-0.0017796183570500945,0.0012020145003377447
2022-04-19,0.009740282790538846,-0.004877882299265113,0.007129989512579371,0.006002360425257924
2022-04-20,0.021436265803357557,0.009803856091338492,0.00884979904951777,0.021479668132044383
2022-04-21,0.008394619980323537,0.0,-0.008772167133160647,0.014018791392656604
2022-04-22,-0.008324736976965785,0.004854381514131978,-0.012389205475221265,-0.01612911372981829
2022-04-25,-0.04512078702246347,-0.028985582011299638,-0.01971324111913597,-0.019906383869918165
2022-04-26,0.0054945427381238865,0.004975229193507236,-0.001828179002999697,-0.004778842037877484
2022-04-27,-0.0295080532297185,-0.00990110651329823,-0.036630064482436,-0.030012000748408152
2022-04-28,0.0923421573369636,0.015000040045030971,0.009505710924733402,0.024752410370660005
2022-04-29,-0.014432945985843548,0.004926212028192545,0.013182547993019211,0.002415542678833482
2022-05-03,-0.011506292005764807,0.0049017926669499,-0.01301102947255861,-0.012048310453749767
2022-05-04,0.022222309713216815,0.014634275583465195,0.005649796393251805,0.01097563756112896
2022-05-05,0.016562993600825138,0.004807793165843455,0.014981481395782925,0.014475374210946024
2022-05-06,-0.0112015459704774,-0.004784788890515701,-0.025830490030836817,-0.00832356473396767
2022-05-09,-0.013388167934967221,0.0,-0.015151289172874893,-0.025179688773222186
2022-05-10,0.020876760579214393,0.0,-0.003846396579752942,0.00860992564724028
2022-05-11,-0.005112408515348221,-0.009615409297970112,0.005791395642577024,0.01097563756112896
2022-05-12,-0.01747183245491668,-0.00970867365201622,-0.03071016121296266,-0.010856480763084098
2022-05-13,0.021966510912998283,0.019607802435156252,0.011881289541308515,0.028048896383113142
2022-05-16,0.012282459899264575,0.004807793165843455,0.017612769764248748,-0.02135226671997248
2022-05-17,0.013144501306876721,0.004784524610543794,0.019230462158143835,0.019393907427781576
2022-05-18,0.015968212491023648,0.019047669146959878,0.015094239918186148,0.016646834368852392
2022-05-19,-0.001964726673799877,0.004672823222175548,-0.029739583429027383,-0.01169602072893794
2022-05-20,-0.001968401688858923,-0.004651089503136752,0.015325567714145727,0.0011835219749944947
2022-05-23,-0.007889618531165099,0.009345818514508109,-0.0037735133530512055,-0.0035460753646622267
2022-05-24,-0.0258448524410958,0.0,-0.015151289172874893,-0.015421108779144155
2022-05-25,0.0071428849742254386,0.013888924404912073,0.00769215951758051,0.015662644117854674
2022-05-26,0.0010131184605599586,-0.004566305633012746,-0.0190841077067605,-0.01186241401464716
2022-05-27,0.016194282233946034,0.009174335946331658,0.031128390950533547,0.021608696153047058
2022-05-30,0.015936304322492267,0.004545466337948723,0.032075547356199996,0.031727260867595586
2022-05-31,0.00784311316341002,0.022624492819220743,0.023765905383213104,0.030751785371893048
2022-06-01,-0.003891038724664342,0.013274288340311191,-0.019642838020442976,0.0
2022-06-02,-0.009765595120443726,-0.00436682346195183,-0.016393311765987018,-0.007734845719001404
2022-06-06,0.02564104297186276,0.013157928737778102,0.0,0.007795139923669092
2022-06-07,-0.0057693069893230975,-0.017316061480721845,-0.009259448526134362,-0.016574656339279126
2022-06-08,0.013539705501226296,0.004405297777333672,0.01682229660094081,0.04494389124322673
2022-06-09,-0.011450439802533352,0.013157928737778102,-0.00551448119903819,-0.006451658240463676
2022-06-10,-0.011582976553360824,-0.012987046110541356,-0.02033275715551397,0.00649355242145333
2022-06-13,-0.023437428289065032,-0.021929881229630244,-0.02641502865198142,-0.04623669132557118
2022-06-14,-0.008000072844536077,0.0,-0.005813778999771535,-0.00789162448831282
2022-06-15,0.001008209480169553,0.004484399343130274,-0.007797506586022629,0.0045453297726010256
2022-06-16,-0.011077753800567525,-0.004464379283603326,0.0034569023922552677,-0.012443449817763907
2022-06-17,-0.02953143004362946,-0.017937101995625815,-0.013779586482094208,-0.04810993079244419
2022-06-20,0.008394619980323537,-0.004566305633012746,-0.0059880031926249355,0.01083035222312767
2022-06-21,0.0260144337280781,0.027523007838994973,0.014056022328226891,0.03333340555454667
2022-06-22,-0.04751621114335258,-0.022321403252672067,-0.020791783716181955,-0.07027649868405439
2022-06-23,-0.0476190227968476,-0.013698664686631168,-0.018200401977760294,-0.061306609211485896
2022-06-24,-0.00952386165042829,0.01851848063476047,0.002059770260184557,-0.027576187085093462
2022-06-27,0.031250089796250435,0.009090932675897445,0.02466609912353257,0.011940234813462514
2022-06-28,-0.02447556382093663,0.009009032170956388,-0.0020060547815003993,-0.039822937647190804
2022-06-29,-0.022700120261827328,-0.008928594178758464,-0.013065335769195774,0.015360958779583767
2022-06-30,-0.04278739407608445,-0.018018064341912665,-0.030550058434489658,-0.01512856944790053
2022-07-01,-0.02809701421112476,-0.027522923382538478,-0.047268853540936795,-0.05990783170455749
2022-07-04,0.002628226083629004,-0.007936575483966424,-0.029768475123781446,-0.001634070398546128
2022-07-05,0.019659150919043578,0.025000105049814536,0.013636392074332537,0.006546671952951
2022-07-06,-0.04498708485231351,-0.019512189705939154,-0.023542557485286553,-0.01625995421571569
2022-07-07,0.07267826388169984,0.029850694265090905,0.05051674921841598,0.05123935634272159
2022-07-08,-0.003764006430365119,-0.014492644525741949,0.020765085018957574,0.023585049078731934
2022-07-11,-0.027707929622706517,-0.009804046940437572,-0.010706763287227639,-0.02150531917537213
2022-07-12,-0.04792732459771576,-0.004950428970726839,-0.02705638399420729,-0.03610670292176821
2022-07-13,0.035373996471445235,0.01990049187871823,0.04671871057364929,0.03257311227169524
2022-07-14,0.01971100085674271,0.024390173077665445,0.009564294711362553,0.01892746351409902
2022-07-15,0.003865985642080627,0.0,0.03684212596086511,0.0030959005873476553
2022-07-18,0.026957681484998997,0.0,0.00609128260285452,0.020061826770552793
2022-07-19,-0.002500157179337159,-0.009523765852308297,-0.009081671418019632,0.0015129366269537314
2022-07-20,0.021303333375199296,-0.004807712137267828,0.00814665555154348,0.013595064350145458
2022-07-21,0.050306643671681917,0.019323667002933087,0.012121169589652148,0.06706414863298771
2022-07-22,-0.008177441214772041,0.00473935615586063,0.003992023932389177,-0.015363072425327418
2022-07-25,-0.045936470387169304,0.014150919243621551,-0.006958215460099337,-0.024113638068847032
2022-07-26,-0.0469135844513654,0.004651182107590746,-0.00900901019114142,-0.010174283170781284
2022-07-27,0.022020802685360996,0.0,0.014141408657785348,-0.005873572998535304
2022-07-28,-0.016476540633874603,0.0046296487680761444,-0.0019920684146079726,0.007385344608848543
2022-07-29,0.0347937522847126,0.004608313893337046,0.015968030317639048,0.001466240232374183
2022-08-01,0.0037359963118688277,0.0,-0.009823170441587425,0.0161055795403231
2022-08-02,-0.029776610677492155,-0.009174349504390555,-0.02380950677980509,-0.01585030125275877
2022-08-03,0.0051149409541799695,0.0046296487680761444,0.01829268617602331,0.0043922805586558145
2022-08-04,0.017811892072493674,-0.004608313893337046,-0.0019959792602356474,-0.0029153818640214046
2022-08-05,0.053749931180162136,0.0,0.03200006292103019,0.04824566179998002
2022-08-08,-0.026097277989016177,0.0,-0.0077520162647601865,-0.011157646634120999
2022-08-09,0.0,0.009259297536152511,-0.003906257750797115,-0.021156367238444163
2022-08-10,-0.018270431960812794,0.009174269191085216,-0.0196078179382001,-0.037464042871435566
2022-08-11,0.03473958827695478,0.027272680969781637,0.027999989513161738,0.0029939394690319254
2022-08-12,0.015587407031565803,-0.00442479727167977,0.005836555532616972,0.020895467074849128
2022-08-15,0.027154636345950722,-0.0044443853052895665,0.011605502420929614,0.03216384786931603
2022-08-16,-0.010344739388707391,-0.00892860841597476,0.003824099086581212,0.0
2022-08-17,-0.004645839382881434,0.01351349113255762,0.0038093437973663047,-0.004249402134740565
2022-08-18,-0.00816811326433231,-0.0044443853052895665,-0.013282542471576009,-0.0014222267888746032
2022-08-19,0.011764798788232333,-0.00892860841597476,-0.0019233011354649054,-0.012820629622884994
2022-08-22,-0.02441853863416521,-0.009008967799629897,-0.013487346587028659,-0.02308789837520231
2022-08-23,-0.0274135586050136,0.0,-0.015625031003188572,-0.0014772912045268871
2022-08-24,0.002450909135163659,-0.0045453937728383575,-0.0019840984722493404,-0.013313621816472998
2022-08-25,0.012225033970293175,0.0,0.009940410181589199,0.004497755352611987
2022-08-26,-0.0024156107623943823,0.0091323773801395,0.007873966476179772,0.011940234813462514
2022-08-29,-0.032687595805860226,-0.022624448369684025,-0.026367127806360635,-0.03687315617849929
2022-08-30,0.011264098680492385,0.0046296487680761444,-0.005015169823729515,0.006125772433482446
2022-08-31,0.01732679886949917,0.004608313893337046,0.018145033277148448,0.015220559654648413
2022-09-01,-0.01581507263820947,-0.013761524256585944,-0.02871265790855415,-0.0284858591050019
2022-09-02,0.0012359443159006833,0.0,-0.011213220150844472,-0.043209824936394914
2022-09-05,-0.017283904368314063,0.004651182107590746,0.002061893843583018,0.017741932841371266
2022-09-06,0.0037688504613335727,0.0046296487680761444,0.006173020986625977,-0.003169495761604302
2022-09-07,-0.018773497800820493,-0.023041488783270725,-0.033742311964390814,-0.015898166087134236
2022-09-08,0.0025509465067103942,0.009434001219965182,0.005290928594207545,0.006461939612672607
2022-09-12,0.021628575676851503,0.014018667120900608,0.024210453183890257,0.006420632207993604
2022-09-13,0.014943985247475089,0.013824860996596744,0.013360683002550111,-0.0015948576700532957
2022-09-14,-0.01472395074476085,-0.02272728719694328,-0.026369123861635146,-0.01757205932587813
2022-09-15,0.006226698689710375,0.004651182107590746,-0.0015714555883041825,0.0016260994155903319
2022-09-16,-0.011138632030139095,-0.0046296487680762555,-0.009443983973372871,-0.025974130671695184
2022-09-19,0.0,-0.004651100673629838,-0.010592990862433926,0.006666756957946385
2022-09-20,0.00500622771920245,0.014018667120900608,0.020342501934608626,0.0016557759879531897
2022-09-21,-0.01369869131344792,-0.013824860996596744,-0.011542601491133064,0.0
2022-09-22,-0.021464490345048604,0.0,-0.013800374469521648,-0.023140555071107127
2022-09-23,-0.011613040243843131,-0.004672998126284633,-0.02045206142780509,-0.018612642648452082
2022-09-26,-0.03785905296578562,-0.02347411241332875,-0.018681155468118438,-0.0189653839338092
2022-09-27,0.012211690512159867,-0.004807712137267828,0.003359286625386204,-0.0017574927168949595
2022-09-28,-0.02949050377207052,-0.028985458213816595,-0.022321306486758563,-0.04049296964075444
2022-09-29,0.009668354706413806,0.009950202386372675,-0.006849477609514265,-0.0036697739149499364
2022-09-30,-0.02188763328938914,0.0049262150157403095,-0.029885097420530804,0.014733024468643219
2022-10-03,-0.011188936104871372,-0.009804046940437572,-0.011848238770309605,-0.00544471896126808
2022-10-04,0.06647816854216448,0.014851546936463178,0.028777039128940585,0.045620433947321404
2022-10-05,0.015915023290278052,0.04390244818994926,0.03729593655719232,0.045375237973178884
2022-10-06,0.016971388601224158,0.004672834497308154,0.013483175026976602,-0.020033281402454084
2022-10-07,-0.023106643148839257,0.0,-0.028824726212712037,-0.035775220137822306
2022-10-11,-0.06964506109720936,-0.03255811188521329,-0.08333348831628185,-0.02296817392289241
2022-10-12,0.036723069554181365,-0.009615424274535544,-0.009962634743212684,-0.00723330196632499
2022-10-13,-0.008174400404185045,0.0048543891485244295,-0.0062892535285191675,-0.009107521921981498
2022-10-14,0.06318681301331486,0.014492729106908353,0.04303792832197839,0.07536769523983922
2022-10-17,-0.02454774544537841,0.0,-0.03640768751991985,-0.01196590848581025
2022-10-18,0.013245013755252444,-0.014285690464895473,0.025188859817152576,0.017301142114385826
2022-10-19,-0.0013072717955208146,-0.004830937896024845,-0.028255681978752722,-0.01870741444115198
2022-10-20,0.03403145157801002,-0.004854304156768352,0.005057011456336413,-0.012131747524553593
2022-10-21,-0.011392424069420204,0.009756052149797245,-0.020125775234005716,-0.005263228413077581
2022-10-24,0.008962961733282038,-0.004830937896024845,-0.00641859670588385,0.03703707144157642
2022-10-25,0.0012689986602874015,0.0048543891485244295,-0.041343482584852986,-0.042517130196402686
2022-10-26,-0.03422052988220903,0.004830937896024956,0.01347697058428321,0.028419367987758015
2022-10-27,0.030183756093361103,0.0,0.0252660851299098,0.017271128438740124
2022-10-28,-0.024203938493096544,0.0,-0.01556431908819289,-0.04074706443197906
2022-10-31,0.020887844425976798,-0.01442305223727891,0.02766791597735918,0.04424771689930984
2022-11-01,-0.0012788528233944607,-0.009756137556141908,0.0038463713916456754,0.015254315967693666
2022-11-02,0.007682471351146969,0.0049262150157403095,0.008939895587612323,0.0
2022-11-03,-0.00889451216299153,-0.009804046940437572,-0.027848270214052118,0.0016693459064471838
2022-11-04,-0.0025641460913717884,-0.004950428970726839,-0.005208118990644217,-0.004999879611627067
2022-11-07,0.029562953293318373,-0.004975231852145656,0.02094222438460669,0.03852585009784071
2022-11-08,0.0024969214660743866,0.0,0.023077058681350904,0.0
2022-11-09,0.032378672872791725,0.025000105049814536,0.04511279607709562,0.04838708405104675
2022-11-10,0.004825061168722833,-0.019512189705939154,-0.02278157520619495,0.015384939507157691
2022-11-11,0.05642247639896869,-0.004975231852145656,0.08343539533356292,0.060605836052521234
2022-11-14,0.020454580363765906,0.015000063029888766,0.007927450195774677,-0.004285610635021753
2022-11-15,0.03786184216252386,0.0,0.07865158584476761,0.03586789019745007
2022-11-16,-0.028969908915858933,0.0,0.014583614904482234,0.009695264877320975
2022-11-17,0.007734785860014526,0.0,-0.0041070072633357935,-0.005487042355978855
2022-11-18,0.0,-0.009852171288110778,0.004123944332663498,-0.004137831402725833
2022-11-21,0.0010965603233703547,-0.004975231852145656,-0.01026711671751468,-0.0027701203425065657
2022-11-22,0.009857628482884184,0.005000108551475035,0.01867223914159344,-0.009722196531707361
2022-11-23,0.0,0.0,0.002036575675419927,-0.011220136262150349
2022-11-24,0.0021691344435512683,0.004975057640199898,0.008130076993374091,0.03262396345146157
2022-11-25,-0.008657956962185853,-0.004950428970726839,0.0040323544845704,-0.0013734899388166966
2022-11-28,-0.03056760186348051,-0.004975231852145656,-0.03514071215749748,-0.03301251161242569
2022-11-29,0.005630570343764463,0.0,0.013527865812706708,0.014224836630688298
2022-11-30,0.025755851962234733,0.005000108551475035,0.006159975640570803,0.02805065724468725
2022-12-01,-0.0043668863092763965,0.024875549518918127,0.01734705365278666,0.01091388897357537
2022-12-02,-0.0021929189990166353,0.024271860750866514,-0.012036132844415737,-0.002699091644625229
2022-12-05,-0.0021977384614436657,0.0,-0.007106602611796853,0.0
2022-12-06,-0.019823921265339717,-0.023696697801571354,-0.022495022835851475,-0.018944571562911627
2022-12-07,-0.019100984292847567,-0.009708608313536593,-0.006276028127436328,-0.01241370177433776
2022-12-08,-0.026346115624240607,-0.004902066382717507,-0.007368493548923882,-0.015363072425327418
2022-12-09,0.02352948939838595,0.0049262150157403095,0.021208930385839153,0.034042475530373206
2022-12-12,0.0,0.0,-0.013499430615636188,-0.02331956876524721
2022-12-13,0.006896563386617149,-0.009804046940437572,-0.007368493548923882,-0.004213592534653698
2022-12-14,0.01484017258304382,0.014851546936463178,0.019087919866547454,0.01269394769324772
2022-12-15,-0.0044994106941810275,-0.009756137556141908,0.005756281824129461,-0.05153194410240558
2022-12-16,0.0011299107479603165,-0.009852171288110778,-0.01977115283505615,-0.030836810685218152
2022-12-19,-0.030473988506495076,0.009950202386372675,-0.009554060609887505,-0.0060606862089462865
2022-12-20,-0.025611182141184186,-0.014778386303850977,-0.019292650725331262,-0.015244105260888041
2022-12-21,0.0035842352970385516,0.0,0.003278731941339874,0.012383951773835777
2022-12-22,0.020238055491548446,0.01000004201992577,0.019607890191918775,0.01070333541573909
2022-12-23,-0.021003428594726814,0.0,-0.027777773931964123,-0.0015125951319662212
2022-12-26,-0.0011919700933432642,0.0,0.0032966042391686656,-0.013636600972181445
2022-12-27,-0.0011932828544510832,-0.004950428970726839,0.0010953284179104905,0.007680652760130968
2022-12-28,-0.025089537221019143,0.0,-0.013129063598698032,-0.02743916007107683
2022-12-29,-0.0012255672530593342,-0.007960266436265573,-0.011086500781841258,-0.014106595826859136
2022-12-30,-0.0012269582874798735,0.0020059912811467573,0.005605358282905204,-0.006359386057630423
2023-01-03,0.017199082700527724,-0.008007988973450009,0.010033360743887387,0.03040011075730309
2023-01-04,-0.008454193458972026,-0.010090859429713439,-0.007726038346198227,-0.012422527157775032
2023-01-05,0.004872077856478363,-0.0010193544380067143,0.02002207617686458,-0.007861564720052616
2023-01-06,0.027878871639804848,0.004081756983155049,0.0,0.045959119466856935
2023-01-09,0.04952816378790992,0.00711372557323009,0.04907314863785417,0.02272706026507776
2023-01-10,0.01123604328119665,0.003027293163529343,0.010394832838867218,0.028148247563501316
2023-01-11,0.003333338782302464,-0.0030181563195367245,-0.0030863275801522594,0.018731858807366164
2023-01-12,0.0,-0.005045429714856775,0.004128043918348423,0.011315463167940187
2023-01-13,0.0055371415246410205,0.0,0.02774919489956562,-0.029370549892765996
2023-01-16,-0.01101330084385621,-0.005071015165457049,0.009999829591064602,0.014409088799850478
2023-01-17,0.02338533977921231,0.0,-0.003960277896905895,-0.015624943220598264
2023-01-30,0.06202394037069703,0.0,0.0795230574550676,0.0663779792671011
2023-01-31,0.0,0.016309938719156092,-0.03867429982071802,-0.028416806435890396
2023-02-01,0.009221326533957797,0.003008986921720025,0.015325709495831674,0.00835655413442038
2023-02-02,0.02335022935561426,0.0,0.01886809406833434,0.031768021257526424
2023-02-03,-0.005952481947704813,-0.0039999467747605655,0.0037034123961394716,0.005354723621481705
2023-02-06,-0.020957936838956193,0.019076314045489928,-0.029520133748797805,-0.02663111656501216
2023-02-07,0.0020386767441347153,-0.009852171288110778,-0.005703497696046056,-0.01915189818043328
2023-02-08,0.027466889794475202,0.0,0.03250498655797407,0.037657044272527695
2023-02-09,0.0,0.004975057640199898,0.0,0.006720368122977272
2023-02-10,0.005940604155036278,0.004950515645487652,0.009259160934623756,-0.012016031823352202
2023-02-13,-0.02066932625718143,-0.0049261287679502885,-0.007339289096241153,-0.012162172879715993
2023-02-14,0.013065410780470188,0.00990111796573645,0.007393552515601476,0.0013679559660224605
2023-02-15,-0.00992062080300904,0.0049018947327224005,-0.03669727770124653,-0.030054535558613038
2023-02-16,0.004007899708528884,0.009756052149797245,0.005714361527997092,0.0014083105476832003
2023-02-17,-0.0019958585178669885,0.0,-0.01893943926080044,0.016877759032355222
2023-02-20,0.009999893336432697,-0.004830937896024845,-0.001930381553845506,0.004149172907667031
2023-02-21,0.0019802317319959073,-0.004854304156768352,-0.0019343031251265463,-0.0013773773491589925
2023-02-22,-0.020750931847961507,-0.004877983371726291,-0.017442027648820524,-0.016551636960143723
2023-02-23,0.013117959945582625,0.009803789465445023,0.021696371820519422,0.04488075610814235
2023-02-24,-0.004980027138473675,-0.019417471602341974,-0.013513421389753422,-0.029530094515976657
2023-03-01,0.02702697976149704,0.00990111796573645,0.021526215685031325,0.09405246363710829
2023-03-02,-0.011695836727363185,0.0049018947327224005,-0.005747203124424893,-0.020227546942519936
2023-03-03,0.011834248161653127,0.0,-0.0057801122863763155,0.0
2023-03-06,0.011696015969782536,0.009756052149797245,0.009689882814035267,0.011612913748826559
2023-03-07,-0.005780444622874525,0.014492729106908353,0.005758171353867025,0.005102109368371854
2023-03-08,0.009689909184666723,-0.009523765852308297,-0.005725204644488113,-0.025380763492079517
2023-03-09,0.007677585699639611,-0.01442305223727891,0.0019192660860800625,-0.0013021497963107143
2023-03-10,-0.009523708606673287,-0.004877983371726291,-0.017241236992346254,-0.014341636912925226
2023-03-13,0.009615281748214466,0.009803789465445023,0.005847967250221409,0.010581954762397094
2023-03-14,-0.03428568376036567,-0.009708608313536593,-0.01162793471901824,-0.003926607210460231
2023-03-15,0.01972392829970704,0.0049018947327224005,0.001960852570668248,-0.003942086234693609
2023-03-16,0.0058027170467573885,-0.004877983371726291,-0.006394978761174119,-0.0026386570504217666
2023-03-17,0.023076870708181874,0.014705770023164977,0.02574250906003095,0.02248692757050974
2023-03-20,0.0,-0.009661791210883397,-0.011582915992040643,-0.0038810837949858623
2023-03-21,-0.0075189243489256485,0.009756052149797245,0.0097657112900007,0.001298669952852105
2023-03-22,0.013257714945893229,0.0,0.030947784670187772,0.012970148739557485
2023-03-23,-0.003738381044340544,0.0,0.009380763679091464,0.0153650284111162
2023-03-24,-0.0037524089789379156,0.019323667002933087,0.0018586207251782838,-0.0037830106103626804
2023-03-27,-0.0018830981271706904,-0.018957341645710613,-0.014842158475936729,-0.012658301390894966
2023-03-28,-0.015094421459016405,-0.004830937896024845,-0.011299401086776073,-0.017948765686540136
2023-03-29,-0.013409925409304635,0.0048543891485244295,0.00952364760607316,0.009138455064473971
2023-03-30,0.01165041523178667,0.009661791210883397,0.009433924982516162,0.006468245868293643
2023-03-31,0.015355171399279,-0.004784625264530384,-0.0037380862954422556,0.01156813383533839
2023-04-06,-0.0018904781157516037,-0.004807712137267828,-0.005628712120680834,-0.04320203971840675
2023-04-07,-0.00757571271885904,-0.004830937896024845,0.0018869187515377916,-0.0053120564626206734
2023-04-10,-0.005725200551357168,0.0,-0.0037665479399102697,-0.009345869500990034
2023-04-11,-0.009596915940748074,0.0048543891485244295,-0.009451697045236074,0.018867874782308114
2023-04-12,0.009689909184666723,-0.009661791210883397,-0.00763354413029127,0.002645637981735227
2023-04-13,-0.009596915940748074,0.004877983371726291,-0.01923081332261467,-0.010554131877661299
2023-04-14,-0.005813963330831062,0.014563082453817433,0.011764670203129324,-0.002666501868377247
2023-04-17,0.013645366901614553,-0.004784625264530384,0.007752018827107632,-0.05213927707847432
2023-04-18,0.0019229325689817944,0.004807627962743366,-0.009615468628225377,-0.02961921128424483
2023-04-19,-0.017274413395318988,-0.004784625264530384,-0.009708698379074288,-0.018895222305096215
2023-04-20,-0.009765611144719855,0.004807627962743366,0.005882303510585496,-0.002963114232835795
2023-04-21,-0.011834429525271695,-0.004784625264530384,-0.00389858197065851,-0.011886898875663299
2023-04-24,-0.009980026731968628,-0.004807712137267828,-0.007827933029800005,0.016541292301119448
2023-04-25,-0.02217733413716627,-0.004830937896024845,-0.017751459734302366,-0.03846161123841407
2023-04-26,-0.0020618906563771855,0.0048543891485244295,-0.013052240927695746,-0.00153842449588526
2023-04-27,0.009297441272956286,0.0,0.004069317249597804,0.020030913284434515
2023-04-28,0.005117747630111191,0.009661791210883397,0.017223951327445475,0.004531726003282666
2023-05-02,0.015274975305628269,0.014354127108933579,-0.001992229042215188,0.009022451070732185
2023-05-03,0.0020060521887144134,-0.004717000609982591,-0.00997993631976346,0.013412941861814742
2023-05-04,-0.006005923913243616,-0.004739356155860741,0.004032202791598882,-0.017647073793967016
2023-05-05,-0.0010072052632841277,0.0,0.004016074131598657,0.010479013419224081
2023-05-08,0.008064653673345745,0.0,0.007999955145859161,0.0
2023-05-09,-0.0010000628947242074,0.014285690464895362,0.011904919456736218,0.002963114232835684
2023-05-10,-0.010010087956673352,0.0,-0.013725585464560819,-0.01329406486144169
2023-05-11,-0.005055558520395631,-0.014084483887717658,-0.007952241579534891,0.0
2023-05-12,-0.010162587571054371,-0.02380945631720377,-0.006012038412419485,0.007484848672579814
2023-05-15,-0.012320443496315336,-0.004877983371726291,-0.0010080019739063806,0.010401385897409465
2023-05-16,0.01455316796360795,0.0,0.019172467800124382,0.0
2023-05-17,0.009221326533957797,0.0049018947327224005,0.027722584266135497,0.007352984297839926
2023-05-18,0.019289246844668373,0.004877983371726291,0.021194722363572005,0.005839274304304087
2023-05-19,-0.003983948442761509,0.0,0.0037736551098466187,0.013062530857436139
2023-05-22,-0.022000004413664898,0.0,-0.0018796432330178137,0.01002862565076068
2023-05-23,0.0,-0.004854304156768352,-0.0018833649948131193,0.015602779049907589
2023-05-24,0.005112419929223844,0.004877983371726291,-0.009433803387030149,-0.006983281612716441
2023-05-25,-0.005086416034520536,-0.004854304156768352,0.03428579425086342,-0.004219413301432939
2023-05-26,0.030674801634703153,0.0,0.04235725123289291,0.031073546898697568
2023-05-29,0.01587301152913101,0.0292682418557364,0.003533576951340933,0.010958947879984748
2023-05-30,0.007812452997277397,0.014218068467582112,-0.0035211347507430046,0.033875230443571214
2023-05-31,0.0038759458538355496,-0.004672998126284633,-0.0141343078053634,-0.005242534526106457
2023-06-01,-0.019304993260746195,0.014084566086319805,-0.01254506283214607,-0.014492503633014575
2023-06-02,0.01181104357553231,0.0,0.019964104612422817,0.004010496962025156
2023-06-05,-0.009727523438651575,-0.0046296487680762555,-0.012455543151882353,0.010652406549984672
2023-06-06,-0.007858678906613514,-0.004651100673629838,0.009008796648736439,-0.002634982636178229
2023-06-07,0.015841580733112703,0.00934575080910438,0.01428586389157771,0.014531090205494257
2023-06-08,0.0038987018636640336,-0.009259216479202248,-0.0158449929177924,0.0
2023-06-09,0.015533976248875758,0.00934575080910438,0.01073336081782017,-0.005208501212946026
2023-06-12,0.005736147079973053,0.023148162783430903,0.015928897689482913,0.003926804180975019
2023-06-13,0.011406862717676436,0.018099463628049595,0.033101355322685544,0.015645386414086637
2023-06-14,0.005639106841249797,0.0,-0.0050590334682379945,0.001283762638653263
2023-06-15,0.018691561478330287,-0.008888848425256612,0.006385247682443529,-0.017948765686540136
2023-06-16,0.0,-0.004484323592672146,-0.0033839599560034905,-0.01958226338372626
2023-06-19,-0.012844085764799895,0.01351349113255762,-0.010186676784696758,0.04527307850261164
2023-06-20,-0.001858767668910799,0.0,0.0,-0.02537884230304832
2023-06-21,0.003724458240383033,0.004444463119966935,-0.003430834445789066,0.002894338072848779
2023-06-26,-0.01113174377473114,0.02212398635839863,-0.012048045121157758,-0.011544136351075429
2023-06-27,-0.013069341502340293,-0.012987066140902281,-0.003484405052365025,-0.005839281512119876
2023-06-28,0.001019352935068607,0.00877188940835305,0.003496588583290716,0.02055807532539
2023-06-29,-0.012219866264858825,-0.017391301038128137,-0.001742314277467072,0.0014387421361263808
2023-06-30,0.0,0.0,0.005235729865445071,-0.011494182168727218
2023-07-03,-0.005154651021569534,0.017699111616355623,0.005208237050512876,0.0043604379817705485
2023-07-04,0.011398972293287235,0.0027347967990256628,0.010362946870232648,0.013024619674339322
2023-07-05,-0.009221350269083772,-0.013636310840626109,-0.005128328835857343,-0.004285687657491377
2023-07-06,-0.004136443403466861,-0.027649814983938148,-0.029209779172857053,-0.010043076438277287
2023-07-07,0.004153624636695774,0.0,0.0,-0.011594327936822801
2023-07-10,-0.0051706429202730275,-0.009478715376065594,0.0,-0.013196400726168234
2023-07-11,0.008316063533848395,0.004784670642451694,0.021239002354073833,0.01931647530872671
2023-07-12,-0.015463953064708602,0.02380959197849375,0.001733144447640056,-0.0014578160576120824
2023-07-13,-0.005235614315611037,-0.004651144725368872,0.012110910006779552,-0.007299225900103901
2023-07-14,0.015789510735275236,0.02336447285242671,0.01025621907185692,0.017647051181255424
2023-07-17,0.004145105065659127,0.009132384571997276,0.0,-0.013005799363281834
2023-07-18,-0.005159970499791444,0.013574683886386385,-0.016920559537529134,0.0
2023-07-19,-0.014522872690657773,-0.031249953400121044,0.0,0.019033758437221326
2023-07-20,-0.02947369922095766,-0.0046083538072948516,-0.003442314378173661,-0.005747188724375185
2023-07-21,-0.01952276689005239,-0.004629611731184813,-0.032815222918575415,-0.014450877269823081
2023-07-24,-0.0033185349695755706,0.004651144725368761,-0.00357117207225921,-0.010263867231464219
2023-07-25,0.013318622728854645,0.0370370484920417,0.019712932850979525,-0.014814824509704616
2023-07-26,-0.012048294601350595,-0.0044643429655656375,-0.0052720857792233344,-0.015037603973620195
2023-07-27,0.023281631439456163,-0.00896857560894948,0.005300027981373301,0.004580228386833252
2023-07-28,0.0195016139641504,-0.009049738876302782,-0.0035146862750469188,0.0
2023-07-31,-0.0010626834730350643,-0.009132384571997387,-0.003527535388484826,0.04863222732075201
2023-08-01,0.0,0.018433107369348445,0.00354002294469824,0.03333342197347822
2023-08-02,-0.007446789006641419,-0.022624422762689167,-0.010582379903603445,-0.005610158197864035
2023-08-04,-0.003215478111452952,0.027777747708390477,-0.012477453398926919,-0.0042313811942873425
2023-08-07,-0.002150505713646389,-0.013513461664763637,0.007220392165943945,0.0
2023-08-08,-0.01831906258878313,0.009132384571997276,-0.010752832793616718,-0.022662846161857653
2023-08-09,0.0010977727373260304,0.0,0.0036231601965772686,0.015942028557293986
2023-08-10,-0.009868368479509004,-0.0045248694381514465,-0.005415178338823545,-0.011412294325727879
2023-08-11,0.004429612814315753,-0.013636310840626109,-0.009074630952396245,-0.02020209152034247
2023-08-14,-0.007717730815849255,0.013824830527011445,-0.009157029115954951,-0.010309115326096685
2023-08-15,0.010000041917313185,-0.02727269759669182,0.0018481176221873952,0.008928313193188542
2023-08-16,-0.03740374888285747,-0.014018714929019072,0.0,0.016224291683831327
2023-08-17,-0.0034287163395956277,0.009478636222527204,0.0036900085140387784,-0.021770450384304807
2023-08-18,0.004587284959341353,-0.004694817642697413,-0.00919092915452202,0.0
2023-08-21,-0.0034247044614140743,0.0,-0.0037106052774983356,-0.007418652984838792
2023-08-22,-0.0011455565977047666,0.004716962923450252,0.007448910023767796,0.004484480762911192
2023-08-23,-0.004586989982385936,0.0,0.02033249517695479,-0.001488288162198259
2023-08-24,0.02188937076455244,0.028169062676815182,0.021739193589752404,0.029806382025203026
2023-08-25,-0.01916573185626036,-0.013698653120080118,-0.03191521182656176,0.004341507109273168
2023-08-28,0.02988500694937124,0.0,0.005494757887487545,0.010086491028980626
2023-08-29,0.01116074013107693,-0.01851852424602085,0.0054644968360857415,0.01283862511135192
2023-08-30,0.024282578463655335,0.0,0.005434798397438101,-0.0014082507817739787
2023-08-31,-0.019396632766430222,0.004716962923450252,-0.010810842047839664,-0.005641809642480622
2023-09-01,0.009890246249889323,0.009389713695710178,-0.0018214210519305052,0.007092058434921666
2023-09-04,0.001088123038605282,-0.009302367131651668,0.01642328738950316,0.001408633640682888
2023-09-05,0.01195643664749313,0.004694896053012876,-0.008976648483736693,0.009845227160420578
2023-09-06,0.003222385884347423,-0.009345835967315197,-0.0036231601965772686,-0.008356589198646347
2023-09-07,-0.02034267709156845,-0.004716962923450363,-0.01454557414186497,0.007022524458955681
2023-09-08,-0.0010927862892521345,0.004739318111263602,-0.005534835247315462,-0.011157532376937285
2023-09-11,0.0076585290945025974,-0.009434004627074777,-0.005566056676060804,0.0070520463912584486
2023-09-12,0.01628668315927473,0.02380959197849375,0.014925317762793489,0.01960781887606755
2023-09-13,0.006410252887082413,-0.01395351185702054,-0.005514368830220606,0.005494565504031046
2023-09-14,0.005307867897474949,0.004716962923450252,0.02230439767099468,0.0013661118479357803
2023-09-15,0.005279843187317335,-0.004694817642697413,0.014545524977551905,0.04092772210613216
2023-09-18,-0.023109260536986143,0.004716962923450252,-0.032257961260998114,0.02490172889805442
2023-09-19,-0.0064516093344449965,0.0,-0.0037035733245383007,-0.011508880395849519
2023-09-20,-0.006493502878227364,-0.004694817642697413,-0.005576366856667736,-0.018111317630622015
2023-09-21,-0.005446542209231131,-0.009434004627074777,-0.014953102764948656,-0.01712778345731314
2023-09-22,-0.006571831204421841,0.0,-0.00948775434712934,0.0
2023-09-25,0.006615305878017841,0.0047619661139777225,0.00574704602213294,0.012064268430815206
2023-09-26,-0.01971530579299685,-0.014218033487329196,-0.011428655439829183,-0.023841003689234475
2023-09-27,-0.007821208713095884,0.0,0.005780512711849095,0.0
2023-09-28,0.01801794321040906,0.0,0.001915702374406525,-0.002713779649317405
2023-10-02,0.012168151245297132,0.004807673778035815,0.019120333774168108,0.013605544070592224
2023-10-03,-0.010928987351059627,-0.004784670642451583,-0.007504486660834697,0.03624156837390058
2023-10-04,-0.025414367990816977,-0.009615427851249692,-0.017013174045209967,0.010362718473950316
2023-10-05,0.02380965805307289,0.004854431509148771,0.015384316253258312,0.007692260108691729
2023-10-06,0.0011073082534629464,0.019323677344184276,0.007575854135057458,0.0
2023-10-11,0.03761072690417655,0.004739318111263602,0.022556496457911912,0.035623450369144605
2023-10-12,0.0021321643936589307,0.009434004627074666,0.011029139738357285,0.0012284936388824441
2023-10-13,0.0,0.004672878961703875,0.005454586364206815,0.03312888008879322
2023-10-16,0.003191441911680082,-0.004651144725368872,-0.014466500221706147,-0.002375282150509306
2023-10-17,0.02226938677833412,-0.004672957005611322,0.011009255921308192,-0.017857274322434002
2023-10-18,0.005186733893673079,-0.009389635285394715,-0.01996369437517509,-0.014545448255178006
2023-10-19,0.017543775823189778,-0.018957351598592798,0.011111192488711064,0.020910248685821475
2023-10-20,-0.01217029244110901,0.0,0.01831507309275726,-0.002409705633713455
2023-10-23,-0.0020534455711042066,-0.028985475674738415,-0.021582774257115855,-0.008453972860025583
2023-10-24,-0.006172836239141777,-0.021890544866015715,0.0,-0.006090178949084923
2023-10-25,0.015527897662343415,0.007121030158422803,0.0,0.0073529791428934566
2023-10-26,-0.045871493882134406,-0.005050485453927056,-0.0238971534507616,-0.006082770018200567
2023-10-27,-0.0042735324588956125,-0.0030456734015682496,0.0037664058343280793,-0.019583805964767387
2023-10-30,-0.004291781925739757,-0.037678230427562576,-0.001876106705184566,0.06991251560645706
2023-10-31,-0.0043103731027840375,0.02116393887500978,-0.005638959244899766,-0.017502810282461922
2023-11-01,0.01731603860599451,-0.009326389359426979,-0.0018905938419347956,0.004750564301018612
2023-11-02,0.026595714114885816,0.014644382530478284,0.03598497490431107,0.026004727942487094
2023-11-03,0.02383419864056413,-0.012371086094408512,0.003656178360676554,0.0023041332141311432
2023-11-06,0.0,0.006263023449509353,0.001821429708452671,0.01379309644513027
2023-11-07,0.0,-0.0031120210638564405,0.009091170575342256,0.006802679156865388
2023-11-08,-0.01821861346855025,0.00936520791587081,0.0018018531606334154,0.029279329608938642
2023-11-09,0.0020618250519433,0.009278400660480024,0.0017982681372217257,-0.009846840718525818
2023-11-10,-0.0010287913382173164,-0.007150295758860503,0.0,-0.023204352100076653
2023-11-13,0.008238983320089766,0.00514409938912741,0.02513491432158954,0.024886799735642562
2023-11-14,-0.008171657172944324,0.02354144835473293,0.0017512516600919348,-0.0011037459705584007
2023-11-15,0.011328447538931918,0.005000064300379359,0.015734380373878087,0.003314896715567839
2023-11-16,-0.0061098894766412615,0.00497510494874831,0.0034423288865115254,-0.016519722404298665
2023-11-17,0.019467187642341788,0.014851510116292044,-0.005145943987103774,0.012317952248215525
2023-11-20,0.011055284869085469,-0.014634170583822992,-0.005172451717918247,0.008849578145125436
2023-11-21,0.0,0.014851510116292044,0.013864993914013413,0.015350782252048667
2023-11-22,-0.0059642114923593725,-0.004878029704532771,-0.013675384787167566,0.017278732627275417
2023-11-23,0.010000023149789428,-0.004902023390468524,0.0017332624314980727,-0.01273891875233013
2023-11-24,-0.0039604220952723646,0.0,-0.005190569567670278,0.016129079401629554
2023-11-27,-0.01590450716056524,0.0,-0.012173819083524995,-0.014814867018065336
2023-11-28,-0.009091033488641043,0.009852260924852585,0.012323847371842778,0.011815325959621648
2023-11-29,0.0030582336063611493,-0.004878029704532771,-0.0017390694669279227,0.006369387234504309
2023-11-30,-0.00609755725647132,-0.004902023390468524,0.0052265195580518675,-0.0031645374527972114
2023-12-01,0.01635984971486648,-0.009852178651961974,0.0034663037554019116,0.0021163890275404107
2023-12-04,0.010060385429589092,0.00497510494874831,-0.008635714823982732,-0.014783579213230702
2023-12-05,-0.019920278917893386,0.0,-0.00696839639311253,-0.004287146376341977
2023-12-06,-0.00609755725647132,0.0,0.0,-0.002152912294664633
2023-12-07,-0.009202492174694932,0.0,-0.00701751951399987,0.0043149680347081
2023-12-08,0.002063952806744984,0.004950475812037114,0.0070671131182145075,0.012889433229761993
2023-12-11,0.010298596699090945,-0.004926089325981042,0.00701729569109566,-0.0021209496948436657
2023-12-12,0.017329349498478086,0.0,0.006968840919547414,-0.0021253854653388027
2023-12-13,0.006012020604738266,0.0,-0.0017302634308967724,0.017039443545019406
2023-12-14,0.003984004544559383,0.00990103430425493,0.013937406651137518,0.011518324458304363
2023-12-15,0.005952377914542062,-0.004902023390468524,0.0051544801202951795,0.031055919410067467
2023-12-18,-0.0019723574017137535,0.004926171598871543,0.0,-0.007028068812507171
2023-12-19,-0.011857701147263366,0.004901941520881525,0.0,0.0030332793567555694
2023-12-20,-0.0030000412409213473,0.019512118818131086,0.0,-0.009072593213709013
2023-12-21,-0.009027033716273669,-0.009569341284903277,-0.01367511929268217,-0.0071210141712364505
2023-12-22,0.012145742312366758,0.0,0.008665574355363637,0.01434424303309112
2023-12-25,0.004000026407908086,0.0,-0.001718269074242329,0.005050473848739134
2023-12-26,0.01195218443040913,0.004830899165277014,0.008605805357985385,0.005025163038114622
2023-12-27,0.05314957639734197,-0.004807673778035815,0.010238809538867022,0.04000002446468054
2023-12-28,-0.018691552089631136,0.004830899165277014,0.0016894589808020832,-0.014423183420736008
2023-12-29,0.001904651939862445,0.004807673778035815,0.0,-0.009755971752772541
2024-01-02,-0.013307869975501374,0.004784670642451694,0.0,-0.03349766313435265
2024-01-03,-0.025048210141203286,-0.004761886583512842,-0.02529518341945447,-0.028542268322759523
2024-01-04,0.003952595290181993,-0.004784670642451583,0.003460210651590412,-0.00043084880280441773
2024-01-05,0.0,0.0,-0.006896667170682602,-0.007543032646690984
2024-01-08,-0.005905508488593503,-0.024038449185357247,0.012152844912578509,-0.0010857763300760048
2024-01-09,-0.007920844190544729,-0.004926089325981042,0.005145747935959122,0.008695580213865295
2024-01-10,0.0,-0.00990103430425493,-0.0034129726095871726,-0.004310416474792578
2024-01-11,0.0,0.005000064300379359,0.003424660883379227,-0.004328861652252658
2024-01-12,0.0,0.0,-0.0034129726095871726,0.0065216671703869356
2024-01-15,0.013972105760672981,-0.004975188040271417,0.003424660883379227,-0.004319583242685221
2024-01-16,0.0,0.0,-0.010238809538867022,-0.029284164859002204
2024-01-17,-0.043307118509501974,-0.014000029728487018,0.00172408473507768,-0.01787716894217206
2024-01-18,-0.01028808980184892,0.013184618622481992,0.01204814934554288,0.020477892558528943
2024-01-19,0.02286913015469194,0.006006066502489249,0.06462591311083998,0.02564102564102555
2024-01-22,0.02235765185099403,-0.005970209030021101,0.0,0.0021739130434783593
2024-01-23,-0.0019880420879231364,0.011011052262416499,0.0031948910937178443,-0.01193058568329719
2024-01-24,0.007968094487484256,-0.004950475812037225,-0.0015923076122469348,0.027442371020856227
2024-01-25,0.03359676343505802,0.014925397937768148,0.023923313743709818,0.007478632478632452
2024-01-26,-0.04780101573172668,0.004901941520881525,0.0031152678767616404,-0.007423117709437932
2024-01-29,-0.007028093867346374,0.0,0.006211284781618254,0.002136752136752129
2024-01-30,0.003033235112392507,-0.004878029704532771,-0.009259365348809223,0.026652381446435003
2024-01-31,-0.012096681837397094,0.004901941520881525,-0.02180677629328298,0.0031152650116725855
2024-02-01,0.0010203054967186098,0.004877948234307983,0.0,-0.03726701476599725
2024-02-02,-0.010193616751264623,-0.009708619794058793,0.011146557476009455,0.006451612903225712
2024-02-05,-0.009268834159930739,-0.004902023390468524,0.017322599526174542,0.0010683760683760646
2024-02-15,0.02286913015469194,-0.004926089325981042,0.07894760107583698,0.03735325506937026
2024-02-16,-0.007113889410967356,0.004950475812037114,-0.020086191630935613,-0.0020576812790575882
2024-02-19,0.00614133315547627,0.014778267977942905,-0.007320604903166328,-0.007216495337892148
2024-02-20,0.002034557649870372,0.004854431509148771,0.013274395505235681,0.01973008048747582
2024-02-21,-0.015228460860710835,-0.004830979848352901,-0.008733539748459251,-0.0010183973556455728
2024-02-22,0.0020618250519433,0.004854431509148771,0.01615249642874783,0.03465858154715029
2024-02-23,-0.009259210253793837,-0.004830979848352901,0.007225578367685337,0.08374384236453203
2024-02-26,-0.003115307511746268,0.004854431509148771,0.0014346759483288007,0.013636303451596499
2024-02-27,0.0031250429816214176,0.0,0.0,0.0
2024-02-29,0.014537864296884306,-0.004830979848352901,-0.01146141938536227,0.022421585370067776
2024-03-01,-0.011258964521032144,-0.009708619794058793,-0.0014490469086171354,-0.03070169631294395
2024-03-04,0.011387172289838432,0.044117555557520394,0.05224958595814644,0.040723799723276555
2024-03-05,-0.0020471403046269376,0.0,0.006896513694689466,0.004347999291682836
2024-03-06,0.009230896673843247,0.0,0.006849190629619528,0.030302971247273547
2024-03-07,0.02032516181020405,0.009389713695710178,0.03401359604492504,0.03361344537815136
2024-03-08,0.0338645510189477,-0.023255878988672207,0.031578979009469155,0.0
2024-03-11,-0.005780426079683321,0.042857217843009776,-0.022959205973587915,-0.004064986826630923
2024-03-12,0.017441934851916585,0.08675795848231127,0.005221937306100433,-0.008163372951874415
2024-03-13,0.009523831299037111,0.01260506354074531,0.011688364453928957,0.0
2024-03-14,-0.007547300145822611,0.004149361490363379,0.006418450519963592,-0.05349799979011116
2024-03-15,-0.013307869975501374,0.09090908463508751,-0.03954081426170486,-0.013043537330689525
2024-03-18,-0.0019268362269330153,0.030303039888313288,0.019346056876630158,0.03083718478792674
2024-03-19,0.02316609378412582,0.0,-0.002617872034215152,-0.017094130261955498
2024-03-20,-0.0018868452581436435,0.014705886867808493,-0.005249403661477525,-0.017391306350192814
2024-03-21,0.0075614866142335035,0.03260862987792734,0.03430080958556769,0.008849675732957918
2024-03-22,-0.016885543511299006,0.02105266859035515,0.0012756657849097852,-0.013157836663821088
2024-03-25,-0.011450456622536187,0.0,-0.006369558976313194,-0.004444503030225255
2024-03-26,-0.001930390571186269,-0.024054947711426466,0.0025640913517468444,0.008928453208493004
2024-03-27,-0.0038685800551621075,0.045774646644906936,-0.0038362196319134956,0.030973513543661957
2024-03-28,0.009708760493156277,0.04713797670396991,-0.012836994310390093,-0.004291788910632088
2024-03-29,-0.007692358426012236,-0.025723374588828785,0.009102690445279782,0.02155155292264488
2024-04-01,0.0019381219989973442,-0.006600634234135705,-0.0077320061736886325,-0.02109688234625673
2024-04-02,0.007736828427719944,0.05647846024895853,0.025974077109480076,0.004310287755824094
2024-04-03,-0.009596951409467924,0.0,-0.012658252137645598,-0.004291788910632088
2024-04-08,0.009689945344095507,-0.0062893881123674555,0.00384621800574525,-0.008620803798696453
2024-04-09,0.005758236672907646,0.0,0.04597696884228153,0.008695768311186125
2024-04-10,0.015267111870844285,-0.022152076358782802,-0.0048839062921158805,0.030172356721341442
2024-04-11,-0.013157860807296529,-0.02912615901764204,0.006134941748278555,0.004184045250002821
2024-04-12,0.0038095488510354603,0.003333487728480744,-0.0024390905215702086,-0.01666666850564591
2024-04-15,-0.020872961286457326,-0.029900380891694778,-0.014669862083189322,-0.059321984450315
2024-04-16,-0.029069752950925287,-0.03424655653811626,-0.02233256317919252,-0.049549552504811856
2024-04-17,0.003992042441453236,0.0390071174006279,0.020304559169602943,-0.004739274038399355
2024-04-18,-0.0019880420879231364,0.010238810577900104,0.0,0.0
2024-04-19,-0.021912451986903947,-0.03378376700918828,-0.06716404074355031,-0.054285777336422814
2024-04-22,-0.004073172339518094,0.0,-0.01066687080924511,-0.0271903341390618
2024-04-23,-0.0040900062630494505,0.0069930968337654775,0.01617252165267269,0.006211249083280412
2024-04-24,0.030800803279527056,0.08333323668173898,0.03846162223201399,0.03909458209542804
2024-04-25,-0.013944186702688821,-0.02884609619833378,-0.021711431547150606,-0.028712873169193465
2024-04-26,0.006060602386411373,0.023102274939593936,0.0208877196324182,0.02446483345530215
2024-04-29,0.012048099426670067,0.022580611445671916,0.016624049183736167,0.009950315285559341
2024-04-30,0.005952377914542062,-0.015772862684800715,-0.006289280693314581,-0.022660163747038387
2024-05-02,-0.007889514163032962,-0.012820463408095617,-0.022784869838378796,0.008064583404380654
2024-05-03,0.021868889110104428,0.012986962282824921,0.010362731181882578,0.040000000000000036
2024-05-06,0.0058365721433728535,0.07371793224714307,0.007692274055240311,-0.004807692307692291
2024-05-07,-0.001934372948232177,0.011940252670703089,0.017811868621728344,0.009661835748792313
2024-05-08,0.005814033671546426,0.0,0.0024999097954412353,0.04784676324738002
2024-05-09,0.0,0.005899781167346019,-0.007481263762746826,0.0
2024-05-10,0.0057803434785674845,-0.005865177901221208,0.007537654947562089,0.0
2024-05-13,0.003831442797363138,0.0,0.02119699275122633,0.01826490285080884
2024-05-14,-0.005725269217735751,0.014749354385043212,0.007325975121206918,0.03587456034215264
2024-05-15,-0.005758154388874059,-0.008720944910637796,0.016969852597608304,0.0
2024-05-16,0.005791502755885913,0.005865079945815088,0.0023837794588434935,0.030302971247273547
2024-05-17,0.013435748430061789,-0.00874637073284168,-0.007134481912270063,-0.021008458994322687
2024-05-20,0.005681814952545494,-0.014705875129153334,0.0,0.02145928551409293
2024-05-21,0.01506593176810811,-0.0089552393579444,0.007185748505005085,-0.012604986383828565
2024-05-22,0.020408177873984634,0.018072421284100137,0.027348271528795154,0.008510412445623228
2024-05-23,0.018181781334894787,0.023668545491290383,0.01273142563719265,0.016877751694998944
2024-05-24,-0.025000011483030327,0.017340973498358503,-0.009142745357343385,-0.008298755642659361
2024-05-27,0.03663004266976344,0.05113645421729274,0.0023067948235535596,0.07531370090336686
2024-05-28,-0.003533592189241097,0.0027026470720465934,-0.004603044220813257,0.019455307445336523
2024-05-29,-0.008865192836243763,-0.02695407475833622,-0.009248587413853815,-0.015267076041963312
2024-05-30,-0.001788958840832633,-0.022160670202489352,-0.022170265320458293,0.0
2024-05-31,-0.014336858633779759,-0.02549579252570433,-0.020286532087410603,-0.042635812875761125
2024-06-03,0.0,0.026162834731913387,0.030450923394507168,0.02834013913511857
2024-06-04,-0.012727317085299839,-0.031161492656259115,-0.008274268655816042,-0.023621945449772364
2024-06-05,-0.01473298318375682,0.026315735498719794,0.017878345941326312,-0.008064516129032251
2024-06-06,0.013084078449661307,0.011395967473862845,0.04683849548555141,0.04878048780487809
2024-06-07,0.016605157733456055,0.0,-0.016778730230144756,-0.01162785565640001
2024-06-11,0.0,0.016901532228569494,0.004550749806630838,-0.003921724196157661
2024-06-12,-0.0036296326034699344,0.038781010929467286,0.029445086088288663,0.02362215396394829
2024-06-13,0.02732230921591272,0.02400004275557932,0.014908606224071308,0.06538456445904317
2024-06-14,-0.001773023365127857,0.03125005436652817,0.0032644326709734273,0.00722021695162578
2024-06-17,0.007104766387925565,0.010100970907854112,-0.001084717345998576,-0.010752641224814119
2024-06-18,0.0017637179025191685,-0.007500012943582823,0.02388716745782049,0.018115990002350646
2024-06-19,0.0,0.0226700646087461,0.040296997233332466,0.0569393106174072
2024-06-20,0.012323911372356333,0.07142850090895081,0.0,0.010101145195904104
2024-06-21,0.003478283819997152,-0.025287298598418717,-0.011213055494445956,-0.00666666666666671
2024-06-24,-0.015597911392433272,-0.02830193510105017,-0.030927909279326316,-0.053691364031199895
2024-06-25,-0.007042299763045268,0.024271914321505328,0.0053191286417735295,-0.017730451166228955
2024-06-26,0.0035461227408604135,-0.004739397264801992,0.01587302221413478,0.014440529503608523
2024-06-27,-0.003533592189241097,0.011904835754479315,0.0,-0.007117531626536833
2024-06-28,-0.012411315577104065,0.007058835364865068,0.0062500286743660816,0.003584277018304549
2024-07-01,0.02154405044341945,0.00934575792340775,0.0020703593916193697,0.010714238426254408
2024-07-02,-0.022261346831524476,-0.02896493866489347,-0.00826445743803772,-0.0035336158566648956
2024-07-03,0.0,-0.007334904918562812,0.01979160453887352,-0.0035459587657986624
2024-07-04,0.02466791048686523,0.05665027317582649,0.026557792566741067,0.0002947811207769657
2024-07-05,-0.00925929198648301,0.0,0.0,-0.018181825033579457
2024-07-08,0.0336448735754471,0.055943985337388424,0.029850757481800105,0.051851756606260846
2024-07-09,0.0,-0.004414975804983623,0.004831020956532095,0.02816908218289571
2024-07-10,-0.010849889399393353,-0.00886925293394758,0.004807794401026078,-0.017123294659986965
2024-07-11,0.0,0.008948620512684524,0.03349262764322347,-0.010453020176638073
2024-07-12,-0.03107860164555787,-0.04212862648112736,-0.03703695288510933,-0.04225348643512861
2024-07-15,0.007547181087752097,0.002314871705024535,0.0,-0.003676395998436721
2024-07-16,-0.007490647812248508,-0.01616630207864811,0.014422959704804672,-0.00738011472275335
2024-07-17,0.0,-0.004694797994103439,-0.023696651655385814,-0.014869778915214016
2024-07-18,-0.005660366660337646,-0.037735851955119526,-0.024271873424524637,-0.033962352325590306
2024-07-19,-0.015180288172570666,0.0,-0.03482580025314397,-0.015625086972182012
2024-07-22,-0.032755289303960655,-0.05637257347513813,-0.03195875526320435,-0.027777626417999746
2024-07-23,0.021912282271413508,0.04675320940116001,0.042598342925746824,0.04081633947932728
2024-07-26,-0.011695885137966266,-0.047146428856006506,-0.05617969368040787,-0.0235295408575682
2024-07-29,-0.009861888071419078,0.005208376622682698,0.02164500690585114,-0.00401598277280002
2024-07-30,-0.0039841101552662295,0.015544001231836191,-0.004237285311344152,0.012096736702787991
2024-07-31,0.008000012345322105,0.0102041664091157,-0.006383007918852268,-0.02788839522198705
2024-08-01,0.06944445003990452,0.022727254035971534,0.027837274968413706,-0.03278696009496851
2024-08-02,-0.018552866330337703,-0.07901235362114889,-0.059375010240845016,-0.07627117434620434
2024-08-05,-0.05576559364917888,-0.0991956994538663,-0.09745280217263363,-0.09082567248179507
2024-08-06,0.03503507792329841,-0.002976263460477635,0.0797543644106169,0.08476282800142898
2024-08-07,0.02514504582012833,0.017910499416843306,0.045454662454093686,0.06976741103402317
2024-08-08,-0.003773628854828903,-0.041055675623172916,-0.026086870289567687,-0.030434728735261873
2024-08-09,0.020833346152024035,0.030580992241910243,0.04241057619107047,0.008968659880338903
2024-08-12,0.014842323201272878,0.04451041529357136,0.006424012441134774,0.044444459797464475
2024-08-13,0.0018281006328417782,0.02840904727658433,0.0010638123411736977,-0.012766027817711967
2024-08-14,0.016423401748673738,0.024861859316605006,0.007438973524090509,0.021551621128870435
2024-08-15,-0.017953312071006255,-0.024258741888573465,-0.005274307531015876,-0.025316271655504985
2024-08-16,0.02010962664548721,0.01657454288903959,0.0275716612915764,0.06493497317041141
2024-08-19,0.0035842713874929544,0.016304394961560442,0.004127898894138449,0.020325211386347908
2024-08-20,0.0,-0.0026737753708235834,0.0,-0.003984085951715288
2024-08-21,0.0,-0.016085836296807043,-0.01541624388755325,-0.02399992704244369
2024-08-22,-0.0017856626172357837,-0.02179836850780803,-0.007306900733389465,0.008196660387816301
2024-08-23,-0.005366788677111156,0.0027855838009764877,-0.002103081076299529,-0.004064958022886644
2024-08-26,-0.008992837808424858,0.011111021650389352,0.0010539224266417069,-0.008163310195001161
2024-08-27,-0.019963641498631834,-0.008241692612735996,-0.00842124435378111,-0.004115249152865097
2024-08-28,0.022222180442787565,0.02770078904107809,0.023354650127098475,-0.008264508818645044
2024-08-29,-0.010869545226049548,-0.005390792515848841,-0.02178426567693814,0.04166668465848855
2024-08-30,0.016483485833828082,0.0,0.0010604279810733086,-0.00799994113651703
2024-09-02,-0.001801749725519275,-0.008130104262611959,0.0042373519636227375,-0.012096736702788102
2024-09-03,-0.00541522556915941,0.010928963207369247,-0.008438878775417158,-0.0040816550975005805
2024-09-04,-0.03266781719866485,-0.029729755660204527,-0.05425529956662345,-0.0696723034744624
2024-09-05,0.011257014491154793,-0.0250695284655984,0.014623215094454967,-0.022026329149059776
2024-09-06,0.011131704729701264,0.008571266131606858,0.017738276453742596,0.03153147475675455
2024-09-09,-0.012844037927738472,-0.02549564067592891,-0.02069717141444627,-0.03493435602561945
2024-09-10,-0.009293638066454113,-0.017441909453207782,0.005561854140816003,0.022624324583818467
2024-09-11,0.01313320896989345,0.002958652574926779,-0.003318529328918518,-0.017699099826793185
2024-09-12,0.022222180442787565,0.04719764351870137,0.04793765009780149,0.0405406509359405
2024-09-13,-0.010869545226049548,-0.008450727741819208,0.007446811133652087,-0.02597405656224383
2024-09-16,-0.0018315232181733698,0.02840904727658433,0.0,0.004444353861626116
2024-09-18,-0.012844037927738472,-0.038674083351244115,-0.006335875065269669,-0.02212378880487309
2024-09-19,-0.0018586823237605188,0.014367795384834903,0.020191246958179088,0.013574618196644739
2024-09-20,0.0018621434568881767,0.002832930972748171,0.013541747550009475,0.004464310498936808
2024-09-23,0.0037175156126221243,0.016949200880947757,0.004110961716926598,0.017777645741805292
2024-09-24,-0.001851873437893059,0.016666622941482467,0.010235519598978282,0.04366814302064115
2024-09-25,0.011131704729701264,0.030054671065979033,0.01823692465711524,0.025104744023493053
2024-09-26,0.007339535402193231,0.005304997167385528,0.009950289068356932,0.036734578633987436
2024-09-27,0.0018214408082037892,0.007915589955322933,-0.014778260976358482,-0.007874059921640919
2024-09-30,-0.021818214842857064,-0.018324545731394415,-0.0430001321086132,-0.06746018486752003
2024-10-01,-0.0018586823237605188,-0.002666731975806469,0.015674110664860796,0.029787177745830506
2024-10-04,-0.020484258633758134,0.03743320350944224,0.005143988831447732,0.016528910578519795
2024-10-07,0.005703488983445748,0.0180411756746639,0.028659108655846532,0.016260148045482703
2024-10-08,-0.0056711436779548485,-0.01772145970688055,0.004975206862945836,-0.01999990465773893
2024-10-09,-0.013307909347607283,0.02577315607090891,0.009900967378737136,0.016326408894323796
2024-10-11,-0.0019268047372558161,0.005025085330711221,0.02450971752308284,0.044176746942621525
2024-10-14,0.013513514572931484,-0.00499996010453585,0.0,-0.007692250970163239
2024-10-15,0.001904706800926359,0.04020092813105114,0.023923542490970062,0.007751880379533338
2024-10-16,-0.017110158131982467,-0.009661758982930313,-0.02336457899265565,-0.019230677248913475
2024-10-17,0.0,0.01707311319087368,-0.009569297110430752,0.0
2024-10-18,-0.023210865906049483,-0.004796124862319395,0.048309311190947835,0.023529337655840532
2024-10-21,0.007920804022040207,0.012048174806596812,0.0,0.01915709534880894
2024-10-22,-0.003929318853972852,0.026190499637761544,-0.00921685644494663,-0.015037677470102984
2024-10-23,-0.009861888071419078,0.0023201670308685696,-0.013953254749425548,-0.007633531926793613
2024-10-24,-0.005976084337261711,-0.020833317627447223,0.0,-0.02307695220451078
2024-10-25,-0.00200403133792304,0.02127657936334959,0.0047169404347693344,0.03543306564562432
2024-10-28,-0.011044183174785949,-0.004629592633542345,-0.01408456254588486,0.01520911236554201
2024-10-29,-0.0172588784771619,-0.025581417189820432,-0.00952372827593373,-0.026217181945985102
2024-10-30,-0.005165307545223707,0.009546540678021076,-0.009615482491013627,-0.007692250970163239
2024-11-01,-0.0321910660710365,-0.016548407842462143,-0.0048543884167545626,0.0
2024-11-04,-0.012875512543838341,0.028846077816659932,0.014634266479882196,0.0038758899800355184
2024-11-05,-0.014130467024643378,0.0,0.009615301797544662,-0.003860925457740305
2024-11-06,0.011025308071140216,-0.0023364299305006497,0.009523907248527141,0.011627870779031158
2024-11-07,0.02835339309486007,0.016393463878808356,0.0047169404347693344,0.0
2024-11-08,-0.010604405371940961,0.004608257929171522,0.02347421209252709,-0.01915709534880905
2024-11-11,-0.002143734685977172,0.009174313297185543,-0.004587116420922799,0.011718714025142907
2024-11-12,-0.009667007275620088,-0.027272731310048592,-0.032258189294091744,-0.023166052905192136
2024-11-13,-0.006507580343608432,0.002336506023317142,-0.01428571172896298,-0.007905080459372216
2024-11-14,-0.017467187344555213,-0.013986053270926835,0.0,-0.015936343806861375
2024-11-15,0.0,-0.021276656355606938,0.0,0.028340136602426957
2024-11-18,0.002222157848470463,-0.02173903637760033,-0.009661874342616117,-0.02362197576316294
2024-11-19,0.0022173208551070633,0.004938231894255463,0.014634266479882196,0.036290210108364196
2024-11-20,-0.006637155817820983,0.012284994000576921,-0.014423193620942354,-0.0077819434797467
2024-11-21,-0.011135806497827194,-0.016990234662320525,-0.014634083142096799,-0.0078432818867199
2024-11-22,0.00112609347545356,0.0024691159471277313,0.02970302617661935,0.03557311807729446
2024-11-25,0.010123715418450363,0.03694583730737122,-0.009615482491013627,-0.022900694666732724
2024-11-26,0.011135896942394696,-0.03800475426878924,-0.019417432035156446,0.0
2024-11-27,-0.022026419502630734,-0.029629632607930834,-0.009900967378737136,-0.023437529254279332
2024-11-28,-0.011261300606866698,-0.005089100486096121,0.0049998944509184184,0.00400002238470476
2024-11-29,-0.007972711821901624,0.0,-0.008955085640972804,0.0
2024-12-02,0.02411017392476844,0.0025575243064761555,0.039156540692582675,0.04382463580883811
2024-12-03,0.004484357604619182,0.002551083142745769,0.01932393025163104,0.003816815406572749
2024-12-04,-0.007812455384947903,0.022900745013616275,0.0142177657888225,0.0038022042086185426
2024-12-05,-0.019122695381787458,-0.009950249965386626,0.004672740171222545,0.0037880966227645807
2024-12-06,-0.002293511757321398,-0.005025085330711332,-0.00930213098618038,-0.0150944222633147
2024-12-09,0.012643685672275806,-0.015151557518464531,0.009389473094799428,0.01532575569122252
2024-12-10,-0.007945470834555657,-0.015384659065192707,-0.00930213098618038,0.01886783229540767
2024-12-11,-0.016018399776972392,-0.015624960244475017,-0.018779475545127378,0.0
2024-12-12,-0.01162785426551094,-0.0026454814478990007,0.018251378193979262,0.022222249942953853
2024-12-13,-0.02470583592589859,-0.01061008072130687,0.004716901159710352,0.02173906309299678
2024-12-16,0.0,-0.024128754445210565,0.018779377383163487,-0.017730503947099407
2024-12-17,0.026537913796724988,0.005494551213599541,-0.009216549046690448,0.028880934970733074
2024-12-18,0.02702710441060474,0.00819674465124054,0.009302284003454453,-0.0035088822929485453
2024-12-19,-0.016018399776972392,-0.018970213859623053,-0.013824996106428733,0.0
2024-12-20,-0.015116314430219768,0.0,-0.03271002257387945,-0.02112660637834951
2024-12-23,0.012987117594798425,0.024861859316605006,0.043478182229801376,0.014388381933769123
2024-12-24,0.02564104020427105,0.0,0.0,-0.0035460272909140222
2024-12-25,0.001136330703984223,0.005390880299475542,0.004629550986825937,0.0035586463479826413
2024-12-26,-0.007945470834555657,0.00536197453658005,0.0,0.0070921464549602575
2024-12-27,-0.0022884490289006854,-0.005333377104352555,0.00460833203547617,0.00704229335225981
2024-12-30,-0.011467838210554193,-0.008042918148403522,0.0,-0.00699304626900743
2024-12-31,-0.0011600592504595886,-0.00540545012952709,-0.013761463688197306,-0.0035210554499865987
2025-01-02,0.015098756817674364,-0.008152108981523964,-0.009302400097704888,-0.025974046186030386
2025-01-03,-0.013730043676238313,-0.008219201305564194,0.009389747283754746,0.011111096490477701
2025-01-06,0.006960638168267197,0.019337041675622002,0.04651153611152292,0.04395607970871018
2025-01-07,-0.024193688742885633,0.029810323456634036,0.004444480436531784,0.04561403352556215
2025-01-08,0.008264511943877118,-0.01052640239616165,-0.02212374084573998,-0.013422857656241405
2025-01-09,-0.025761140158132134,-0.0265957059799542,-0.004524922651425789,-0.020408050524536425
2025-01-10,-0.00721152532048408,-0.00819674465124065,0.0,0.01736102789099636
2025-01-13,-0.009685146695095348,-0.05509642738330256,-0.022727339769299082,-0.05119447126040355
2025-01-14,0.03300727160222672,0.017492761751703112,0.013953484052307008,0.007194173677813831
2025-01-15,-0.018934844017281516,-0.020057332259189486,-0.022935849144744558,0.014285665084939447
2025-01-16,0.0024124752717364917,0.014619956549702717,0.03755887195067298,0.02816909714828597
2025-01-17,-0.008423537819423177,0.0,0.013574429127201748,-0.020548004136490272
2025-01-20,0.037621353242292876,0.025936483930456777,0.0,0.010489585570109483
2025-01-21,0.004678322020430281,0.002809057889774147,0.0,0.013840782138848207
2025-01-22,-0.0640278834384077,0.008403385109325034,0.013392966085348679,0.0
2025-02-03,0.007462672243584878,-0.08055563069251015,-0.05726885228416656,0.023890810996019418
2025-02-04,-0.00987665808784488,-0.003021123958472316,0.023364676742372525,-0.006666685840582165
2025-02-05,0.0,0.03636364174673146,0.013698511479327546,0.0234899583191579
2025-02-06,0.0,0.011695908103402264,0.004504540969465731,0.0
2025-02-07,0.001246948076101706,0.028901691121482775,0.008968570213337523,0.0
2025-02-10,0.0012453951330366753,-0.022471914223927136,-0.01777758894257997,-0.029508239823747173
2025-02-11,0.004975081156080918,0.028735684355091218,0.004524696766708747,0.02027032935716533
2025-02-12,-0.007425829159791175,-0.01117318588220051,-0.00900885707167054,-0.016556380708020013
2025-02-13,0.03241902964491694,0.016949200880947757,-0.0090909812900144,0.023569050324610874
2025-02-14,0.0,-0.01111120258218623,-0.027522927376394613,-0.009868408146528895
2025-02-17,0.014492726612665097,0.025280972113701283,0.023584859009831094,0.026578066087228125
2025-02-18,-0.0011904417735997264,0.005479408052615264,0.013824996106428733,-0.006472510779989671
2025-02-19,0.014302714590331389,-0.002724773878376885,-0.0090909812900144,0.0032573798798805065
2025-02-20,0.010575773670369326,-0.005464526095111943,-0.009174270959923625,-0.02597401848369496
2025-02-21,0.013953462894996882,0.005494551213599541,0.013888884074023444,0.006666685840582165
2025-02-24,-0.0011467558786607546,0.005464437112257192,-0.01826487192877635,0.023178748123911852
2025-02-25,-0.00574054868388485,-0.03532598258511632,-0.018604684101159452,0.003236296453493548
2025-02-26,0.006928393903868679,0.016901363743574427,0.004739374616428149,0.006451631388208812
2025-02-27,0.0022936980399528295,-0.03601115205482497,-0.018867781244481074,-0.028846195296897803
2025-03-03,-0.0022884490289006854,-0.02298851004990443,-0.019230860385565207,-0.02970301424676658
2025-03-04,0.0,0.0029412488746174414,-0.019607876724689888,0.0238095505267375
2025-03-05,0.009174419594548455,0.017595357771733378,0.020000034944368528,0.0
2025-03-06,0.0,0.0,-0.014705938132074325,-0.006644453289476493
2025-03-07,0.003409084406519103,-0.008645557213558197,0.0,-0.020066946687680276
2025-03-10,0.020385012211856957,0.0,-0.0069651554096187285,-0.047781535380292284
2025-03-11,-0.004439563478681463,-0.020348862804204115,-0.02705406179203307,-0.007168479320231902
2025-03-12,-0.0011147950011332064,0.011869437635610325,0.017507721679452803,0.018050547800278816
2025-03-13,-0.02455349595730405,-0.014662734472095762,-0.023279423503838492,-0.014184348019526838
2025-03-14,0.027459901496143413,0.011904666130914787,-0.00621756297293552,0.007194173677813831
2025-03-17,-0.017817398930004558,-0.011764612348743264,0.011470203718948913,0.017857149330928968
2025-03-18,0.009070308774862257,-0.002976263460477635,0.005696601421950165,0.035087731795502064
2025-03-19,-0.004494434521199464,-0.020895550247286288,-0.019567449116016045,-0.006779680554727552
2025-03-20,0.019187446550919196,0.012195223664822397,0.0346638389556555,0.013651830132191956
2025-03-21,-0.003322252861066244,-0.006024146024255939,-0.013197898611995051,-0.0033669705698319286
2025-03-24,-0.0033334172598602496,-0.01212121391557719,0.0,0.0
2025-03-25,0.0,0.01226994048897545,0.01851852088519923,0.03040545116878479
2025-03-26,-0.006688951097604923,0.006060656302826928,-0.010100969542754523,-0.006557395872395899
2025-03-27,0.005611692432729187,-0.033132557894524184,-0.022449065993871753,-0.019802037415601825
2025-03-28,-0.005580377072937126,-0.04049842213939714,-0.006263049099527462,-0.013467967724590135
2025-03-31,0.0022447863592538475,-0.05194816318036932,-0.04411758949162525,-0.05119447126040355
2025-04-01,0.029115315370213724,0.04109601111139494,0.03736266436423086,0.050359672169876246
2025-04-02,-0.015234038611916745,0.009868341761838817,-0.0021187539132007105,-0.01712329332622886
2025-04-07,-0.09944751182883982,-0.09771983480630686,-0.09978772749205245,-0.09756099070627078
2025-04-08,0.02331290727953461,-0.09747290911970374,-0.03773576061064654,-0.02702705615670009
2025-04-09,-0.04316538775605605,-0.10000004559481468,-0.037990189175698075,-0.05952383230194647
2025-04-10,0.0989973701461977,0.09777786784161369,0.09936299261573378,0.09704643157417281
2025-04-11,0.005701274762139663,0.0890688347189339,0.030127516465038084,0.06538466043297486
2025-04-14,0.004535108344787098,0.029739719117308105,-0.0269966295084918,0.010830310357249351
2025-04-15,0.009029451320119453,0.00722015888111871,0.013872762723418974,-0.010714271471956138
2025-04-16,0.005592769926940022,-0.02508952331236436,-0.02508540640288992,-0.01444047488605893
2025-04-17,-0.01890989526604847,-0.011029383151734296,-0.009356847240168498,-0.018314932508619486
2025-04-18,0.004535108344787098,0.007434884378225481,0.0035419501206950255,0.01865662737992113
2025-04-21,-0.014672629221302858,0.007380074909373757,-0.01764702572622756,-0.014651964598281997
2025-04-22,0.014891121120188977,-0.0329670080591401,-0.022754482287791644,-0.033457298169093375
2025-04-23,0.018058719301125903,0.05303037125355514,0.06985291375209757,0.05384611630585434
2025-04-24,-0.03769391427589952,-0.017985700426859763,-0.010309244610788859,-0.029196981589921345
2025-04-25,0.02880185000158142,0.018315110517919786,0.02777770988362649,0.0375939971567949
2025-04-28,0.005599032645486224,0.0251797697274585,0.0101351722343479,-0.02173919239874411
2025-04-29,0.0011135535164124022,0.0035088581355606774,0.005574148514383204,0.01481476399070858
2025-04-30,0.0055617551591824466,-0.010489539555036065,0.006651954628824397,-0.014598490794960672
2025-05-02,0.00995582357100444,0.0424027154346267,0.04625544242233537,-0.03703705096144971
2025-05-05,-0.01314354664838624,-0.03389825643430644,-0.012631580874363113,-0.003846116305854297
2025-05-06,0.007769191015982058,0.024561321312605022,-0.019189834639941283,-0.011582996072406426
2025-05-07,0.007709206574105343,-0.0068492608296896185,0.008695699138882684,-0.0039062116646290113
2025-05-08,-0.009836047238874879,0.006896496734636326,-0.01077581937215244,0.011764689491055913
2025-05-09,0.0055186936435203116,0.006849483896318231,0.03376898881464485,0.027131811157920183
2025-05-12,0.01975856047078972,0.04081621801675195,0.00842997161800918,-0.007547286895346561
2025-05-13,0.002152790229983381,0.03267979699450985,0.012539186987521989,0.030418340471125127
2025-05-14,0.009667094514317354,0.03164552135051335,0.030959757283143485,0.0036900006180435874
2025-05-15,0.01063824915551459,-0.021472320929958433,-0.0060060069395396765,0.0073528691443998095
2025-05-16,0.00631577795450311,-0.009404414958120388,0.005035257939299154,-0.0036495995443209805
2025-05-19,-0.0010459948896455185,-0.025316458305377654,-0.014028099639755265,-0.04029301884144054
2025-05-20,0.0020942653274707013,0.0,-0.00609749900915646,0.0038167565540843107
2025-05-21,0.035527680945096396,0.0064934543104440134,0.012269940208793795,0.019011511040162077
2025-05-22,-0.0020181050842331683,-0.012903227839816345,-0.00808085092046551,-0.011194014304430677
2025-05-23,-0.028311508303289434,0.006536001971092498,0.002036639138094376,-0.007547286895346561
2025-05-26,-0.019771091939655427,-0.006493560049807501,-0.008129998678875205,-0.02661590317510798
2025-05-27,-0.023354493729608405,-0.006535895540616288,-0.011270567243577112,0.0
2025-05-28,0.022826043967142162,0.0,0.0020725177834255426,0.0
2025-05-29,-0.006376183796082957,0.026315685162241476,0.0,-0.015625044918212372
2025-06-02,0.004278124848799747,-0.022435823831977286,-0.02171655750216228,0.0
2025-06-03,0.006389764198724057,-0.006557324534708697,0.004228286501339884,0.011904847023063159
2025-06-04,-0.02751320413948155,0.029702838336187032,0.042105291374602505,0.0
2025-06-05,-0.014145842495167482,-0.003204998394578107,0.008080788181914045,-0.02352947850070075
2025-06-06,-0.006622504088975356,-0.01607725022022488,-0.0030059191071127866,0.02811248049697812
2025-06-09,0.014444477232944175,0.009803949741400642,0.010050147740293003,0.0039062116646291223
2025-06-10,0.01642932211221204,0.006472545460696866,0.03980102177506306,0.038910520436875595
2025-06-11,0.018318959952885905,0.003215303436931549,0.01913867919683665,-0.014981316837429204
2025-06-12,0.0010581704085808052,0.00961541271869959,-0.01461577913011003,-0.02281365886192621
2025-06-13,0.0031712414581375192,-0.006349155803175965,-0.014353877252581082,-0.02723738405463949
2025-06-16,0.011591155611751836,-0.00958469179590915,-0.00485446395834932,0.004000062529526449
2025-06-17,-0.010416703680635186,0.0,0.01951209622285921,0.01593630090007303
2025-06-18,0.01684213154128944,0.006451561391318528,0.009569448786350243,0.007843059981644807
2025-06-19,-0.011387170524047252,-0.012820411113277697,-0.018957250394366243,-0.015564247672403275
2025-06-20,-0.0020941802811630383,0.009740287205029396,0.01932357219090286,-0.011857692444261825
2025-06-23,-0.013641164116002469,0.003215303436931549,-0.03317530543891256,0.004000062529526449
2025-06-24,0.027183814218807223,0.02884623815609877,0.0294116148992849,0.01195217512278135
2025-06-25,-0.034178595131487244,0.009345820942041172,0.019047760416151194,0.019685046450343302
2025-06-26,-0.012557060425589572,0.006172789867819217,0.00467287342699052,-0.0038609660302596494
2025-06-27,0.024277439007180268,0.01226994048897545,0.004651139242021207,-0.0038760292290729303
2025-06-30,-0.0022573019377715164,-0.0242423291410776,-0.01851853972864448,-0.02723738405463949
2025-07-01,-0.0056561084996545885,0.027950185544988404,0.023585020704737003,0.020000109629689122
2025-07-02,0.01137656408009935,0.014401920767740384,0.0,0.015686219481878316
2025-07-03,-0.0011248422092769994,0.012345718528830263,0.004608271288899957,1.9596325495641054e-07
2025-07-04,-0.014639673503165307,-0.018292740764644044,-0.0045871325377280225,0.015747996006661547
2025-07-07,-0.006857125418526788,0.0,-0.00460838529576002,-0.007751920785752819
2025-07-08,0.0057537398299249976,-0.0124223026598822,0.0,-0.0078124825314769275
2025-07-09,0.004576676417568093,0.012578557305759075,0.00925932713166211,0.0669290810099199
2025-07-10,-0.004555825876715547,0.0031056488630676338,0.009174265075456045,0.033210350741454064
2025-07-11,-0.010297500116317693,0.0,0.0,0.01428568254167173
2025-07-14,-0.002312103447886571,-0.0061919700439453385,-0.004545543996091195,-0.024647833325694757
2025-07-15,0.009269935041410049,0.015576324597517122,0.013698787979498528,0.007220200388817322
2025-07-16,-0.002296176254258042,-0.0030675426208253143,0.018017925654047362,0.010752664193038663
2025-07-17,0.0023014608139291237,0.009230847480604876,0.0,-0.01418436586775107
2025-07-18,-0.002296176254258042,0.009146322476253133,0.022124001334618892,0.014388457006199395
2025-07-21,0.0011507304069644508,-0.0030212051172403553,-0.0043290891723613,0.01063827440081333
2025-07-22,-0.011494252873563204,-0.018181781820713283,-0.017391323989765617,0.0035087642698274912
2025-07-23,0.020930268043695577,0.024691340062652944,0.013274488374190652,0.0
2025-07-24,-0.009111651753431205,0.04819283152846188,0.0,0.0
2025-07-25,0.0,0.002873527148013366,0.0,0.0
2025-07-28,0.0,0.008595970993719337,0.0,-0.02097897533987525
2025-07-29,-0.016091971561826512,-0.02556813007665537,-0.008733795230723818,-0.028571453966662497
2025-07-30,-0.005841121599449162,0.0,0.017621275003642856,0.014705941557229485
2025-07-31,-0.02350176305359397,0.037900857005659594,0.00432898207500898,-0.007246450647661162
2025-08-04,-0.00842354947166668,0.01123590248711559,-0.021551827096565,-0.02919701664490082
2025-08-05,0.004854387360093471,0.0250000371005914,0.013215901760460058,0.007518780109223577
2025-08-06,-0.016908230365689447,0.008130064682989158,-0.021739128096456506,-0.014925432733078225
2025-08-07,-0.007370988487393815,0.04569894471558622,0.04888875156944583,0.02651518829480959
2025-08-08,0.0024752096619857777,0.0,-0.004237267258758282,-0.003690028767365461
2025-08-11,-0.0024690981264468004,0.017994875641605068,0.004255298094048454,0.003703695510344218
2025-08-12,0.006188118578160484,-0.0050505210827372915,0.0,0.00369002876736535
2025-08-13,0.0024599869709089894,0.007614197609888018,0.016949383520121764,0.007352925029846524
2025-08-14,0.001226975142590181,0.00503779952627692,-0.02083353520068365,0.014598599152123137
2025-08-15,0.009803959150949337,0.03759398673901204,0.004255298094048454,-0.014388546528965152
2025-08-18,-0.019417456850636006,0.01449272391961376,0.0,0.029197107474573603
2025-08-19,0.016089051649299302,-0.00952376534159316,0.004237372087121161,-0.01418436586775107
2025-08-20,0.020706511683707074,-0.03605769339727194,-0.04219409018431963,-0.025179889283614698
2025-08-21,-0.011933173789771434,0.027431390958293056,0.013215901760460058,0.007380057534730922
2025-08-22,-0.0193237444993265,-0.01699030755444464,-0.013043519883074728,0.0
2025-08-25,-0.0012315083482680178,0.0246913599406422,0.030837067779558636,0.03296705200093686
2025-08-26,0.03082614114718818,0.0072289767910482805,0.004273376862148792,-0.007092182933875479
2025-08-27,-0.02033489209654027,-0.004784704103706461,0.012766104831023029,0.0
2025-08-28,-0.008547064280768457,-0.009615415123613746,-0.025210059575393462,-0.010714261906253908
2025-08-29,-0.0024630166965359246,-0.012135923070656585,0.0,-0.010830390429177994
2025-09-01,0.006172839506172867,-0.024570026087758157,0.004310322765021857,-0.007299254161225233
2025-09-02,0.003681019039973199,0.0,-0.0042918236199691595,0.0
2025-09-03,0.0,0.01007559905255384,0.0,0.02573532910199927
2025-09-04,0.02689482721473957,0.012468828321047454,0.0,-0.007168442795359109
2025-09-05,-0.01904760088239399,0.009852170610884059,0.017241184424358957,0.03610109179003862
2025-09-08,0.009708682130449064,-0.0073170584016403195,0.0,-0.0034843994171682713
2025-09-09,-0.003605714343353994,0.019656005427266754,0.016949383520121764,0.05594410827694318
2025-09-10,-0.004825108787893551,0.01204819368344845,0.020833329038283388,-0.013245086050412969
2025-09-11,-0.008484811493844724,0.0214286029618469,0.01224483489976369,-0.006711394822967565
2025-09-12,0.006112469209611504,0.013985985298753167,0.01612895020070404,0.003378370993076807
2025-09-15,-0.0012151409454107531,-0.006896537773464662,-0.003968234099992474,0.0
2025-09-16,-0.0012165264943264642,-0.002314785851027845,0.02400016479852307,0.03367004410923169
2025-09-17,0.009744251725047004,-0.01624131436064591,-0.011718780455242994,-0.016286609303127197
2025-09-18,0.00844387135534208,0.014150914378006973,0.015810220860597468,0.0
2025-09-19,0.03468901410059977,-0.004651104662937056,-0.01556414823942509,-0.0463575951555083
2025-09-22,-0.004624295096866016,0.009345750474094139,0.02371537998837492,-0.024305587360831882
2025-09-23,0.019744536675545765,0.023148149495300974,0.03474903217771841,-0.02135235445650585
2025-09-24,0.021640020847884633,0.009049802710575205,0.0,-0.03272720164412035
2025-09-25,-0.012263082625920352,0.03139009313623875,-0.014925412930877124,0.011278170163835366
2025-09-26,0.01241533287884189,-0.04565214970462961,-0.015151556163157665,-0.026022339569937714
2025-09-30,0.01560759836688419,-0.015945345298266078,0.0038462591897627796,0.003816785554329627
2025-10-01,-0.028540049590227823,0.013888933344933907,0.015325616601374437,-0.022813638559880944
2025-10-02,-0.010169508766993296,0.029680351372769698,0.030188667666065427,-0.003891041917234661
2025-10-03,0.0011415351125905193,0.004434534178802796,0.02564109507164325,0.031249930125907488
2025-10-07,0.01026227545264402,0.008830050559708758,0.02499988999587255,0.003787964845137104
2025-10-08,0.014672720927162652,-0.0153173012480744,-0.013937148807761202,0.007547152800402079
2025-10-09,0.015572875440673872,-0.015555500772774788,0.017667803602955834,0.007490619947091659
2025-10-13,-0.004381177574026451,-0.03837473256539936,-0.017361071599597322,-0.022304875705368432
2025-10-14,-0.01320137026945023,-0.03286388024335529,0.007067069198940956,-0.0076045461866269815
2025-10-15,-0.007803756656157845,0.002427230380707801,0.028070250673432273,0.007662818443399555
2025-10-16,0.008988798334357506,0.07990313369718427,0.013651828625655504,0.01140691390857329
2025-10-17,0.018930923056454274,0.015695011336749998,-0.023569003176688086,0.0
2025-10-20,0.007650239871499265,0.05298016461042376,0.020689624700878317,0.007518780109223577
2025-10-21,-0.014099733897963707,0.002096409815836031,0.0,0.0
2025-10-22,0.0011000932061879798,0.014644365768910816,-0.013513549511943168,-0.007462669934954924
2025-10-23,-0.002197768662002053,-0.014433003585264226,-0.00684924917748253,-0.026315823943668604
2025-10-27,0.004405218976219372,0.0313807556138499,0.020689624700878317,0.030888058713342437
2025-10-28,0.008771963580347819,0.01419879679662528,-0.003378387377985792,-0.014981333105152927
2025-10-29,-0.008695685345193604,0.04000000251411051,0.02033895388663831,-0.011406819279940472
2025-10-30,0.005482456323806284,0.007692332331335372,0.0,0.007692290757142395
2025-10-31,0.011995704908654536,-0.017175597126741105,-0.0033222681112853314,0.0
2025-11-03,0.025862002344394508,-0.023300984500081,0.006666684736679196,-0.007633571108659365
2025-11-04,-0.004201616694398003,-0.029821075794437713,-0.003311267193879086,0.011538436135713592
2025-11-05,-0.00632917810338085,0.012295121556347821,-0.029900331138026037,0.01140691390857329
2025-11-06,-0.02760083395278301,0.004048595873715977,0.0034247511688405563,-0.030075213998280392
2025-11-07,-0.01746723254120064,-0.016129083354548213,-0.003413062279808532,-0.02325585881977532
2025-11-10,0.004444461398654509,0.022541023987474818,0.010274000346323087,-0.007936490692829756
2025-11-11,0.0011061777924026295,-0.012024086337780404,-0.006779595609839095,-0.007999982479319656
2025-11-12,-0.0055248618784530246,0.018255604987832408,0.006825872263469757,0.004032249162310597
2025-11-13,-0.012222205268012099,0.003984076465020303,-0.010169518707599301,0.0
2025-11-14,-0.006749139075621247,-0.04365080775465924,-0.020548000692646284,-0.012048166278547545
2025-11-17,-0.006795085875183071,-0.020746889048962047,0.010489539409372473,0.0
2025-11-18,0.007981808460607365,-0.025423743484019323,-0.027681565901050087,-0.048780480402341064
2025-11-19,0.003393613316572841,-0.004347840047636886,-0.007117544136411413,-0.008546989457450915
2025-11-20,0.006764443338884707,0.0327510943997773,0.04301078212775011,0.021551675587665464
2025-11-21,0.007838711358570505,-0.048625783400597755,-0.0481099266437085,-0.03375530483408551
2025-11-24,0.034444427490234464,-0.022222223774142402,-0.0072202358750343976,0.004366802735519704
2025-11-25,-0.031149318726197528,-0.004545397731229417,0.029090987290210535,0.03043482495009009
2025-11-26,0.00776058316319439,0.036529652189604356,0.017667803602955834,0.09704640951439458
2025-11-27,0.011001099925342706,0.017621132262081396,-0.0034723169904395945,0.030769258749069106
2025-11-28,-0.0032644509986577974,-0.023809497896201015,0.0034844159872740033,0.04104477750542035
2025-12-01,0.015283859707426073,-0.015521078670475918,-0.020833303031270067,0.03584230317869164
2025-12-02,0.015053779848160254,0.0,0.014184259587416648,-0.020761285305668453
2025-12-03,0.0063559159366815,0.02252252347901096,0.01398613870291876,-0.010600683407837042
2025-12-04,0.010526315789473717,0.006607915945642251,-0.0034483699136352852,0.0035714206354180433
2025-12-05,0.018750031789143806,0.010940919639095936,0.010380651159935361,0.014234843926331342
2025-12-08,0.008179912038856596,0.0043290181690744944,0.023972583088021082,0.010526380133448532
2025-12-09,0.006085177316494272,0.012931007916535897,-0.010033389691554984,-0.01388894409804775
2025-12-10,-0.005040322735704095,-0.0063829657772710435,0.016891853643560273,0.02816904000366649
2025-12-11,-0.014184335762629563,-0.03211991607608178,-0.020000000000000018,-0.04452053451847027
2025-12-12,0.003083200544235387,0.0044247929126555174,0.006802776777919517,0.007168442795359109
2025-12-15,0.0010245745459473987,-0.024229048207723647,-0.02027026914905672,0.010676132944748451
2025-12-16,0.007164837251812273,-0.015801368813977645,-0.010344954031789033,0.0
2025-12-17,0.02439025903112113,-0.006880719727564988,-0.0034843065440151033,0.003521119046527854
2025-12-18,-0.0019841723371181175,-0.002309512402642655,0.0,-0.0035087642698276023
2025-12-19,0.00795231673848984,0.025463008092584394,0.0,-0.007042238093055708
2025-12-22,0.00394478816429622,0.011286610935798969,0.024475597435724694,-0.007092182933875479
2025-12-23,-0.017681758328068398,0.0,0.017064860147875782,-0.007142841270835865
2025-12-24,-0.006999969482421875,0.0,0.0033556908703089583,-0.007194228503099698
2025-12-26,0.0060422805204582986,0.006696485253660622,0.010033485747365845,0.0036231802380906064
2025-12-29,-0.006005990640207015,0.024390216709637036,0.013244978180249944,0.025270701360860626
2025-12-30,-0.0030211786761118464,-0.01298698648475094,-0.006535920959626962,0.0
2025-12-31,-0.005050505050505083,0.010964912582971609,0.019736841573773756,0.007042238093055708
2026-01-02,-0.011167497199198961,0.006507578734333608,0.02258063136119315,0.02797205413847159
2026-01-05,-0.004106791782468533,0.010775862506870348,0.05362777247214234,0.037414968289817274
2026-01-06,0.01443300542143211,0.006396575341869104,0.020958071063631012,-0.007352941176470562
2026-01-07,0.09959344786987545,0.01059322090323156,-0.01759530770668416,0.0033670033670034627
2026-01-08,-0.024029561436723634,-0.03773583786885648,0.005970124743907679,-0.030201342281879207
2026-01-09,0.04356059224042874,0.004357312347357034,-0.0029673469405602226,-0.01730103806228378
2026-01-12,0.0036297780123057954,-0.008676817092461153,0.0059523565882315665,0.01760563380281699
2026-01-13,-0.007233231766729853,-0.008752763217957038,0.011834344033237576,0.02768166089965396
2026-01-14,-0.016393469961101248,0.03532013286492064,0.0,0.010101010101010166
2026-01-15,0.012962977091471428,-0.004264405896982959,-0.011695930369456597,-0.00666666666666671
2026-01-16,0.06946982054952988,0.004282668935646994,0.029585823753119023,0.010067114093959662
2026-01-19,0.06837606837606836,-0.021321962477704237,0.011494276397569392,-0.013289036544850474
2026-01-20,0.08480004882812509,-0.026143805617078963,0.008522761959548042,0.0
2026-01-21,0.008849534618207366,-0.020134187137287207,-0.019718366372765028,-0.013468013468013518
2026-01-22,-0.011695950788175535,0.02054790245050442,0.011494276397569392,0.013651877133105783
2026-01-23,-0.04142005156161632,-0.00894850418153681,0.005681864563052752,0.09764309764309775
2026-01-26,0.06944444117395654,0.011286610935798969,-0.008474679747072167,0.08588957055214719
2026-01-27,0.09956700710865785,0.006696485253660622,0.014245096373682875,0.0028248587570620654
2026-01-28,-0.003936947957715153,0.0,0.022471886083483605,0.0028169014084507005
2026-01-29,-0.0988142272624698,-0.006651940631314912,-0.008241724321426003,0.0
2026-01-30,-0.08771929628875696,-0.01562494519673685,-0.016620497672705792,-0.011235955056179803
2026-02-02,-0.027243601303990617,-0.02721089938170551,-0.005633848612413006,-0.03125
2026-02-03,0.001647421299245666,0.009324039035815135,0.01983001650327232,0.05278592375366564
2026-02-04,0.016447368627440007,0.011547344278471705,-0.008333299223524326,0.0027855153203342198
2026-02-05,-0.004854356646668778,-0.01598174973910005,-0.011204504338286014,-0.01666666666666672
2026-02-06,0.006504089851689487,-0.002320229431542642,0.008498618257067658,-0.03389830508474578
2026-02-09,0.008077544227377054,0.016279085574113505,0.01966290894631406,0.07017543859649122
2026-02-10,0.0,0.011441648255504866,0.03581265968887126,0.008196721311475308
2026-02-11,0.006410219573724785,0.02714933703131317,0.01861700998515281,0.005420054200542035
2026-02-23,0.017515960225827687,0.006607915945642251,-0.007832930150051376,-0.03234501347708896
2026-02-24,0.056338002944540166,0.015317301248074289,0.034210516281269365,0.01671309192200554
2026-02-25,-0.029629629629629672,0.06249996190228502,0.025445314246337558,0.024657534246575352
2026-02-26,-0.0015266942613907375,-0.014198733051426604,-0.009925578727000839,0.04010695187165769
2026-03-02,-0.013761490900313977,-0.01646095750623,-0.010025021930812672,-0.023136246786632397
2026-03-03,-0.029457387998122586,-0.04184100748513331,-0.020253143622142145,-0.044736842105263186
2026-03-04,-0.041533522963198455,-0.05240170986970949,-0.03617575175319654,-0.052341597796143224
2026-03-05,0.034999974568684866,0.03225802247102161,0.01876674526444644,0.03197674418604657
2026-03-06,-0.001610281426379867,-0.0044642299715380585,-0.005263136465083473,-0.005633802816901401
2026-03-09,-0.037096761888073315,-0.05605381323907488,-0.042327999013999085,-0.056657223796033995
2026-03-10,0.01172530576203945,-0.004750608895472408,0.02209942390005093,0.024024024024023927
2026-03-11,0.029801311118995866,0.045346094094487865,0.0486486475722836,0.035190615835777095
2026-03-12,-0.02572350915101096,-0.020547974200232688,-0.02835052541517946,0.011331444759206777
2026-03-13,-0.018151790459051576,0.0,-0.010610101174867714,-0.036414565826330514
2026-03-16,0.01680672268907557,0.009324039035815135,-0.010723816812831521,-0.005813953488372103
2026-03-17,0.00330579773453632,-0.020785248732547945,0.01685696722609853,0.011695906432748648
2026-03-18,0.006589748042076904,-0.009433992331221663,0.01871657018983819,0.0
2026-03-19,-0.0392798325878545,-0.02380952559106475,-0.028871379946219022,-0.028901734104046284
2026-03-20,-0.015332223410244428,-0.009756052318948938,-0.005405403259676089,0.011904761904761862
2026-03-23,-0.01903111572042704,-0.03448279065029547,-0.01630434131873948,-0.044117647058823484
2026-03-24,-0.0035273502689294745,-0.005102057177416963,0.0,-0.003076923076923088
2026-03-25,0.04601767210833785,0.025641027707191455,0.019337008728929295,0.0
2026-03-26,-0.015228388061223619,0.0025000473359895192,-0.0027100260215834338,-0.01851851851851849
2026-03-27,-0.006872878361431578,-0.004987547002424764,-0.01086956087915969,-0.0031446540880503138
2026-03-30,-0.013840817432876351,-0.027568892103463805,-0.021978013109819505,-0.04731861198738174
2026-03-31,-0.00877192982456143,-0.03350521997859279,-0.01123595042055392,-0.013245033112582738
2026-04-01,0.015929230546529283,0.05066670443419552,0.053977250204769955,-0.016778523489932917
2026-04-02,-0.06620214199897845,-0.020304553547165094,-0.02425875050401738,0.0
2026-04-07,0.08768658389437611,-0.00518136360209509,0.02762429818418477,0.0034129692832765013
2026-04-08,0.034305317773119626,0.049479201832092645,0.04838707766972283,0.0748299319727892
2026-04-09,-0.004975111788660946,-0.00744423123546778,0.002564101598453883,-0.0031645569620253333
2026-04-10,0.03333333333333344,0.0025000473359895192,0.023017894166858177,0.0
2026-04-13,-0.03064518590127263,-0.0024938126862267262,-0.004999998164060271,0.02857142857142847
2026-04-14,-0.006655536128738482,0.037500002946223354,0.03266336603458675,0.06172839506172845
2026-04-15,0.040200966172709185,0.0,0.012165385489543379,0.04069767441860472
2026-04-16,0.09983904557132073,-0.0024096084462000844,0.0024039041493533198,0.05865921787709505
2026-04-17,0.06881400788050507,-0.004830933276249616,-0.02637894474593705,0.0158311345646438
2026-04-20,0.053424678436697404,0.00728153858686853,-0.0024630532961539275,-0.012987012987012991
2026-04-21,-0.00910279016576021,0.016867486302072576,0.012345674535126472,0.10000000000000009
2026-04-22,0.03149608427818018,0.04739336775242098,0.0,0.09808612440191378
2026-04-23,-0.0636132327871004,0.018099534320737964,0.01463414109904182,-0.034858387799564294
2026-04-24,0.012228281855132916,-0.015555500772774788,0.05048081025198159,0.09932279909706554
2026-04-27,-0.024161114788695426,0.029345358688865897,0.03661325795459014,0.0
2026-04-28,0.03301240201684674,-0.010964912582971498,-0.022075046837401358,0.07392197125256672
2026-04-29,-0.007989327380983235,-0.0022173367709567016,-0.01580140354754933,-0.015296367112810683
2026-04-30,0.037583933580641826,-0.024444418216994168,-0.020642138736184035,0.013592233009708687
2026-05-04,0.05045270042063321,0.036446442179215666,0.065573744177162,0.09961685823754785
2026-05-05,0.023399034449348433,0.05274728401804052,-0.010988953050086292,0.0993031358885017
2026-05-06,0.09987970161446613,0.05219206886038563,0.0,0.08716323296354989
2026-05-07,0.05579866946366607,0.005952368704287059,0.026666655061715394,-0.002915451895043719
2026-05-08,-0.053885978738261064,-0.01380671919604004,-0.008658004988033263,0.06140350877192979
2026-05-11,0.04052570454071791,0.0080000256439281,-0.024017510427442046,0.06887052341597788
2026-05-12,0.10000000000000009,-0.007936533175004201,0.008948542430934125,-0.046391752577319534
2026-05-13,-0.05837319113991479,0.004000012821964161,-0.015521112682025384,-0.055405405405405395
2026-05-14,0.09756095858998859,-0.025896403119099687,0.0225226253387254,-0.025751072961373356
2026-05-15,0.0185185185185186,0.01635990597792114,-0.0022026961406231838,-0.042584434654919234
2026-05-18,0.009090909090909038,0.0,-0.011037469380741238,0.042944785276073594
2026-05-19,0.018018018018018056,-0.014084520401159928,-0.015625047810926218,-0.07205882352941173
2026-05-20,-0.04424778761061943,-0.020408164574193366,-0.00907029126023895,0.023771790808240878
2026-05-21,0.07407407407407418,0.03125000204598849,0.020594901582991598,0.09907120743034059
2026-05-22,-0.017241379310344862,0.01010101074229941,0.011210813526040697,0.08732394366197194
2026-05-25,0.09649122807017552,0.04400001533607467,0.024390288913128,0.09974093264248696
2026-05-26,0.04400000000000004,-0.007662859699626434,-0.017316009976066526,0.004711425206124886
2026-05-27,0.09961685823754785,0.019305020710471688,0.013215853330157179,0.08792497069167649
2026-05-28,-0.010452961672473893,-0.0037878314426912363,-0.0021739653336291243,-0.049568965517241326
2026-05-29,0.01760563380281699,0.09885927015515428,0.026143781089645213,-0.0226757369614512
2026-06-01,0.01038062283737018,0.015570957020343945,0.0,0.05684454756380508
2026-06-02,-0.03082191780821919,0.02725721995694097,0.010615759363370447,-0.00658616904500553
2026-06-03,-0.07773851590106007,0.024875623446270367,0.01890750381947437,0.0044198895027625085
2026-06-04,-0.04214559386973182,-0.051779897753400084,-0.016494839533064076,-0.025302530253025313
2026-06-05,0.052000000000000046,-0.029010303884525968,-0.008385741222360688,-0.02934537246049662
2026-06-08,-0.07984790874524716,-0.052724081987844174,-0.029598297945455432,-0.05348837209302326
2026-06-09,0.05371900826446274,0.02968469717035438,0.004357296848274128,0.09950859950859958
2026-06-10,-0.07058823529411762,-0.05225227490189588,-0.021691965906692978,-0.07150837988826819
2026-06-11,0.05485232067510548,-0.017110290466992417,0.0004446420631392112,-0.016847172081829176
2026-06-12,0.06800000000000006,0.007736968597810812,0.026666666666666616,0.023255813953488413
2026-06-15,0.059925093632958726,0.02687142592771763,0.02813852813852824,0.06937799043062198
2026-06-16,-0.0035335689045936647,0.005607406146436178,0.010526315789473717,0.020134228187919545
2026-06-17,-0.007092198581560294,0.011152393773276925,-0.006249999999999978,-0.021929824561403466
2026-06-18,0.03928571428571437,-0.012867602032917258,0.01048218029350112,-0.015695067264574036
2026-06-22,0.09965635738831624,0.0,0.04149377593361003,0.017084282460136713
2026-06-23,0.0625,-0.033519542937508806,-0.007968127490039834,0.015677491601343796
2026-06-24,0.04705882352941182,-0.013487488515595114,-0.04016064257028118,-0.055126791620727644
2026-06-25,0.002808988764045006,0.005859363011786689,0.0,0.005834305717619559
2026-06-26,-0.08123249299719892,-0.03495144623907054,-0.02092050209205021,-0.09976798143851506
2026-06-29,0.0,-0.008048315438422105,0.012820512820512775,0.0077319587628865705
2026-06-30,0.0030487804878047697,0.018255604987832408,0.016877637130801704,0.08567774936061379
2026-07-01,0.02735562310030404,-0.011952166792706054,0.03941908713692954,0.021201413427561766
2026-07-02,-0.020710059171597628,-0.0075913718869983215,-0.015968063872255467,0.0023068050749712743
2026-07-03,0.030211480362537735,0.006276150627614996,-0.008113590263691739,-0.03452243958573076
