Date,聯電,鴻海,台積電,聯發科
2006-01-02,10.484784126281738,33.489418029785156,29.321897506713867,132.2545928955078
2006-01-03,10.60000228881836,34.319740295410156,30.235210418701172,132.75238037109375
2006-01-04,10.542394638061523,36.16488265991211,30.475549697875977,128.76980590820312
2006-01-05,10.427177429199219,37.456485748291016,30.763959884643555,130.42922973632812
2006-01-06,10.513588905334473,36.90293502807617,31.484994888305664,122.79597473144531
2006-01-09,10.85924243927002,36.533912658691406,32.73476791381836,121.13655853271484
2006-01-10,10.686417579650879,36.34939956665039,32.06181335449219,118.48152160644531
2006-01-11,10.686417579650879,36.533912658691406,31.629186630249023,119.9749526977539
2006-01-12,10.657608985900879,39.024871826171875,31.484994888305664,116.15833282470703
2006-01-13,10.513588905334473,38.9326057434082,31.004304885864258,115.16270446777344
2006-01-16,10.686417579650879,41.51580047607422,30.71588897705078,115.16270446777344
2006-01-17,10.801633834838867,40.77775955200195,31.05238151550293,116.32428741455078
2006-01-18,10.283156394958496,38.74809265136719,29.610315322875977,111.34605407714844
2006-01-19,10.484784126281738,38.37906265258789,29.802589416503906,108.02728271484375
2006-01-20,10.455979347229004,38.655826568603516,30.042926788330078,107.86131286621094
2006-01-23,10.311958312988281,38.655826568603516,29.706451416015625,108.52508544921875
2006-01-24,10.398371696472168,38.56357192993164,29.7545223236084,109.18885803222656
2006-01-25,10.455979347229004,39.670658111572266,30.52362060546875,106.0359878540039
2006-02-03,10.254349708557129,38.84034729003906,30.475549697875977,109.18885803222656
2006-02-06,10.36956787109375,39.024871826171875,31.96567726135254,111.18011474609375
2006-02-07,10.686417579650879,39.301631927490234,31.244653701782227,111.51201629638672
2006-02-08,10.484784126281738,39.117122650146484,30.331335067749023,111.18011474609375
2006-02-09,10.484784126281738,39.48614501953125,30.283273696899414,110.01853942871094
2006-02-10,10.542394638061523,38.37906265258789,30.091001510620117,106.36785125732422
2006-02-13,10.311958312988281,36.995201110839844,29.994861602783203,108.85697937011719
2006-02-14,10.311958312988281,37.271968841552734,29.94678497314453,110.35043334960938
2006-02-15,10.139131546020508,37.271968841552734,29.46611213684082,114.16706085205078
2006-02-16,10.830437660217285,38.9326057434082,29.994861602783203,114.49894714355469
2006-02-17,11.003263473510742,38.4713249206543,29.65837287902832,112.83954620361328
2006-02-20,11.032069206237793,38.655826568603516,30.13906478881836,112.83954620361328
2006-02-21,10.945656776428223,38.01003646850586,29.85066032409668,111.84387969970703
2006-02-22,10.7728271484375,37.364234924316406,29.7545223236084,108.85697937011719
2006-02-23,10.801633834838867,36.71842575073242,29.225753784179688,105.87002563476562
2006-02-24,10.974458694458008,37.364234924316406,29.321897506713867,108.85697937011719
2006-02-27,11.032069206237793,38.01003646850586,29.273834228515625,111.34605407714844
2006-03-01,11.060870170593262,37.08744812011719,29.03348731994629,115.99240112304688
2006-03-02,11.176088333129883,38.56357192993164,30.13906478881836,113.1714096069336
2006-03-03,11.262499809265137,37.82550811767578,29.706451416015625,113.33736419677734
2006-03-06,11.348917007446289,38.102294921875,29.273834228515625,116.32428741455078
2006-03-07,11.060870170593262,37.82550811767578,28.8892822265625,113.5032958984375
2006-03-08,10.830437660217285,36.81068420410156,28.36052131652832,111.18011474609375
2006-03-09,10.830437660217285,36.995201110839844,28.745080947875977,111.84387969970703
2006-03-10,11.032069206237793,36.81068420410156,29.514171600341797,110.68229675292969
2006-03-13,11.176088333129883,36.62617111206055,29.514171600341797,113.83516693115234
2006-03-14,10.945656776428223,36.62617111206055,28.841205596923828,111.34605407714844
2006-03-15,11.032069206237793,36.90293502807617,29.369977951049805,117.15399932861328
2006-03-16,11.003263473510742,37.548744201660156,29.081554412841797,118.81340026855469
2006-03-17,11.08967399597168,37.179710388183594,29.177698135375977,122.29816436767578
2006-03-20,11.08967399597168,36.90293502807617,28.93734359741211,122.46409606933594
2006-03-21,11.003263473510742,36.34939956665039,29.081554412841797,117.48584747314453
2006-03-22,10.916848182678223,34.319740295410156,28.64894676208496,117.65181732177734
2006-03-23,10.916848182678223,34.68876647949219,28.64894676208496,118.1496353149414
2006-03-24,10.916848182678223,34.504249572753906,28.745080947875977,118.48152160644531
2006-03-27,11.147284507751465,34.96553039550781,28.985424041748047,119.47715759277344
2006-03-28,11.233698844909668,35.79584884643555,29.514171600341797,119.64310455322266
2006-03-29,11.348917007446289,36.16488265991211,29.7545223236084,123.9575424194336
2006-03-30,11.464133262634277,36.62617111206055,30.235210418701172,122.46409606933594
2006-03-31,11.809784889221191,37.08744812011719,30.860105514526367,124.62130737304688
2006-04-03,12.184242248535156,37.733253479003906,31.14851188659668,124.62130737304688
2006-04-04,12.184242248535156,37.456485748291016,31.004304885864258,124.78726196289062
2006-04-06,12.357069969177246,37.91776657104492,31.677265167236328,126.11478424072266
2006-04-07,12.385872840881348,38.4713249206543,32.398292541503906,124.45535278320312
2006-04-10,12.50108814239502,37.82550811767578,32.20602798461914,123.79158020019531
2006-04-11,12.011417388916016,37.640995025634766,31.773406982421875,125.119140625
2006-04-12,11.723371505737305,38.37906265258789,32.109886169433594,126.7785415649414
2006-04-13,11.665761947631836,38.655826568603516,32.30216979980469,123.4596939086914
2006-04-14,12.155438423156738,39.301631927490234,32.686710357666016,125.45098876953125
2006-04-17,12.097827911376953,39.117122650146484,32.59056854248047,121.13655853271484
2006-04-18,12.155438423156738,38.74809265136719,32.638641357421875,121.6343765258789
2006-04-19,12.385872840881348,39.57841110229492,33.35966873168945,121.46844482421875
2006-04-20,12.357069969177246,40.59323501586914,33.600013732910156,122.79597473144531
2006-04-21,12.789130210876465,41.700321197509766,33.31160354614258,128.9357452392578
2006-04-24,12.96196174621582,41.14677810668945,32.782840728759766,129.43357849121094
2006-04-25,12.587501525878906,40.224205017089844,32.20602798461914,128.10604858398438
2006-04-26,12.846741676330566,40.9622688293457,33.16738510131836,122.13220977783203
2006-04-27,12.414678573608398,39.855167388916016,32.30216979980469,121.96626281738281
2006-04-28,12.789130210876465,39.94743728637695,32.73476791381836,123.62566375732422
2006-05-02,12.789130210876465,39.7629280090332,32.30216979980469,122.79597473144531
2006-05-03,12.789130210876465,39.393882751464844,32.20602798461914,124.95315551757812
2006-05-04,12.8755464553833,42.069366455078125,32.44636917114258,125.78291320800781
2006-05-05,12.933157920837402,42.34611511230469,32.92705154418945,126.7785415649414
2006-05-08,13.01956844329834,42.71516036987305,33.35966873168945,135.5734100341797
2006-05-09,12.8755464553833,42.069366455078125,32.686710357666016,133.74803161621094
2006-05-10,12.270655632019043,42.25386428833008,31.96567726135254,133.91397094726562
2006-05-11,12.097827911376953,42.807411193847656,32.01374053955078,137.56466674804688
2006-05-12,11.867395401000977,41.79258346557617,31.19658088684082,132.75238037109375
2006-05-15,11.694568634033203,40.59323501586914,30.379409790039062,129.43357849121094
2006-05-16,11.723371505737305,39.94743728637695,29.994861602783203,129.5995330810547
2006-05-17,12.155438423156738,40.40871810913086,30.619760513305664,129.10171508789062
2006-05-18,11.747241020202637,40.40871810913086,29.022912979125977,108.75926208496094
2006-05-19,11.861285209655762,40.40871810913086,29.022912979125977,107.32254791259766
2006-05-22,11.406523704528809,39.117122650146484,29.225753784179688,119.47715759277344
2006-05-23,11.579350471496582,37.640995025634766,29.369977951049805,114.830810546875
2006-05-24,11.579350471496582,37.548744201660156,29.321897506713867,119.47715759277344
2006-05-25,11.464133262634277,36.533912658691406,28.745080947875977,117.81775665283203
2006-05-26,11.37771987915039,38.286800384521484,28.600872039794922,116.15833282470703
2006-05-29,11.291019439697266,38.286800384521484,27.954830169677734,101.4320297241211
2006-05-30,11.406523704528809,37.82550811767578,28.93734359741211,117.15399932861328
2006-06-01,11.521740913391113,36.90293502807617,29.514171600341797,122.96192932128906
2006-06-02,11.694568634033203,38.37906265258789,30.042926788330078,124.2894058227539
2006-06-05,11.29130744934082,36.90293502807617,29.03348731994629,119.14527893066406
2006-06-06,11.233698844909668,37.456485748291016,29.225753784179688,124.2894058227539
2006-06-07,11.003263473510742,36.90293502807617,28.8892822265625,116.490234375
2006-06-08,10.830437660217285,35.519081115722656,26.87039566040039,108.52508544921875
2006-06-09,11.060870170593262,35.519081115722656,28.12018394470215,110.51634979248047
2006-06-12,11.003263473510742,35.70359802246094,27.639495849609375,108.85697937011719
2006-06-13,10.513588905334473,35.79584884643555,27.014602661132812,102.21932983398438
2006-06-14,10.686417579650879,36.16488265991211,27.927907943725586,100.39399719238281
2006-06-15,10.657608985900879,37.08744812011719,27.303020477294922,100.22806549072266
2006-06-16,10.801633834838867,37.91776657104492,28.552799224853516,102.21932983398438
2006-06-19,10.7728271484375,37.640995025634766,28.552799224853516,99.39836120605469
2006-06-20,10.513588905334473,35.057796478271484,28.271841049194336,94.9179458618164
2006-06-21,10.657608985900879,35.057796478271484,28.581954956054688,92.92666625976562
2006-06-22,11.003263473510742,36.62617111206055,29.822406768798828,99.39836120605469
2006-06-23,10.7728271484375,36.34939956665039,29.253862380981445,101.38963317871094
2006-06-26,10.888047218322754,36.71842575073242,29.46059799194336,101.55560302734375
2006-06-27,10.945656776428223,36.62617111206055,29.66734504699707,99.56428527832031
2006-06-28,10.85924243927002,35.61133575439453,28.995433807373047,97.24113464355469
2006-06-29,10.945656776428223,35.98036575317383,29.30554962158203,98.23676300048828
2006-06-30,11.176088333129883,36.90293502807617,30.184207916259766,99.56428527832031
2006-07-03,11.176088333129883,36.90293502807617,30.235891342163086,99.06648254394531
2006-07-04,11.176088333129883,37.640995025634766,30.390945434570312,101.72154235839844
2006-07-05,11.032069206237793,36.90293502807617,29.822406768798828,99.89617919921875
2006-07-06,11.032069206237793,36.62617111206055,29.512285232543945,100.22806549072266
2006-07-07,11.060870170593262,36.90293502807617,29.408912658691406,102.05339813232422
2006-07-10,11.176088333129883,37.08744812011719,29.408912658691406,103.04905700683594
2006-07-11,11.060870170593262,36.71842575073242,29.150489807128906,100.55994415283203
2006-07-12,11.003263473510742,36.533912658691406,29.512285232543945,99.89617919921875
2006-07-13,10.715219497680664,35.61133575439453,29.098804473876953,99.39836120605469
2006-07-14,10.427177429199219,34.504249572753906,28.47858428955078,95.58173370361328
2006-07-17,10.139131546020508,33.028133392333984,27.80667495727539,92.09696960449219
2006-07-18,10.19674015045166,33.304908752441406,27.961727142333984,93.42449188232422
2006-07-19,10.340764045715332,33.212646484375,27.80667495727539,92.26293182373047
2006-07-20,10.60000228881836,35.150054931640625,29.047128677368164,95.9135971069336
2006-07-21,10.513588905334473,34.68876647949219,28.375219345092773,94.9179458618164
2006-07-24,10.340764045715332,33.489418029785156,27.34150505065918,94.9179458618164
2006-07-25,10.36956787109375,33.673927307128906,27.80667495727539,96.90924835205078
2006-07-26,10.150527000427246,33.673927307128906,27.719833374023438,82.46736907958984
2006-07-27,10.150527000427246,33.673927307128906,27.873863220214844,85.91552734375
2006-07-28,10.340764045715332,35.426822662353516,28.11678695678711,99.56428527832031
2006-07-31,10.36956787109375,35.79584884643555,28.32352638244629,99.06648254394531
2006-08-01,10.283156394958496,35.334564208984375,28.47858428955078,97.9048843383789
2006-08-02,10.48065185546875,35.70359802246094,28.375219345092773,99.4427261352539
2006-08-03,10.74862289428711,36.16488265991211,28.375219345092773,97.93604278564453
2006-08-04,10.65929889678955,36.16488265991211,28.375219345092773,100.9494400024414
2006-08-07,10.599750518798828,35.79584884643555,28.220151901245117,103.58617401123047
2006-08-08,10.778397560119629,36.16488265991211,28.685321807861328,105.46955871582031
2006-08-09,10.927268981933594,36.71842575073242,28.840383529663086,107.35295867919922
2006-08-10,11.016593933105469,37.82550811767578,29.35723876953125,107.35295867919922
2006-08-11,10.957043647766113,38.102294921875,29.66734504699707,107.16460418701172
2006-08-14,10.957043647766113,39.670658111572266,29.770727157592773,107.54126739501953
2006-08-15,10.98681926727295,39.57841110229492,29.770727157592773,108.67131042480469
2006-08-16,11.19524097442627,39.57841110229492,30.494306564331055,110.74301147460938
2006-08-17,11.433439254760742,43.002925872802734,30.856109619140625,113.00308227539062
2006-08-18,11.34411334991455,42.104679107666016,30.804424285888672,113.37976837158203
2006-08-21,10.957043647766113,40.1959342956543,29.9257755279541,106.78791046142578
2006-08-22,11.046370506286621,40.86960983276367,30.390945434570312,110.36637115478516
2006-08-23,10.957043647766113,40.420494079589844,30.029136657714844,111.11970520019531
2006-08-24,10.927268981933594,40.64504623413086,29.408912658691406,111.30806732177734
2006-08-25,10.867720603942871,40.53277587890625,29.46059799194336,109.23634338378906
2006-08-28,10.71884822845459,39.971378326416016,29.047128677368164,109.23634338378906
2006-08-29,10.74862289428711,40.53277587890625,29.20217514038086,109.23634338378906
2006-08-30,10.927268981933594,41.43100357055664,29.61566734313965,112.81475830078125
2006-08-31,10.71884822845459,41.65556335449219,30.029136657714844,113.00308227539062
2006-09-01,10.778397560119629,42.89064025878906,30.390945434570312,119.02992248535156
2006-09-04,10.897497177124023,45.02393341064453,30.64936637878418,117.30799102783203
2006-09-05,10.837945938110352,44.57482147216797,30.28757095336914,121.10161590576172
2006-09-06,10.778397560119629,44.013423919677734,29.874088287353516,121.10161590576172
2006-09-07,10.74862289428711,43.564308166503906,29.512285232543945,124.30343627929688
2006-09-08,10.74862289428711,44.125709533691406,29.159799575805664,120.17790222167969
2006-09-11,10.71884822845459,44.23798370361328,29.098804473876953,123.17337036132812
2006-09-12,10.569975852966309,43.33975601196289,29.30554962158203,120.913330078125
2006-09-13,10.68907356262207,44.013423919677734,30.184207916259766,119.40660095214844
2006-09-14,10.65929889678955,43.78887176513672,30.184207916259766,116.7698745727539
2006-09-15,10.629522323608398,44.46255111694336,30.34287452697754,119.78325653076172
2006-09-18,10.98681926727295,46.146724700927734,30.959468841552734,123.550048828125
2006-09-19,11.016593933105469,45.697608947753906,31.26959228515625,120.913330078125
2006-09-20,10.98681926727295,46.37129211425781,30.959468841552734,122.04335021972656
2006-09-21,11.046370506286621,45.809898376464844,31.26959228515625,119.9716567993164
2006-09-22,10.98681926727295,46.146724700927734,30.856109619140625,120.15996551513672
2006-09-25,11.076144218444824,46.146724700927734,30.856109619140625,118.65326690673828
2006-09-26,11.046370506286621,45.809898376464844,31.26959228515625,117.52320861816406
2006-09-27,11.19524097442627,45.585330963134766,31.47633934020996,119.78325653076172
2006-09-28,11.135693550109863,45.248504638671875,31.47633934020996,117.33486938476562
2006-09-29,11.046370506286621,45.248504638671875,30.856109619140625,118.2765884399414
2006-10-02,11.105916976928711,46.25901794433594,31.11453628540039,120.15996551513672
2006-10-03,11.165465354919434,46.93268966674805,31.011165618896484,119.9716567993164
2006-10-04,10.957043647766113,46.03445053100586,30.235891342163086,121.6666488647461
2006-10-05,11.165465354919434,47.606353759765625,31.372957229614258,125.62178039550781
2006-10-09,11.165465354919434,47.606353759765625,31.372957229614258,119.63977813720703
2006-10-11,10.927268981933594,46.70812225341797,31.3212833404541,129.20022583007812
2006-10-12,10.837945938110352,46.70812225341797,31.528024673461914,125.99847412109375
2006-10-13,10.957043647766113,47.83091354370117,32.665096282958984,125.24513244628906
2006-10-16,11.284565925598145,48.61687469482422,33.595428466796875,126.94013977050781
2006-10-17,11.225015640258789,48.2800407409668,32.51003646850586,120.913330078125
2006-10-18,11.016593933105469,48.16775131225586,32.04487609863281,117.14653778076172
2006-10-19,10.897497177124023,48.504600524902344,31.528024673461914,116.5815200805664
2006-10-20,10.927268981933594,47.94319534301758,31.94150161743164,117.52320861816406
2006-10-23,10.837945938110352,48.2800407409668,31.63139533996582,120.15996551513672
2006-10-24,10.927268981933594,48.2800407409668,32.56173324584961,122.98503875732422
2006-10-25,10.778397560119629,48.16775131225586,32.19992446899414,122.42002868652344
2006-10-26,10.74862289428711,48.16775131225586,31.62828254699707,118.02544403076172
2006-10-27,10.867720603942871,49.29055404663086,32.30330276489258,123.73841857910156
2006-10-30,10.837945938110352,48.2800407409668,31.372957229614258,122.79669952392578
2006-10-31,11.046370506286621,48.39231872558594,31.528024673461914,122.23165893554688
2006-11-01,10.867720603942871,48.953712463378906,31.11453628540039,122.98503875732422
2006-11-02,10.927268981933594,50.30107116699219,31.42464828491211,122.98503875732422
2006-11-03,10.927268981933594,51.42385482788086,31.5797061920166,123.550048828125
2006-11-06,10.778397560119629,51.87297058105469,31.26959228515625,119.9716567993164
2006-11-07,10.957043647766113,52.6589241027832,31.3212833404541,120.53665161132812
2006-11-08,10.837945938110352,52.54663848876953,31.217910766601562,120.53665161132812
2006-11-09,10.867720603942871,52.54663848876953,31.26959228515625,118.65326690673828
2006-11-10,11.016593933105469,53.220314025878906,31.42464828491211,118.65326690673828
2006-11-13,10.897497177124023,51.64841842651367,31.011165618896484,116.39319610595703
2006-11-14,11.016593933105469,51.08700180053711,31.42464828491211,116.7698745727539
2006-11-15,11.254789352416992,50.862457275390625,31.94150161743164,119.40660095214844
2006-11-16,11.433439254760742,51.08700180053711,32.14824676513672,121.47835540771484
2006-11-17,11.373887062072754,50.52562713623047,32.251617431640625,121.6666488647461
2006-11-20,11.314340591430664,53.89400100708008,32.14824676513672,123.3617172241211
2006-11-21,11.433439254760742,53.1080436706543,32.56173324584961,124.68008422851562
2006-11-22,11.34411334991455,54.2308349609375,32.56173324584961,123.17337036132812
2006-11-23,11.433439254760742,53.78171157836914,32.82014846801758,122.04335021972656
2006-11-24,11.850281715393066,53.1080436706543,32.76846694946289,122.04335021972656
2006-11-27,12.654195785522461,53.669437408447266,33.3886833190918,125.62178039550781
2006-11-28,12.326676368713379,52.77120590209961,33.07857894897461,124.11505889892578
2006-11-29,12.47554874420166,52.77120590209961,33.33700180053711,123.17337036132812
2006-11-30,12.594645500183105,52.88347625732422,33.853843688964844,124.68008422851562
2006-12-01,12.505322456359863,53.220314025878906,34.3707160949707,125.43343353271484
2006-12-04,12.47554874420166,52.32208251953125,34.267337799072266,127.12848663330078
2006-12-05,12.29690170288086,52.32208251953125,34.57744598388672,130.70687866210938
2006-12-06,12.356450080871582,52.88347625732422,35.09429168701172,132.02528381347656
2006-12-07,12.267126083374023,52.88347625732422,34.62912368774414,128.2584991455078
2006-12-08,12.058706283569336,52.88347625732422,34.16395568847656,126.56348419189453
2006-12-11,11.939605712890625,52.6589241027832,34.3707160949707,126.18677520751953
2006-12-12,11.522759437561035,51.64841842651367,33.181949615478516,122.79669952392578
2006-12-13,11.34411334991455,51.31157684326172,33.543739318847656,122.79669952392578
2006-12-14,11.433439254760742,50.750186920166016,33.13026428222656,124.8684310913086
2006-12-15,11.433439254760742,51.19929885864258,33.543739318847656,126.3751220703125
2006-12-18,11.552536010742188,51.985252380371094,34.422401428222656,126.56348419189453
2006-12-19,11.522759437561035,51.760684967041016,33.64711380004883,124.68008422851562
2006-12-20,11.671632766723633,51.760684967041016,33.492069244384766,126.56348419189453
2006-12-21,11.701409339904785,52.32208251953125,33.543739318847656,124.8684310913086
2006-12-22,11.79073429107666,52.32208251953125,33.905548095703125,125.81012725830078
2006-12-25,11.641858100891113,51.42385482788086,33.64711380004883,124.68008422851562
2006-12-26,11.850281715393066,51.42385482788086,34.11227798461914,126.56348419189453
2006-12-27,11.880057334899902,51.42385482788086,34.31901550292969,126.3751220703125
2006-12-28,11.99915599822998,51.87297058105469,34.16395568847656,128.0701904296875
2006-12-29,12.058706283569336,52.20981216430664,34.88755416870117,126.94013977050781
2007-01-02,12.148028373718262,53.33259963989258,34.990928649902344,135.7920684814453
2007-01-03,11.969380378723145,53.557167053222656,35.1459846496582,140.877197265625
2007-01-04,12.058706283569336,54.2308349609375,34.990928649902344,142.7605743408203
2007-01-05,11.909830093383789,52.77120590209961,34.57744598388672,140.50051879882812
2007-01-08,11.731184959411621,52.09752655029297,34.00890350341797,135.22706604003906
2007-01-09,11.79073429107666,52.32208251953125,34.11227798461914,135.03871154785156
2007-01-10,11.522759437561035,52.54663848876953,33.181949615478516,135.9804229736328
2007-01-11,11.522759437561035,52.88347625732422,34.00890350341797,133.72032165527344
2007-01-12,11.969380378723145,53.557167053222656,35.71452713012695,133.72032165527344
2007-01-15,12.058706283569336,56.476417541503906,35.76620864868164,137.48709106445312
2007-01-16,11.969380378723145,55.690460205078125,36.33474349975586,138.24044799804688
2007-01-17,11.909830093383789,56.02729797363281,36.64486312866211,139.74717712402344
2007-01-18,11.850281715393066,56.58869171142578,36.616943359375,143.7022705078125
2007-01-19,11.671632766723633,55.46591567993164,36.07632064819336,142.57228088378906
2007-01-22,11.671632766723633,55.129058837890625,35.66283416748047,143.13729858398438
2007-01-23,11.671632766723633,55.690460205078125,35.55946731567383,140.31219482421875
2007-01-24,12.47554874420166,55.57819366455078,36.43812561035156,142.0072479248047
2007-01-25,12.862619400024414,55.690460205078125,36.69654083251953,141.25389099121094
2007-01-26,12.564872741699219,54.00627517700195,35.1459846496582,139.37049865722656
2007-01-29,12.594645500183105,52.32208251953125,35.45610046386719,136.3571014404297
2007-01-30,12.356450080871582,43.601741790771484,34.97129821777344,138.6171417236328
2007-01-31,12.29690170288086,50.52562713623047,34.83587646484375,135.22706604003906
2007-02-01,12.267126083374023,50.41334915161133,34.62912368774414,135.22706604003906
2007-02-02,12.29690170288086,51.42385482788086,35.04262161254883,135.7920684814453
2007-02-05,12.207572937011719,51.19929885864258,35.04262161254883,135.22706604003906
2007-02-06,12.267126083374023,52.32208251953125,35.61115264892578,136.3571014404297
2007-02-07,12.177803993225098,52.77120590209961,35.55946731567383,140.1238250732422
2007-02-08,12.028929710388184,52.43436813354492,35.35272216796875,140.1238250732422
2007-02-09,12.267126083374023,52.32208251953125,35.1459846496582,137.11044311523438
2007-02-12,12.148028373718262,50.97473907470703,34.62912368774414,133.90867614746094
2007-02-13,11.880057334899902,49.17827224731445,34.00890350341797,133.1553192138672
2007-02-14,11.909830093383789,50.30107116699219,34.784183502197266,136.7337646484375
2007-02-26,11.969380378723145,51.31157684326172,35.61115264892578,138.24044799804688
2007-02-27,12.028929710388184,51.64841842651367,35.817893981933594,132.73382568359375
2007-03-01,11.701409339904785,48.61687469482422,34.47407150268555,135.6037139892578
2007-03-02,11.671632766723633,48.61687469482422,34.354164123535156,133.53195190429688
2007-03-05,11.105916976928711,45.13622283935547,32.553977966308594,122.98503875732422
2007-03-06,11.314340591430664,47.15725326538086,33.64711380004883,125.24513244628906
2007-03-07,11.284565925598145,48.16775131225586,33.853843688964844,125.05677032470703
2007-03-08,11.314340591430664,48.61687469482422,34.060604095458984,129.20022583007812
2007-03-09,11.34411334991455,47.606353759765625,34.3707160949707,128.0701904296875
2007-03-12,11.373887062072754,48.953712463378906,34.732513427734375,127.31681823730469
2007-03-13,11.671632766723633,49.627376556396484,35.71452713012695,133.72032165527344
2007-03-14,11.373887062072754,48.953712463378906,35.09429168701172,131.46026611328125
2007-03-15,11.522759437561035,49.29055404663086,35.66283416748047,135.6037139892578
2007-03-16,11.463210105895996,48.61687469482422,35.66283416748047,133.72032165527344
2007-03-19,11.403661727905273,48.39231872558594,35.66283416748047,133.3436737060547
2007-03-20,11.403661727905273,48.39231872558594,35.76620864868164,133.1553192138672
2007-03-21,11.492986679077148,48.39231872558594,36.02463912963867,136.3571014404297
2007-03-22,11.671632766723633,49.627376556396484,36.28306198120117,140.50051879882812
2007-03-23,11.612086296081543,50.188777923583984,36.179691314697266,141.44219970703125
2007-03-26,11.582311630249023,49.85194778442383,36.179691314697266,140.6888427734375
2007-03-27,11.582311630249023,49.85194778442383,35.76620864868164,141.25389099121094
2007-03-28,11.463210105895996,48.729148864746094,35.30104064941406,137.86378479003906
2007-03-29,11.433439254760742,49.402828216552734,35.507781982421875,141.25389099121094
2007-03-30,11.373887062072754,49.85194778442383,35.09429168701172,143.13729858398438
2007-04-02,11.373887062072754,49.29055404663086,35.24934768676758,141.63055419921875
2007-04-03,11.403661727905273,49.627376556396484,35.1459846496582,145.3973388671875
2007-04-04,11.492986679077148,50.750186920166016,35.817893981933594,145.0206298828125
2007-04-09,11.552536010742188,50.862457275390625,35.66283416748047,145.9623260498047
2007-04-10,11.612086296081543,50.52562713623047,35.40441131591797,147.65737915039062
2007-04-11,11.612086296081543,50.862457275390625,35.817893981933594,148.22238159179688
2007-04-12,11.522759437561035,50.862457275390625,35.40441131591797,149.72909545898438
2007-04-13,11.373887062072754,50.52562713623047,35.30104064941406,146.52732849121094
2007-04-16,11.433439254760742,50.52562713623047,34.88755416870117,146.90403747558594
2007-04-17,11.373887062072754,49.73966979980469,35.1459846496582,144.64398193359375
2007-04-18,11.463210105895996,49.73966979980469,35.45610046386719,147.65737915039062
2007-04-19,11.314340591430664,48.61687469482422,34.83587646484375,143.890625
2007-04-20,11.34411334991455,48.61687469482422,34.88755416870117,146.15066528320312
2007-04-23,11.373887062072754,49.85194778442383,35.45610046386719,150.67079162597656
2007-04-24,11.403661727905273,49.627376556396484,36.07632064819336,154.06089782714844
2007-04-25,11.34411334991455,48.953712463378906,35.817893981933594,154.2492218017578
2007-04-26,11.34411334991455,49.627376556396484,36.12801742553711,152.9308624267578
2007-04-27,11.34411334991455,49.066001892089844,35.66283416748047,152.9308624267578
2007-04-30,11.373887062072754,49.73966979980469,35.507781982421875,157.45098876953125
2007-05-02,11.433439254760742,49.73966979980469,35.1459846496582,162.3477783203125
2007-05-03,11.552536010742188,54.00627517700195,35.35272216796875,162.53610229492188
2007-05-04,11.671632766723633,54.11856460571289,35.71452713012695,173.64805603027344
2007-05-07,11.731184959411621,54.7922248840332,35.40441131591797,177.0382080078125
2007-05-08,11.701409339904785,54.45539474487305,35.1459846496582,178.16822814941406
2007-05-09,11.612086296081543,54.343109130859375,35.1459846496582,171.7646942138672
2007-05-10,11.671632766723633,54.11856460571289,35.40441131591797,177.0382080078125
2007-05-11,11.492986679077148,53.557167053222656,34.88755416870117,177.79153442382812
2007-05-14,11.671632766723633,53.220314025878906,34.732513427734375,188.150146484375
2007-05-15,11.522759437561035,52.43436813354492,34.3707160949707,180.99327087402344
2007-05-16,11.492986679077148,52.99576187133789,34.422401428222656,177.2265167236328
2007-05-17,11.492986679077148,52.6589241027832,34.990928649902344,175.53147888183594
2007-05-18,11.433439254760742,52.6589241027832,35.40441131591797,177.6031951904297
2007-05-21,11.492986679077148,54.2308349609375,35.76620864868164,178.9215545654297
2007-05-22,11.492986679077148,54.904502868652344,35.35272216796875,185.70175170898438
2007-05-23,11.79073429107666,55.353633880615234,35.61115264892578,183.06497192382812
2007-05-24,11.731184959411621,54.904502868652344,35.40441131591797,195.11871337890625
2007-05-25,11.612086296081543,54.343109130859375,34.83587646484375,198.50885009765625
2007-05-28,11.641858100891113,54.343109130859375,34.939239501953125,192.85862731933594
2007-05-29,11.552536010742188,54.343109130859375,35.45610046386719,195.11871337890625
2007-05-30,11.552536010742188,54.00627517700195,35.1459846496582,195.495361328125
2007-05-31,11.433439254760742,52.43436813354492,35.24934768676758,197.0020751953125
2007-06-01,11.612086296081543,54.45539474487305,35.55946731567383,200.01548767089844
2007-06-04,11.820508003234863,55.24135208129883,35.71452713012695,201.52215576171875
2007-06-05,11.850281715393066,57.03780746459961,35.66283416748047,195.87208557128906
2007-06-06,11.909830093383789,57.48691940307617,35.61115264892578,195.11871337890625
2007-06-07,11.880057334899902,57.9360466003418,35.66283416748047,197.7554168701172
2007-06-08,11.731184959411621,57.03780746459961,35.5150260925293,195.11871337890625
2007-06-11,11.909830093383789,57.37464904785156,35.62363052368164,196.24871826171875
2007-06-12,11.79073429107666,59.05884552001953,35.189186096191406,190.22189331054688
2007-06-13,11.701409339904785,58.946563720703125,34.80907440185547,184.57171630859375
2007-06-14,11.909830093383789,61.641265869140625,35.29779815673828,190.59852600097656
2007-06-15,11.820508003234863,63.10088348388672,35.67793655395508,197.7554168701172
2007-06-20,12.08847713470459,64.67279052734375,37.08984375,193.23529052734375
2007-06-21,11.99915599822998,67.36750030517578,37.57859420776367,186.6434783935547
2007-06-22,11.939605712890625,64.89734649658203,37.4699821472168,190.22189331054688
2007-06-25,11.909830093383789,64.67279052734375,38.23023986816406,183.6748504638672
2007-06-26,11.820508003234863,63.437721252441406,37.52427673339844,191.7286376953125
2007-06-27,11.820508003234863,63.550010681152344,37.74150085449219,190.22189331054688
2007-06-28,11.909830093383789,64.22368621826172,38.23023986816406,190.59852600097656
2007-06-29,11.820508003234863,63.77456283569336,38.50175476074219,192.85862731933594
2007-07-02,11.909830093383789,64.67279052734375,38.55606460571289,193.23529052734375
2007-07-03,11.880057334899902,64.89734649658203,38.664676666259766,194.74200439453125
2007-07-04,11.939605712890625,65.68330383300781,39.04480743408203,206.79562377929688
2007-07-05,11.99915599822998,66.24470520019531,38.773277282714844,216.96592712402344
2007-07-06,12.47554874420166,66.24470520019531,38.2845458984375,222.99278259277344
2007-07-09,12.505322456359863,67.1429443359375,39.09910583496094,234.29307556152344
2007-07-10,12.782533645629883,55.952449798583984,39.09910583496094,220.98387145996094
2007-07-11,12.536124229431152,65.9078598022461,39.316322326660156,225.2528533935547
2007-07-12,12.474523544311523,65.12191009521484,38.93619918823242,216.96592712402344
2007-07-13,12.536124229431152,66.24470520019531,39.64215087890625,221.8627471923828
2007-07-16,12.351317405700684,63.550010681152344,39.37063217163086,213.1991424560547
2007-07-17,12.320516586303711,63.77456283569336,39.47923278808594,220.3560028076172
2007-07-18,12.228109359741211,63.77456283569336,38.55606460571289,216.5892333984375
2007-07-19,12.320516586303711,62.090362548828125,38.01301956176758,225.6295166015625
2007-07-20,12.351317405700684,54.08111572265625,37.68719482421875,230.90296936035156
2007-07-23,12.166510581970215,64.22368621826172,37.30706787109375,233.1630401611328
2007-07-24,12.320516586303711,66.02013397216797,38.71898651123047,236.5531768798828
2007-07-25,12.166510581970215,64.4482421875,37.795799255371094,242.42568969726562
2007-07-26,12.012504577636719,62.988609313964844,37.03555679321289,235.9501953125
2007-07-27,11.304071426391602,59.17111587524414,34.75476837158203,226.23703002929688
2007-07-30,11.273272514343262,59.05884552001953,35.29779815673828,224.61810302734375
2007-07-31,11.273272514343262,61.079856872558594,35.29779815673828,239.9973907470703
2007-08-01,10.903655052185059,57.48691940307617,33.288543701171875,230.28416442871094
2007-08-02,11.211668014526367,60.18161392211914,34.646148681640625,238.78326416015625
2007-08-03,11.211668014526367,61.52897644042969,34.700462341308594,242.8303985595703
2007-08-06,10.996058464050293,61.75354766845703,33.994503021240234,232.71241760253906
2007-08-07,11.026862144470215,60.069339752197266,33.288543701171875,222.5945587158203
2007-08-08,11.304071426391602,61.641265869140625,34.10310363769531,234.73602294921875
2007-08-09,11.673688888549805,62.76405334472656,34.646148681640625,231.9029998779297
2007-08-10,11.304071426391602,60.29391098022461,33.397151947021484,221.7850799560547
2007-08-13,11.396476745605469,60.967586517333984,33.668678283691406,214.50015258789062
2007-08-14,11.273272514343262,61.079856872558594,33.61437225341797,207.2152557373047
2007-08-15,11.026862144470215,58.83428192138672,33.12563705444336,196.69261169433594
2007-08-16,10.81125259399414,54.904502868652344,32.093849182128906,197.50209045410156
2007-08-17,10.564841270446777,55.24135208129883,32.0395393371582,201.95394897460938
2007-08-20,11.057661056518555,59.05884552001953,33.77728271484375,205.19174194335938
2007-08-21,10.903655052185059,61.19214630126953,33.61437225341797,197.29969787597656
2007-08-22,10.93445873260498,59.95706558227539,33.07134246826172,204.3822479248047
2007-08-23,11.273272514343262,62.651771545410156,34.10310363769531,214.50015258789062
2007-08-24,11.273272514343262,63.437721252441406,33.45145797729492,212.8813018798828
2007-08-27,11.242470741271973,65.50312042236328,33.45145797729492,214.50015258789062
2007-08-28,11.242470741271973,66.728759765625,33.34284210205078,218.54736328125
2007-08-29,10.965258598327637,67.00112915039062,32.69118881225586,217.73797607421875
2007-08-30,11.211668014526367,67.27349853515625,32.85411071777344,226.23703002929688
2007-08-31,11.396476745605469,66.728759765625,34.04880142211914,226.64169311523438
2007-09-03,11.334874153137207,65.63931274414062,33.994503021240234,225.0229034423828
2007-09-04,11.334874153137207,65.36695098876953,33.45145797729492,228.26060485839844
2007-09-05,11.334874153137207,65.23078918457031,33.560062408447266,233.1171875
2007-09-06,11.304071426391602,64.41368865966797,33.77728271484375,242.8303985595703
2007-09-07,11.396476745605469,64.95841217041016,33.668678283691406,238.78326416015625
2007-09-10,11.273272514343262,64.27749633789062,33.2342414855957,242.8303985595703
2007-09-11,11.334874153137207,66.04786682128906,33.288543701171875,242.8303985595703
2007-09-12,11.396476745605469,65.36695098876953,33.397151947021484,238.78326416015625
2007-09-13,11.304071426391602,64.41368865966797,32.908416748046875,239.18795776367188
2007-09-14,11.642887115478516,64.41368865966797,33.560062408447266,241.2115478515625
2007-09-17,11.550482749938965,62.643341064453125,33.017032623291016,230.6889190673828
2007-09-18,11.550482749938965,62.643341064453125,33.017032623291016,230.6889190673828
2007-09-19,11.827693939208984,62.91570281982422,33.34284210205078,226.64169311523438
2007-09-20,11.827693939208984,64.82223510742188,33.12563705444336,223.8086395263672
2007-09-21,11.827693939208984,65.09457397460938,33.397151947021484,231.9029998779297
2007-09-26,11.827693939208984,65.09457397460938,33.397151947021484,234.73602294921875
2007-09-27,11.827693939208984,66.728759765625,34.53755569458008,237.9738006591797
2007-09-28,11.827693939208984,67.00112915039062,34.53755569458008,237.9738006591797
2007-10-01,11.827693939208984,66.18404388427734,34.700462341308594,239.18795776367188
2007-10-02,11.827693939208984,68.09058380126953,35.243499755859375,246.87754821777344
2007-10-03,11.827693939208984,69.18004608154297,35.29779815673828,250.9248046875
2007-10-04,11.827693939208984,69.0438232421875,34.863372802734375,244.4492645263672
2007-10-05,11.827693939208984,68.09058380126953,35.080589294433594,235.14073181152344
2007-10-08,11.827693939208984,69.18004608154297,35.29779815673828,238.78326416015625
2007-10-09,10.071122169494629,68.77147674560547,35.189186096191406,240.4021453857422
2007-10-11,9.620179176330566,68.90767669677734,34.37464141845703,242.42568969726562
2007-10-12,9.147758483886719,67.27349853515625,33.288543701171875,230.6889190673828
2007-10-15,9.040390968322754,66.4563980102539,34.15740966796875,232.3077392578125
2007-10-16,9.190704345703125,67.1373062133789,33.88589859008789,244.0445556640625
2007-10-17,9.147758483886719,66.728759765625,33.668678283691406,247.68699645996094
2007-10-18,9.190704345703125,66.86495208740234,34.15740966796875,247.68699645996094
2007-10-19,9.10481071472168,66.18404388427734,33.668678283691406,245.66339111328125
2007-10-22,8.761232376098633,64.27749633789062,32.908416748046875,238.78326416015625
2007-10-23,8.825652122497559,66.18404388427734,33.397151947021484,250.9248046875
2007-10-24,8.761232376098633,66.18404388427734,33.017032623291016,247.68699645996094
2007-10-25,8.825652122497559,67.40968322753906,33.179931640625,259.01910400390625
2007-10-26,9.018916130065918,66.728759765625,33.45145797729492,258.2096252441406
2007-10-29,9.383967399597168,68.09058380126953,34.700462341308594,258.2096252441406
2007-10-30,9.190704345703125,68.3629379272461,34.211727142333984,259.01910400390625
2007-10-31,9.126285552978516,67.00112915039062,34.646148681640625,256.18603515625
2007-11-01,8.761232376098633,65.09457397460938,34.863372802734375,257.8049621582031
2007-11-02,8.482077598571777,61.281524658203125,33.45145797729492,239.9973907470703
2007-11-05,8.439130783081055,64.00514221191406,33.94020462036133,223.40396118164062
2007-11-06,8.460602760314941,62.643341064453125,33.994503021240234,211.26242065429688
2007-11-07,8.460602760314941,62.09861373901367,34.211727142333984,210.85775756835938
2007-11-08,8.310288429260254,58.9664421081543,33.61437225341797,205.19174194335938
2007-11-09,8.267340660095215,59.10262680053711,33.83158493041992,202.35865783691406
2007-11-12,8.095550537109375,55.83428955078125,33.45145797729492,202.7633514404297
2007-11-13,8.117026329040527,55.289554595947266,33.505767822265625,202.7633514404297
2007-11-14,8.33176040649414,57.196083068847656,33.397151947021484,213.28602600097656
2007-11-15,8.310288429260254,56.65135192871094,33.07134246826172,205.59640502929688
2007-11-16,8.245866775512695,55.15337371826172,32.85411071777344,202.35865783691406
2007-11-19,8.804180145263672,54.06392288208008,32.85411071777344,200.7397918701172
2007-11-20,8.804180145263672,53.927734375,32.85411071777344,202.35865783691406
2007-11-21,8.675337791442871,53.927734375,31.822330474853516,192.24072265625
2007-11-22,8.546496391296387,54.472469329833984,32.52829360961914,182.5275421142578
2007-11-23,8.460602760314941,53.246829986572266,32.36537551879883,176.86146545410156
2007-11-26,8.567971229553223,55.01718521118164,33.179931640625,182.93223571777344
2007-11-27,8.224390983581543,53.655372619628906,32.093849182128906,178.68270874023438
2007-11-28,8.138497352600098,54.74482727050781,31.76803970336914,174.43321228027344
2007-11-29,8.224390983581543,56.10663604736328,32.58259201049805,163.91050720214844
2007-11-30,8.288814544677734,56.10663604736328,32.908416748046875,169.9812774658203
2007-12-03,8.288814544677734,54.472469329833984,32.47397994995117,172.40960693359375
2007-12-04,8.288814544677734,55.289554595947266,32.74550247192383,174.02842712402344
2007-12-05,8.202919960021973,56.10663604736328,33.07134246826172,178.07565307617188
2007-12-06,8.35323715209961,55.970455169677734,33.61437225341797,173.01663208007812
2007-12-07,8.37470817565918,55.561920166015625,33.994503021240234,173.42135620117188
2007-12-10,8.35323715209961,54.472469329833984,33.179931640625,171.80250549316406
2007-12-11,8.503549575805664,54.33627700805664,34.04880142211914,166.74351501464844
2007-12-12,8.267340660095215,53.11064910888672,33.288543701171875,159.86337280273438
2007-12-13,8.138497352600098,49.433753967285156,32.96272659301758,155.816162109375
2007-12-14,8.224390983581543,48.208133697509766,32.47397994995117,149.94778442382812
2007-12-17,8.288814544677734,46.57396697998047,32.311065673828125,149.7454071044922
2007-12-18,8.245866775512695,48.48048400878906,31.930944442749023,153.79261779785156
2007-12-19,8.245866775512695,51.47647476196289,32.148162841796875,163.10105895996094
2007-12-20,8.310288429260254,51.067935943603516,32.0395393371582,158.24447631835938
2007-12-21,8.3961820602417,52.15738296508789,32.0395393371582,163.50582885742188
2007-12-24,8.546496391296387,54.472469329833984,32.148162841796875,173.21897888183594
2007-12-25,8.3961820602417,53.655372619628906,32.36537551879883,171.19541931152344
2007-12-26,8.525023460388184,53.38301467895508,32.311065673828125,159.2562255859375
2007-12-27,8.567971229553223,54.472469329833984,33.505767822265625,162.0892791748047
2007-12-28,8.632390022277832,54.608638763427734,32.85411071777344,162.8987579345703
2007-12-31,8.653864860534668,53.38301467895508,32.311065673828125,170.38601684570312
2008-01-02,8.417654991149902,52.9744758605957,32.85411071777344,165.93408203125
2008-01-03,8.310288429260254,50.93174743652344,32.25676345825195,157.8397674560547
2008-01-04,8.224390983581543,49.84231185913086,32.58259201049805,148.53126525878906
2008-01-07,7.837867736816406,46.71013259887695,30.301803588867188,138.2109832763672
2008-01-08,7.687552452087402,46.30158996582031,30.410409927368164,130.92605590820312
2008-01-09,7.837867736816406,48.208133697509766,30.953458786010742,136.59207153320312
2008-01-10,7.816395282745361,48.208133697509766,30.247509002685547,138.8180389404297
2008-01-11,7.988183975219727,48.208133697509766,29.86737060546875,140.84164428710938
2008-01-14,8.15997314453125,48.61667251586914,29.81306266784668,135.37796020507812
2008-01-15,8.288814544677734,49.569942474365234,31.2249755859375,136.3897247314453
2008-01-16,7.923762321472168,46.8463134765625,30.084596633911133,129.9142608642578
2008-01-17,7.988183975219727,47.11868667602539,29.704465866088867,131.12841796875
2008-01-18,7.902288436889648,47.5272216796875,29.650150299072266,131.93785095214844
2008-01-21,7.794920444488525,46.71013259887695,28.944194793701172,133.15196228027344
2008-01-22,7.429869174957275,43.441795349121094,26.934940338134766,123.84349822998047
2008-01-23,7.343975067138672,43.8503303527832,27.6951961517334,118.98690032958984
2008-01-24,7.472816467285156,43.16942596435547,29.161415100097656,119.79634094238281
2008-01-25,7.558711528778076,45.34832763671875,30.138900756835938,128.093017578125
2008-01-28,7.408395290374756,43.577972412109375,29.432947158813477,135.1755828857422
2008-01-29,7.644604682922363,44.25887680053711,30.953458786010742,135.9850311279297
2008-01-30,7.644604682922363,44.395050048828125,31.387897491455078,136.3897247314453
2008-01-31,7.451344013214111,46.16541290283203,32.52829360961914,126.87889099121094
2008-02-01,7.429869174957275,46.8463134765625,33.34284210205078,119.79634094238281
2008-02-12,7.279553413391113,45.21214294433594,32.58259201049805,111.49962615966797
2008-02-13,7.365447998046875,44.53125,32.52829360961914,115.3444595336914
2008-02-14,7.816395282745361,47.5272216796875,33.668678283691406,123.23641967773438
2008-02-15,7.709026336669922,47.5272216796875,33.397151947021484,131.73550415039062
2008-02-18,7.730499744415283,47.39104080200195,32.58259201049805,135.9850311279297
2008-02-19,7.902288436889648,47.79957580566406,33.397151947021484,135.1755828857422
2008-02-20,7.730499744415283,48.208133697509766,33.179931640625,133.15196228027344
2008-02-21,7.8593430519104,49.433753967285156,33.61437225341797,139.6274871826172
2008-02-22,7.773447036743164,49.84231185913086,33.07134246826172,139.42514038085938
2008-02-25,7.730499744415283,51.88502883911133,33.2342414855957,138.0085906982422
2008-02-26,7.837867736816406,51.340301513671875,33.88589859008789,139.6274871826172
2008-02-27,8.0311279296875,52.2935676574707,34.53755569458008,144.0793914794922
2008-02-29,7.880815029144287,51.2041130065918,33.45145797729492,144.0793914794922
2008-03-03,7.7519731521606445,48.75285339355469,32.96272659301758,137.4015655517578
2008-03-04,7.7519731521606445,49.297576904296875,34.15740966796875,144.8887939453125
2008-03-05,7.666079998016357,48.61667251586914,34.37464141845703,142.86521911621094
2008-03-06,7.8593430519104,51.88502883911133,35.243499755859375,152.17369079589844
2008-03-07,7.730499744415283,51.47647476196289,34.75476837158203,152.983154296875
2008-03-10,7.580185413360596,49.16140365600586,33.2342414855957,148.93597412109375
2008-03-11,7.494288921356201,48.88903045654297,33.88589859008789,153.38784790039062
2008-03-12,7.623130798339844,49.16140365600586,34.646148681640625,153.79261779785156
2008-03-13,7.494288921356201,48.07194137573242,33.668678283691406,149.13832092285156
2008-03-14,7.408395290374756,47.5272216796875,33.179931640625,149.34068298339844
2008-03-17,7.215133190155029,45.4845085144043,32.52829360961914,141.65106201171875
2008-03-18,7.451344013214111,45.756874084472656,32.52829360961914,144.8887939453125
2008-03-19,7.666079998016357,46.71013259887695,33.72298812866211,151.36427307128906
2008-03-20,7.644604682922363,46.71013259887695,33.994503021240234,153.38784790039062
2008-03-21,7.880815029144287,47.93576431274414,35.189186096191406,160.6728057861328
2008-03-24,8.181445121765137,50.5232048034668,36.601104736328125,164.71994018554688
2008-03-25,8.224390983581543,50.93174743652344,36.49250411987305,165.93408203125
2008-03-26,8.245866775512695,50.79558181762695,36.38389205932617,159.86337280273438
2008-03-27,8.15997314453125,48.75285339355469,34.646148681640625,162.69638061523438
2008-03-28,8.095550537109375,47.5272216796875,33.83158493041992,163.50582885742188
2008-03-31,8.0311279296875,47.39104080200195,34.266021728515625,161.88694763183594
2008-04-01,7.966711044311523,46.43777084350586,33.560062408447266,161.88694763183594
2008-04-02,8.245866775512695,47.39104080200195,34.75476837158203,168.76712036132812
2008-04-03,8.15997314453125,48.34429931640625,34.97198486328125,167.1482391357422
2008-04-07,8.181445121765137,49.706119537353516,35.29779815673828,162.8987579345703
2008-04-08,7.945234775543213,49.433753967285156,34.97198486328125,164.92230224609375
2008-04-09,7.837867736816406,49.02522659301758,34.266021728515625,164.31521606445312
2008-04-10,7.966711044311523,50.2508544921875,35.026283264160156,166.74351501464844
2008-04-11,7.880815029144287,51.2041130065918,34.80907440185547,167.95767211914062
2008-04-14,7.880815029144287,50.38702392578125,34.211727142333984,168.36239624023438
2008-04-15,7.880815029144287,49.978485107421875,34.211727142333984,175.4449462890625
2008-04-16,8.138497352600098,50.2508544921875,35.406410217285156,170.1836395263672
2008-04-17,8.267340660095215,51.88502883911133,36.438201904296875,159.86337280273438
2008-04-18,8.138497352600098,50.65938949584961,36.2752799987793,150.55482482910156
2008-04-21,8.15997314453125,51.74884033203125,36.601104736328125,156.62559509277344
2008-04-22,8.074077606201172,51.2041130065918,36.54680633544922,158.24447631835938
2008-04-23,8.074077606201172,49.297576904296875,35.080589294433594,160.6728057861328
2008-04-24,8.0311279296875,47.79957580566406,34.700462341308594,157.8397674560547
2008-04-25,8.15997314453125,47.93576431274414,35.1348991394043,158.24447631835938
2008-04-28,8.245866775512695,49.02522659301758,36.11236572265625,161.0774688720703
2008-04-29,8.00965690612793,47.93576431274414,35.1348991394043,161.88694763183594
2008-04-30,7.988183975219727,48.07194137573242,36.220985412597656,159.86337280273438
2008-05-02,8.138497352600098,46.02922821044922,36.92694091796875,168.969482421875
2008-05-05,8.074077606201172,44.395050048828125,36.49250411987305,166.74351501464844
2008-05-06,8.138497352600098,44.93978500366211,36.92694091796875,166.74351501464844
2008-05-07,8.095550537109375,45.34832763671875,37.03555679321289,168.5647735595703
2008-05-08,7.988183975219727,44.93978500366211,36.65541076660156,167.75534057617188
2008-05-09,8.0311279296875,44.80360794067383,36.00375747680664,162.29164123535156
2008-05-12,8.138497352600098,44.93978500366211,36.709716796875,161.0774688720703
2008-05-13,8.202919960021973,46.30158996582031,37.415687561035156,165.93408203125
2008-05-14,8.138497352600098,48.34429931640625,37.25275802612305,164.71994018554688
2008-05-15,8.245866775512695,49.297576904296875,37.25275802612305,167.1482391357422
2008-05-16,8.567971229553223,49.569942474365234,37.57859420776367,168.76712036132812
2008-05-19,8.71828556060791,49.978485107421875,37.68719482421875,169.17184448242188
2008-05-20,8.417654991149902,48.208133697509766,37.03555679321289,165.93408203125
2008-05-21,8.224390983581543,47.66341018676758,36.54680633544922,165.1246337890625
2008-05-22,8.138497352600098,48.88903045654297,36.329586029052734,162.8987579345703
2008-05-23,8.074077606201172,47.66341018676758,35.569332122802734,153.79261779785156
2008-05-26,7.945234775543213,47.11868667602539,35.569332122802734,149.13832092285156
2008-05-27,7.988183975219727,47.39104080200195,35.73223876953125,155.0067138671875
2008-05-28,7.945234775543213,46.43777084350586,36.38389205932617,151.9713592529297
2008-05-29,7.945234775543213,46.57396697998047,36.438201904296875,153.79261779785156
2008-05-30,8.117026329040527,46.8463134765625,35.62363052368164,153.79261779785156
2008-06-02,8.117026329040527,49.02522659301758,36.709716796875,148.93597412109375
2008-06-03,7.880815029144287,48.34429931640625,35.8951530456543,146.1029815673828
2008-06-04,7.880815029144287,49.16140365600586,36.438201904296875,147.72183227539062
2008-06-05,7.923762321472168,49.569942474365234,36.81832504272461,149.7454071044922
2008-06-06,7.988183975219727,49.297576904296875,37.1441535949707,150.9595947265625
2008-06-09,7.773447036743164,47.79957580566406,35.46072006225586,149.7454071044922
2008-06-10,7.666079998016357,47.11868667602539,34.700462341308594,145.69822692871094
2008-06-11,7.601658344268799,47.79957580566406,35.78654479980469,142.662841796875
2008-06-12,7.301026821136475,46.8463134765625,35.189186096191406,133.15196228027344
2008-06-13,7.301026821136475,46.8463134765625,35.189186096191406,131.93785095214844
2008-06-16,7.301026821136475,46.57396697998047,35.78654479980469,129.9142608642578
2008-06-17,7.301026821136475,46.71013259887695,35.406410217285156,137.19915771484375
2008-06-18,7.301026821136475,46.30158996582031,35.569332122802734,138.0085906982422
2008-06-19,7.172184944152832,45.4845085144043,34.91767120361328,133.96142578125
2008-06-20,7.193658351898193,44.93978500366211,34.59185028076172,134.97325134277344
2008-06-23,7.172184944152832,43.98651123046875,34.80907440185547,135.78268432617188
2008-06-24,7.150712490081787,43.16942596435547,34.863372802734375,129.1048126220703
2008-06-25,7.279553413391113,43.714149475097656,35.949459075927734,134.77084350585938
2008-06-26,7.193658351898193,43.577972412109375,35.29779815673828,139.829833984375
2008-06-27,6.935977458953857,41.126708984375,34.75476837158203,140.23455810546875
2008-06-30,6.9145026206970215,40.71816635131836,35.29779815673828,141.65106201171875
2008-07-01,6.935977458953857,40.44580078125,34.863372802734375,136.79446411132812
2008-07-02,6.871554374694824,40.44580078125,33.560062408447266,130.31898498535156
2008-07-03,6.785661697387695,41.67144012451172,31.930944442749023,133.7590789794922
2008-07-04,6.678292274475098,40.30962371826172,32.0395393371582,130.72369384765625
2008-07-07,6.721238613128662,40.58197784423828,32.63689422607422,128.90248107910156
2008-07-08,6.3561882972717285,39.76490020751953,31.985246658325195,120.2010726928711
2008-07-09,6.463556289672852,37.72218322753906,32.311065673828125,123.0340576171875
2008-07-10,6.570925235748291,36.905094146728516,32.311065673828125,122.02227783203125
2008-07-11,6.871554374694824,37.858367919921875,33.88589859008789,124.24822998046875
2008-07-14,6.69976806640625,38.1307258605957,32.908416748046875,124.24822998046875
2008-07-15,6.399135112762451,36.905094146728516,31.27928352355957,116.55859375
2008-07-16,6.463556289672852,37.0412712097168,30.990610122680664,117.64192199707031
2008-07-17,6.721238613128662,39.492530822753906,33.12193298339844,125.73251342773438
2008-07-18,6.570925235748291,39.08399200439453,33.409942626953125,132.94847106933594
2008-07-21,6.807135105133057,41.126708984375,34.446807861328125,141.47637939453125
2008-07-22,6.656818389892578,40.58197784423828,33.35233688354492,142.1324005126953
2008-07-23,6.742713451385498,40.99053192138672,33.17953872680664,142.56971740722656
2008-07-24,6.742713451385498,41.53525924682617,33.92839050292969,143.00706481933594
2008-07-25,6.4850311279296875,41.126708984375,33.29475021362305,141.9137725830078
2008-07-28,6.4850311279296875,41.126708984375,33.29475021362305,142.19754028320312
2008-07-29,6.098505020141602,39.08399200439453,31.68185043334961,139.94577026367188
2008-07-30,6.162926197052002,40.30962371826172,32.83392333984375,139.28976440429688
2008-07-31,6.141453742980957,40.71816635131836,32.37308883666992,139.94577026367188
2008-08-01,6.012612819671631,41.126708984375,32.257877349853516,142.1324005126953
2008-08-04,5.926716327667236,40.99053192138672,32.08506774902344,141.03909301757812
2008-08-05,5.669033527374268,40.30962371826172,31.912260055541992,143.00706481933594
2008-08-06,5.926716327667236,41.94379425048828,33.87077331542969,151.75367736816406
2008-08-07,6.119978904724121,41.94379425048828,34.27399826049805,152.49534606933594
2008-08-08,6.451004505157471,44.395050048828125,34.85002517700195,157.43893432617188
2008-08-11,6.2855939865112305,47.39104080200195,34.90764236450195,161.81227111816406
2008-08-12,6.2855939865112305,47.66341018676758,35.253265380859375,163.99891662597656
2008-08-13,6.2855939865112305,47.93576431274414,35.253265380859375,161.1562957763672
2008-08-14,6.380114555358887,48.208133697509766,34.85002517700195,159.62564086914062
2008-08-15,6.309225082397461,45.756874084472656,34.90764236450195,155.68963623046875
2008-08-18,6.167443752288818,43.577972412109375,34.61961364746094,153.94032287597656
2008-08-19,6.072923183441162,43.305606842041016,34.5620231628418,154.81497192382812
2008-08-20,6.167443752288818,44.66740798950195,34.5620231628418,158.09494018554688
2008-08-21,6.072923183441162,44.12268829345703,34.21639633178711,154.81497192382812
2008-08-22,6.096554756164551,43.441795349121094,34.677223205566406,156.56431579589844
2008-08-25,6.1438140869140625,44.93978500366211,34.85002517700195,159.62564086914062
2008-08-26,6.120183944702148,45.34832763671875,34.5620231628418,158.09494018554688
2008-08-27,6.2855939865112305,46.57396697998047,34.79243469238281,165.3109130859375
2008-08-28,6.261964321136475,44.25887680053711,34.61961364746094,162.2495880126953
2008-08-29,6.2855939865112305,43.577972412109375,33.92839050292969,160.2816162109375
2008-09-01,6.167443752288818,40.58197784423828,32.6035041809082,153.94032287597656
2008-09-02,6.072923183441162,38.4030876159668,31.278627395629883,153.2843780517578
2008-09-03,6.0492939949035645,38.539268493652344,31.68185043334961,148.69236755371094
2008-09-04,5.9075140953063965,38.539268493652344,30.760202407836914,148.69236755371094
2008-09-05,5.671213150024414,38.947818756103516,30.5297794342041,149.1296844482422
2008-09-08,6.0492939949035645,41.67144012451172,32.66110610961914,158.3136444091797
2008-09-09,5.9075140953063965,40.173439025878906,31.278627395629883,150.87901306152344
2008-09-10,5.789364337921143,39.90108108520508,30.933006286621094,153.065673828125
2008-09-11,5.434913158416748,39.22016906738281,30.126562118530273,146.72438049316406
2008-09-12,5.316761493682861,39.90108108520508,30.356971740722656,146.06838989257812
2008-09-15,5.009571552276611,37.44981384277344,29.78093910217285,140.60174560546875
2008-09-16,4.773271083831787,36.34302520751953,29.377723693847656,137.97776794433594
2008-09-17,4.820530414581299,37.783935546875,30.472177505493164,141.25775146484375
2008-09-18,4.527518272399902,37.62383270263672,29.95374298095703,142.35108947753906
2008-09-19,4.8441619873046875,40.18545913696289,32.027469635009766,152.19100952148438
2008-09-22,5.033201217651367,41.466278076171875,32.142669677734375,152.19100952148438
2008-09-23,5.033201217651367,42.26677703857422,31.68185043334961,153.2843780517578
2008-09-24,5.245871067047119,41.14607238769531,30.702590942382812,152.19100952148438
2008-09-25,5.22224235534668,39.54506301879883,30.5297794342041,153.2843780517578
2008-09-26,5.198612213134766,38.424339294433594,30.760202407836914,147.8177032470703
2008-09-29,5.198612213134766,38.424339294433594,30.760202407836914,148.11331176757812
2008-09-30,4.8441619873046875,35.86272430419922,30.241758346557617,142.1324005126953
2008-10-01,4.8441619873046875,35.86272430419922,30.241758346557617,142.1324005126953
2008-10-02,4.773271083831787,33.621299743652344,29.608129501342773,135.5724639892578
2008-10-03,4.726010322570801,33.621299743652344,29.608129501342773,139.72706604003906
2008-10-06,4.726010322570801,31.70008087158203,28.225645065307617,130.10581970214844
2008-10-07,5.033201217651367,31.732097625732422,28.628868103027344,130.7617950439453
2008-10-08,4.68347692489624,29.522703170776367,26.64155387878418,122.01519012451172
2008-10-09,4.726010322570801,29.522703170776367,26.555158615112305,123.32720947265625
2008-10-13,4.607860088348389,29.1064395904541,26.871976852416992,120.92188262939453
2008-10-14,4.915050506591797,31.12371826171875,28.744081497192383,129.2311553955078
2008-10-15,4.962311267852783,30.13109588623047,27.764820098876953,133.82313537597656
2008-10-16,4.796899795532227,29.1064395904541,26.814369201660156,129.2311553955078
2008-10-17,4.631491661071777,28.722196578979492,25.892715454101562,129.2311553955078
2008-10-20,4.536970615386963,27.857646942138672,25.460689544677734,133.16712951660156
2008-10-21,4.395190715789795,26.897035598754883,25.40308380126953,134.4791259765625
2008-10-22,4.24395751953125,25.968456268310547,24.539031982421875,133.38580322265625
2008-10-23,4.097452163696289,25.071887969970703,23.70379638671875,131.1991424560547
2008-10-24,3.9556710720062256,24.207340240478516,22.897340774536133,126.60719299316406
2008-10-27,3.6815624237060547,22.54228401184082,22.062091827392578,117.86058807373047
2008-10-28,3.535055160522461,23.278745651245117,22.868534088134766,120.2658920288086
2008-10-29,3.7808077335357666,23.05461311340332,24.193410873413086,121.57786560058594
2008-10-30,4.045465469360352,24.655624389648438,25.863910675048828,129.0124969482422
2008-10-31,4.324300289154053,25.616233825683594,27.649606704711914,129.4498291015625
2008-11-03,4.470806121826172,25.616233825683594,27.073577880859375,129.4498291015625
2008-11-04,4.253410339355469,24.687641143798828,27.649606704711914,126.38851928710938
2008-11-05,4.206149101257324,24.303401947021484,27.649606704711914,122.4525375366211
2008-11-06,3.9131367206573486,22.606325149536133,25.719900131225586,113.92459869384766
2008-11-07,3.7808077335357666,22.86248779296875,25.057462692260742,108.89527893066406
2008-11-10,3.9462199211120605,21.54965591430664,24.884647369384766,109.55130767822266
2008-11-11,3.9462199211120605,21.613697052001953,24.827045440673828,103.6473388671875
2008-11-12,3.828068494796753,21.613697052001953,24.999860763549805,104.08467102050781
2008-11-13,3.691013813018799,20.108741760253906,23.329360961914062,96.86870574951172
2008-11-14,3.9462199211120605,19.212169647216797,24.02060890197754,96.6500244140625
2008-11-17,3.8233420848846436,19.532377243041992,23.502174377441406,95.55670928955078
2008-11-18,3.6153981685638428,18.187522888183594,22.177289962768555,88.99676513671875
2008-11-19,3.59649395942688,18.571767807006836,21.889280319213867,88.77809143066406
2008-11-20,3.346015453338623,17.290956497192383,21.198040008544922,82.65545654296875
2008-11-21,3.440535545349121,18.4757080078125,22.177289962768555,87.90343475341797
2008-11-24,3.3082075119018555,18.28358268737793,21.486059188842773,83.74878692626953
2008-11-25,3.5397818088531494,19.084091186523438,22.98374366760254,89.43406677246094
2008-11-26,3.511425495147705,18.699848175048828,22.46531867980957,92.05805206298828
2008-11-27,3.7288222312927246,19.98065948486328,23.559783935546875,97.30604553222656
2008-11-28,3.828068494796753,20.62106704711914,23.502174377441406,97.0873794555664
2008-12-01,3.7808077335357666,20.90924835205078,23.502174377441406,98.1806869506836
2008-12-02,3.5161523818969727,19.532377243041992,21.860469818115234,91.40206146240234
2008-12-03,3.3271117210388184,18.699848175048828,21.3996524810791,85.06077575683594
2008-12-04,3.2609474658966064,18.571767807006836,21.34204864501953,85.2794418334961
2008-12-05,3.213686943054199,18.731868743896484,21.428447723388672,79.37548065185547
2008-12-08,3.4027280807495117,20.012680053710938,22.926137924194336,83.96744537353516
2008-12-09,3.3507418632507324,20.781160354614258,23.502174377441406,84.40480041503906
2008-12-10,3.4972479343414307,22.222082138061523,25.143871307373047,90.30874633789062
2008-12-11,3.459439277648926,21.96591567993164,25.863910675048828,91.83940124511719
2008-12-12,3.3318376541137695,20.492984771728516,24.078208923339844,91.62075805664062
2008-12-15,3.4972479343414307,21.901874542236328,25.028657913208008,97.96205139160156
2008-12-16,3.4547135829925537,21.51763153076172,25.633501052856445,99.05535888671875
2008-12-17,3.6957409381866455,21.325510025024414,26.497549057006836,100.14866638183594
2008-12-18,3.6484806537628174,21.677730560302734,25.92151641845703,103.6473388671875
2008-12-19,3.60122013092041,21.933895111083984,25.892715454101562,102.77267456054688
2008-12-22,3.449988603591919,20.492984771728516,25.691099166870117,103.6473388671875
2008-12-23,3.3082075119018555,19.692476272583008,25.25907325744629,96.4313735961914
2008-12-24,3.360193967819214,19.85257911682129,24.999860763549805,96.4313735961914
2008-12-25,3.3365635871887207,19.756519317626953,24.827045440673828,94.02606201171875
2008-12-26,3.3554677963256836,19.692476272583008,24.999860763549805,95.55670928955078
2008-12-29,3.3412892818450928,19.596416473388672,24.971057891845703,93.58871459960938
2008-12-30,3.5303292274475098,20.39692497253418,26.036718368530273,97.0873794555664
2008-12-31,3.511425495147705,20.55702781677246,25.575895309448242,96.4313735961914
2009-01-02,3.511425495147705,20.55702781677246,25.575895309448242,96.4313735961914
2009-01-05,3.7240965366363525,21.96591567993164,26.64155387878418,102.99134063720703
2009-01-06,3.7240965366363525,22.254100799560547,26.26713752746582,105.83397674560547
2009-01-07,3.8091647624969482,22.79844856262207,25.66230010986328,112.61260223388672
2009-01-08,3.8091647624969482,21.229448318481445,23.93419647216797,106.27130889892578
2009-01-09,3.7430009841918945,20.23682403564453,23.61738395690918,108.45796966552734
2009-01-12,3.709918737411499,20.140758514404297,23.991806030273438,109.76993560791016
2009-01-13,3.714644432067871,20.781160354614258,25.23027229309082,115.45524597167969
2009-01-14,3.6957409381866455,20.492984771728516,24.769445419311523,108.45796966552734
2009-01-15,3.4736175537109375,19.692476272583008,23.61738395690918,102.77267456054688
2009-01-16,3.4972479343414307,19.91661834716797,24.02060890197754,105.17798614501953
2009-01-19,3.4641659259796143,19.8205623626709,23.61738395690918,109.33261108398438
2009-01-20,3.3554677963256836,19.372272491455078,22.81093978881836,106.70864868164062
2009-01-21,3.449988603591919,18.8919677734375,23.156558990478516,104.9593276977539
2009-02-02,3.383824348449707,19.052072525024414,24.078208923339844,110.20729064941406
2009-02-03,3.577589988708496,19.46833610534668,24.683032989501953,109.33261108398438
2009-02-04,3.6626579761505127,19.532377243041992,24.711843490600586,107.5832748413086
2009-02-05,3.6484806537628174,19.372272491455078,24.423818588256836,107.5832748413086
2009-02-06,3.7430009841918945,20.3328857421875,25.748708724975586,111.73796081542969
2009-02-09,3.7808077335357666,20.62106704711914,26.209531784057617,119.3912353515625
2009-02-10,3.7855350971221924,20.460962295532227,25.835098266601562,120.2658920288086
2009-02-11,3.8706023693084717,20.653087615966797,26.52634620666504,123.7645492553711
2009-02-12,3.8706023693084717,19.756519317626953,26.12312126159668,119.17255401611328
2009-02-13,4.116354942321777,20.268840789794922,26.468746185302734,127.26316833496094
2009-02-16,4.087998867034912,21.197429656982422,26.41114616394043,126.82586669921875
2009-02-17,3.8753280639648438,20.460962295532227,25.23027229309082,120.70320892333984
2009-02-18,3.8091647624969482,20.62106704711914,25.691099166870117,123.54586029052734
2009-02-19,3.7808077335357666,21.06934928894043,26.15192985534668,125.9511947631836
2009-02-20,3.59649395942688,20.749149322509766,25.28787612915039,122.88984680175781
2009-02-23,3.6862881183624268,21.13338851928711,25.92151641845703,127.48182678222656
2009-02-24,3.5728647708892822,21.10137367248535,25.345481872558594,127.70049285888672
2009-02-25,3.6815624237060547,21.64571762084961,25.748708724975586,127.26316833496094
2009-02-26,3.7571778297424316,21.869857788085938,25.92151641845703,127.70049285888672
2009-02-27,3.7051925659179688,22.318143844604492,25.892715454101562,132.94847106933594
2009-03-02,3.6862881183624268,21.741777420043945,25.77750587463379,127.26316833496094
2009-03-03,3.709918737411499,21.805816650390625,25.691099166870117,128.79383850097656
2009-03-04,3.8847815990448,23.0225887298584,26.497549057006836,131.41781616210938
2009-03-05,4.026561737060547,24.17531967163086,26.843158721923828,130.32447814941406
2009-03-06,4.007656574249268,24.143295288085938,27.9376277923584,130.32447814941406
2009-03-09,4.262862205505371,22.47824478149414,27.793622970581055,127.70049285888672
2009-03-10,4.324300289154053,21.773794174194336,27.159984588623047,128.13783264160156
2009-03-11,4.499161720275879,21.805816650390625,28.05284309387207,130.7617950439453
2009-03-12,4.67402458190918,21.933895111083984,27.793622970581055,132.51112365722656
2009-03-13,4.820530414581299,22.73440170288086,28.5136661529541,133.82313537597656
2009-03-16,4.72128438949585,22.830467224121094,28.80168342590332,133.60447692871094
2009-03-17,4.67402458190918,23.598955154418945,28.80168342590332,135.79112243652344
2009-03-18,4.711832523345947,23.470870971679688,29.03209114074707,134.0417938232422
2009-03-19,4.5889573097229,23.24672508239746,28.34085464477539,134.69778442382812
2009-03-20,4.357381820678711,23.05461311340332,27.476802825927734,131.636474609375
2009-03-23,4.65984582901001,23.855117797851562,28.974496841430664,134.69778442382812
2009-03-24,4.985941410064697,24.047243118286133,30.18416404724121,140.38308715820312
2009-03-25,5.316761493682861,25.392086029052734,30.068960189819336,148.47369384765625
2009-03-26,5.671213150024414,25.36006736755371,29.78093910217285,145.84971618652344
2009-03-27,5.5294318199157715,25.03986167907715,29.896148681640625,141.69509887695312
2009-03-30,5.269501686096191,24.111270904541016,29.95374298095703,137.1031036376953
2009-03-31,5.245871067047119,24.559558868408203,29.608129501342773,139.50845336914062
2009-04-02,5.340392112731934,24.9758243560791,30.18416404724121,139.50845336914062
2009-04-03,5.387652397155762,25.29602813720703,30.299365997314453,140.16444396972656
2009-04-06,5.104091644287109,25.392086029052734,30.18416404724121,132.7298126220703
2009-04-07,5.245871067047119,26.320674896240234,30.011354446411133,133.16712951660156
2009-04-08,5.009571552276611,25.328046798706055,28.916889190673828,128.35650634765625
2009-04-09,5.340392112731934,25.968456268310547,30.18416404724121,137.32177734375
2009-04-10,5.340392112731934,26.096532821655273,30.5297794342041,135.13511657714844
2009-04-13,5.316761493682861,27.473407745361328,30.356971740722656,136.44711303710938
2009-04-14,5.5294318199157715,29.13846206665039,30.241758346557617,141.47637939453125
2009-04-15,5.55306339263916,28.401994705200195,29.95374298095703,138.63375854492188
2009-04-16,5.647582530975342,28.658161163330078,29.5505313873291,141.25775146484375
2009-04-17,5.86025333404541,28.786239624023438,29.03209114074707,136.0098114013672
2009-04-20,5.81299352645874,29.458663940429688,29.896148681640625,139.72706604003906
2009-04-21,5.883883953094482,29.458663940429688,29.72333526611328,139.07110595703125
2009-04-22,6.191072940826416,29.330585479736328,29.204904556274414,136.88446044921875
2009-04-23,5.931142807006836,29.1064395904541,29.5505313873291,136.0098114013672
2009-04-24,5.789364337921143,29.1064395904541,29.08969497680664,137.7591094970703
2009-04-27,5.482172966003418,28.241897583007812,29.08969497680664,139.07110595703125
2009-04-28,5.2931318283081055,28.145837783813477,29.377723693847656,143.4443817138672
2009-04-29,5.482172966003418,28.62613296508789,29.72333526611328,140.8204345703125
2009-04-30,5.86025333404541,30.611391067504883,31.79705238342285,150.6603546142578
2009-05-04,6.261964321136475,32.66069412231445,33.98597717285156,161.1562957763672
2009-05-05,6.616415023803711,34.90211486816406,33.409942626953125,172.3082275390625
2009-05-06,7.065385818481445,37.14353561401367,33.12193298339844,177.11883544921875
2009-05-07,6.758194923400879,36.50312423706055,32.545902252197266,174.2761993408203
2009-05-08,6.616415023803711,36.983436584472656,32.430694580078125,174.9322509765625
2009-05-11,6.616415023803711,36.983436584472656,32.37308883666992,175.15086364746094
2009-05-12,6.380114555358887,34.42180633544922,31.912260055541992,166.40423583984375
2009-05-13,6.498265743255615,34.10160446166992,32.48830032348633,166.62290954589844
2009-05-14,6.191072940826416,33.14099884033203,31.393829345703125,166.62290954589844
2009-05-15,6.380114555358887,34.42180633544922,31.56664276123047,167.49757385253906
2009-05-18,6.332854270935059,36.82332992553711,32.257877349853516,171.6522216796875
2009-05-19,6.427373886108398,36.82332992553711,32.83392333984375,173.62022399902344
2009-05-20,6.356482982635498,37.14353561401367,32.37308883666992,176.24415588378906
2009-05-21,6.403745174407959,36.82332992553711,32.6035041809082,176.24415588378906
2009-05-22,6.2855939865112305,37.30363464355469,32.37308883666992,182.14817810058594
2009-05-25,6.120183944702148,36.50312423706055,32.08506774902344,175.3695068359375
2009-05-26,6.096554756164551,36.82332992553711,32.6035041809082,172.7455596923828
2009-05-27,6.1438140869140625,39.38495635986328,34.79243469238281,174.9322509765625
2009-06-01,6.2383341789245605,35.7026252746582,33.98597717285156,177.9935302734375
2009-06-02,6.356482982635498,43.577693939208984,34.50442123413086,177.9935302734375
2009-06-03,6.332854270935059,42.08786392211914,34.446807861328125,178.4308319091797
2009-06-04,6.1438140869140625,40.22557067871094,33.35233688354492,175.3695068359375
2009-06-05,6.191072940826416,39.85310745239258,33.0643196105957,177.9935302734375
2009-06-08,6.167443752288818,40.039344787597656,32.6035041809082,173.62022399902344
2009-06-09,5.86025333404541,38.3632698059082,32.315486907958984,167.0602569580078
2009-06-10,6.025664806365967,38.921958923339844,33.52516555786133,170.12155151367188
2009-06-11,5.789364337921143,38.73573303222656,33.58275604248047,170.12155151367188
2009-06-12,5.5766921043396,37.61835861206055,32.257877349853516,166.1855926513672
2009-06-15,5.198612213134766,35.83055114746094,30.702590942382812,161.1562957763672
2009-06-16,5.104091644287109,36.61272048950195,30.87540626525879,153.5030059814453
2009-06-17,5.056830883026123,36.500972747802734,29.95374298095703,154.37767028808594
2009-06-18,4.867792129516602,36.42648696899414,30.356971740722656,160.9376220703125
2009-06-19,4.915050506591797,36.76169204711914,30.126562118530273,165.7482452392578
2009-06-22,5.056830883026123,38.921958923339844,30.5297794342041,166.62290954589844
2009-06-23,4.891421318054199,37.43212127685547,29.5505313873291,163.99891662597656
2009-06-24,5.009571552276611,37.99081802368164,30.472177505493164,169.02821350097656
2009-06-25,5.127721309661865,38.549503326416016,30.933006286621094,171.21485900878906
2009-06-26,5.151350975036621,37.99081802368164,31.336223602294922,170.5588836669922
2009-06-29,5.104091644287109,37.09690856933594,30.760202407836914,166.40423583984375
2009-06-30,5.198612213134766,37.80458450317383,31.5090389251709,171.43360900878906
2009-07-01,5.316761493682861,38.73573303222656,31.68185043334961,174.4948272705078
2009-07-02,5.340392112731934,38.921958923339844,31.739452362060547,177.33749389648438
2009-07-03,5.245871067047119,37.99081802368164,31.68185043334961,178.4308319091797
2009-07-06,5.174981594085693,37.80458450317383,31.336223602294922,181.49215698242188
2009-07-07,5.269501686096191,37.99081802368164,31.912260055541992,190.67608642578125
2009-07-08,5.505803108215332,38.549503326416016,31.336223602294922,194.61209106445312
2009-07-09,5.482172966003418,39.2944221496582,31.85466957092285,190.67608642578125
2009-07-10,5.600322246551514,40.78425598144531,32.315486907958984,186.08412170410156
2009-07-13,5.434913158416748,39.85310745239258,31.68185043334961,188.0521240234375
2009-07-14,5.600322246551514,40.97047805786133,32.142669677734375,192.8627471923828
2009-07-15,5.789364337921143,42.08786392211914,32.79276657104492,195.04942321777344
2009-07-16,5.883883953094482,42.46031188964844,33.09866714477539,195.70541381835938
2009-07-17,5.8366241455078125,42.46031188964844,33.037498474121094,201.5380859375
2009-07-20,5.9075140953063965,42.832786560058594,33.52693176269531,200.4071502685547
2009-07-21,6.0492939949035645,41.342952728271484,33.95520782470703,204.4786376953125
2009-07-22,5.978403568267822,42.27410125732422,33.83283996582031,204.4786376953125
2009-07-23,6.002033233642578,41.529170989990234,34.5670051574707,202.66909790039062
2009-07-24,6.120183944702148,40.97047805786133,34.99526596069336,199.27615356445312
2009-07-27,6.498265743255615,40.59803009033203,35.239986419677734,203.57383728027344
2009-07-28,6.616415023803711,42.46031188964844,35.42353057861328,209.4548797607422
2009-07-29,6.545524597167969,41.529170989990234,34.5670051574707,216.0144805908203
2009-07-30,6.616415023803711,41.90163803100586,34.26109313964844,218.95501708984375
2009-07-31,6.876346111297607,42.08786392211914,36.035335540771484,213.30018615722656
2009-08-03,6.947235107421875,42.46031188964844,35.66825866699219,214.8834991455078
2009-08-04,6.474634647369385,41.342952728271484,35.239986419677734,204.9310302734375
2009-08-05,6.309225082397461,40.78425598144531,34.811729431152344,214.43116760253906
2009-08-06,6.545524597167969,40.59803009033203,34.75054168701172,213.97872924804688
2009-08-07,6.545524597167969,40.59803009033203,34.75054168701172,213.97872924804688
2009-08-10,6.521894931793213,39.85310745239258,35.36235427856445,223.93118286132812
2009-08-11,6.569153785705566,40.41179275512695,34.934085845947266,226.19320678710938
2009-08-12,6.451004505157471,39.480648040771484,35.17880630493164,225.74073791503906
2009-08-13,6.569153785705566,40.97047805786133,35.85178756713867,225.74073791503906
2009-08-14,6.569153785705566,40.22557067871094,36.035335540771484,218.72874450683594
2009-08-17,6.474634647369385,38.921958923339844,35.36235427856445,217.59780883789062
2009-08-18,6.167443752288818,39.10818862915039,35.239986419677734,213.97872924804688
2009-08-19,6.2855939865112305,39.480648040771484,35.11762237548828,213.5264129638672
2009-08-20,6.1438140869140625,39.85310745239258,35.301170349121094,215.78823852539062
2009-08-21,6.002033233642578,39.10818862915039,34.75054168701172,208.55007934570312
2009-08-24,6.403745174407959,40.97047805786133,35.729434967041016,208.7763214111328
2009-08-25,6.451004505157471,40.78425598144531,35.91297149658203,211.716796875
2009-08-26,6.474634647369385,40.039344787597656,36.09650802612305,206.7405548095703
2009-08-27,6.356482982635498,40.59803009033203,35.97416305541992,209.22865295410156
2009-08-28,6.380114555358887,41.342952728271484,36.40242004394531,214.43116760253906
2009-08-31,6.380114555358887,41.342952728271484,36.218875885009766,216.24063110351562
2009-09-01,6.616415023803711,44.13639450073242,37.32012939453125,231.16944885253906
2009-09-02,6.758194923400879,45.81245422363281,36.46360397338867,228.00271606445312
2009-09-03,6.852714538574219,45.067535400390625,36.58595275878906,233.88369750976562
2009-09-04,7.2071661949157715,45.81245422363281,36.708316802978516,239.3123779296875
2009-09-07,7.561615467071533,45.99868392944336,37.93193054199219,234.3361053466797
2009-09-08,7.632506370544434,47.67474365234375,38.360191345214844,229.812255859375
2009-09-09,7.561615467071533,46.92982864379883,37.93193054199219,223.93118286132812
2009-09-10,7.348947048187256,46.92982864379883,38.849647521972656,226.19320678710938
2009-09-11,7.585247993469238,46.184913635253906,38.17665100097656,222.57411193847656
2009-09-14,7.325315952301025,45.626224517822266,37.62602615356445,227.09796142578125
2009-09-15,7.348947048187256,46.74360275268555,38.23783493041992,228.90753173828125
2009-09-16,7.514355659484863,47.48851776123047,38.360191345214844,230.71702575683594
2009-09-17,7.49072790145874,48.04719924926758,38.23783493041992,231.62181091308594
2009-09-18,7.419837474822998,48.04719924926758,38.360191345214844,232.9789581298828
2009-09-21,7.2307963371276855,47.11606216430664,38.115474700927734,227.55029296875
2009-09-22,7.419837474822998,45.99868392944336,38.23783493041992,226.64553833007812
2009-09-23,7.27805757522583,46.55736541748047,38.115474700927734,229.35987854003906
2009-09-24,7.15990686416626,46.184913635253906,37.19776153564453,229.35987854003906
2009-09-25,7.183535575866699,46.184913635253906,37.38130569458008,230.26461791992188
2009-09-28,7.15990686416626,45.99868392944336,37.136592864990234,229.812255859375
2009-09-29,7.419837474822998,47.30228805541992,38.972007751464844,234.3361053466797
2009-09-30,7.443466663360596,48.04719924926758,39.46145248413086,242.4790802001953
2009-10-01,7.561615467071533,48.04719924926758,39.7673454284668,242.4790802001953
2009-10-02,7.467097282409668,46.92982864379883,38.360191345214844,237.05039978027344
2009-10-05,7.467097282409668,46.55736541748047,37.93193054199219,238.86000061035156
2009-10-06,7.561615467071533,48.04719924926758,38.17665100097656,239.76475524902344
2009-10-07,7.514355659484863,48.04719924926758,37.99310302734375,232.0741729736328
2009-10-08,7.27805757522583,46.92982864379883,37.258949279785156,221.89553833007812
2009-10-09,7.325315952301025,46.92982864379883,37.38130569458008,228.00271606445312
2009-10-12,7.27805757522583,47.30228805541992,37.44248962402344,227.09796142578125
2009-10-13,7.27805757522583,47.48851776123047,37.80956268310547,227.09796142578125
2009-10-14,7.632506370544434,48.233436584472656,38.849647521972656,229.812255859375
2009-10-15,7.7506561279296875,48.7921257019043,39.033180236816406,231.62181091308594
2009-10-16,7.774288177490234,48.41966247558594,37.87075424194336,238.40756225585938
2009-10-19,7.8215460777282715,49.53703308105469,37.564849853515625,234.3361053466797
2009-10-20,8.0814790725708,49.53703308105469,37.93193054199219,235.24093627929688
2009-10-21,7.939696311950684,48.97835922241211,37.68721008300781,233.43136596679688
2009-10-22,7.79791784286499,49.164588928222656,37.80956268310547,223.2526397705078
2009-10-23,7.79791784286499,50.46819305419922,37.62602615356445,215.10971069335938
2009-10-26,7.79791784286499,51.213104248046875,37.62602615356445,211.26441955566406
2009-10-27,7.703397274017334,51.39933395385742,37.50366973876953,212.84774780273438
2009-10-28,7.467097282409668,50.28196716308594,37.014217376708984,212.62156677246094
2009-10-29,7.419837474822998,48.233436584472656,36.891849517822266,213.30018615722656
2009-10-30,7.656136989593506,48.41966247558594,36.708316802978516,210.35964965820312
2009-11-02,7.537986755371094,48.605892181396484,36.58595275878906,220.0859832763672
2009-11-03,7.396207332611084,47.86096954345703,36.218875885009766,219.40737915039062
2009-11-04,7.49072790145874,48.605892181396484,36.46360397338867,221.4430694580078
2009-11-05,7.325315952301025,49.164588928222656,36.5247802734375,217.14541625976562
2009-11-06,7.49072790145874,49.53703308105469,36.708316802978516,216.0144805908203
2009-11-09,7.419837474822998,50.09574508666992,36.708316802978516,219.40737915039062
2009-11-10,7.3725762367248535,50.09574508666992,37.014217376708984,227.55029296875
2009-11-11,7.72702693939209,49.53703308105469,38.054298400878906,232.9789581298828
2009-11-12,7.774288177490234,48.97835922241211,38.054298400878906,230.26461791992188
2009-11-13,7.8688063621521,49.53703308105469,37.80956268310547,229.812255859375
2009-11-16,7.963327884674072,51.213104248046875,38.17665100097656,235.24093627929688
2009-11-17,8.010587692260742,51.02687454223633,38.29901885986328,228.455078125
2009-11-18,7.892439842224121,51.39933395385742,38.48255157470703,230.26461791992188
2009-11-19,7.845178127288818,50.840641021728516,38.48255157470703,235.24093627929688
2009-11-20,7.537986755371094,50.28196716308594,37.748390197753906,239.3123779296875
2009-11-23,7.419837474822998,51.39933395385742,37.93193054199219,237.50282287597656
2009-11-24,7.467097282409668,51.39933395385742,38.17665100097656,232.9789581298828
2009-11-25,7.585247993469238,51.02687454223633,38.360191345214844,231.16944885253906
2009-11-26,7.561615467071533,51.5855598449707,37.93193054199219,233.88369750976562
2009-11-27,7.3725762367248535,50.28196716308594,36.708316802978516,228.00271606445312
2009-11-30,7.467097282409668,50.6544189453125,37.38130569458008,229.35987854003906
2009-12-01,7.514355659484863,51.213104248046875,37.136592864990234,230.71702575683594
2009-12-02,7.585247993469238,51.39933395385742,37.19776153564453,230.71702575683594
2009-12-03,7.537986755371094,51.5855598449707,37.62602615356445,228.90753173828125
2009-12-04,7.467097282409668,51.39933395385742,37.62602615356445,227.55029296875
2009-12-07,7.72702693939209,51.5855598449707,38.23783493041992,239.3123779296875
2009-12-08,7.72702693939209,51.9580192565918,38.17665100097656,240.21714782714844
2009-12-09,7.608878135681152,52.70294952392578,38.17665100097656,238.86000061035156
2009-12-10,7.514355659484863,51.77180480957031,37.50366973876953,234.3361053466797
2009-12-11,7.561615467071533,52.14425277709961,38.29901885986328,235.24093627929688
2009-12-14,7.537986755371094,52.14425277709961,38.360191345214844,237.50282287597656
2009-12-15,7.537986755371094,51.77180480957031,38.360191345214844,236.59811401367188
2009-12-16,7.514355659484863,51.5855598449707,37.80956268310547,237.50282287597656
2009-12-17,7.396207332611084,52.14425277709961,38.054298400878906,238.86000061035156
2009-12-18,7.3725762367248535,51.77180480957031,37.87075424194336,239.3123779296875
2009-12-21,7.561615467071533,51.5855598449707,38.054298400878906,238.86000061035156
2009-12-22,7.7506561279296875,52.33047866821289,38.48255157470703,242.4790802001953
2009-12-23,7.8688063621521,53.820316314697266,38.788455963134766,244.2886505126953
2009-12-24,7.845178127288818,55.49638748168945,38.910823822021484,246.550537109375
2009-12-25,7.79791784286499,54.93769836425781,38.788455963134766,246.550537109375
2009-12-28,7.963327884674072,55.86884689331055,38.972007751464844,246.550537109375
2009-12-29,7.98695707321167,55.86884689331055,38.72727966308594,245.19338989257812
2009-12-30,8.057845115661621,55.6826171875,39.0943603515625,251.07444763183594
2009-12-31,8.128737449645996,56.42753219604492,39.46145248413086,252.4315948486328
2010-01-04,8.034217834472656,56.42753219604492,39.7061767578125,256.5030212402344
2010-01-05,8.128737449645996,56.80000305175781,39.46145248413086,256.9554443359375
2010-01-06,8.695860862731934,56.42753219604492,39.7061767578125,260.12213134765625
2010-01-07,8.695860862731934,55.86884689331055,39.277896881103516,253.7887420654297
2010-01-08,8.601339340209961,56.055076599121094,39.155548095703125,248.81253051757812
2010-01-11,8.79038143157959,55.310157775878906,39.46145248413086,252.4315948486328
2010-01-12,8.672228813171387,55.12392044067383,38.910823822021484,252.4315948486328
2010-01-13,8.435927391052246,54.19278335571289,38.42136764526367,247.455322265625
2010-01-14,8.483189582824707,55.6826171875,38.666099548339844,259.2173767089844
2010-01-15,8.506820678710938,56.80000305175781,38.849647521972656,264.1935729980469
2010-01-18,8.435927391052246,56.24129867553711,38.48255157470703,265.0984191894531
2010-01-19,8.294147491455078,55.49638748168945,38.23783493041992,257.8602294921875
2010-01-20,8.55408000946045,54.93769836425781,38.54374694824219,260.5745544433594
2010-01-21,8.506820678710938,54.37900924682617,38.29901885986328,248.81253051757812
2010-01-22,8.365038871765137,51.39933395385742,37.38130569458008,236.59811401367188
2010-01-25,8.223257064819336,51.9580192565918,36.953041076660156,237.9552001953125
2010-01-26,7.79791784286499,50.840641021728516,36.76950454711914,233.43136596679688
2010-01-27,7.7506561279296875,49.53703308105469,36.46360397338867,236.14569091796875
2010-01-28,7.79791784286499,50.6544189453125,36.708316802978516,236.59811401367188
2010-01-29,7.585247993469238,50.09574508666992,37.62602615356445,235.24093627929688
2010-02-01,7.325315952301025,48.97835922241211,36.58595275878906,228.455078125
2010-02-02,7.3725762367248535,49.90950393676758,36.09650802612305,225.28839111328125
2010-02-03,7.8688063621521,51.39933395385742,36.58595275878906,230.26461791992188
2010-02-04,7.79791784286499,50.840641021728516,36.157691955566406,232.9789581298828
2010-02-05,7.419837474822998,49.35080337524414,34.99526596069336,231.16944885253906
2010-02-08,7.561615467071533,49.90950393676758,35.11762237548828,228.90753173828125
2010-02-09,7.679768085479736,49.72327423095703,35.85178756713867,231.62181091308594
2010-02-10,7.679768085479736,50.09574508666992,35.729434967041016,234.3361053466797
2010-02-22,7.845178127288818,50.09574508666992,36.09650802612305,239.3123779296875
2010-02-23,7.703397274017334,50.09574508666992,36.58595275878906,241.5742950439453
2010-02-24,7.537986755371094,49.35080337524414,35.79060745239258,238.86000061035156
2010-02-25,7.325315952301025,47.67474365234375,35.6070671081543,229.35987854003906
2010-02-26,7.301685333251953,47.30228805541992,35.97416305541992,228.455078125
2010-03-01,7.561615467071533,48.605892181396484,36.46360397338867,234.3361053466797
2010-03-02,7.443466663360596,49.53703308105469,36.64712142944336,233.43136596679688
2010-03-03,7.514355659484863,49.72327423095703,36.708316802978516,237.50282287597656
2010-03-04,7.467097282409668,49.72327423095703,36.218875885009766,232.52659606933594
2010-03-05,7.608878135681152,49.90950393676758,36.953041076660156,230.26461791992188
2010-03-08,7.656136989593506,51.213104248046875,37.44248962402344,238.86000061035156
2010-03-09,7.72702693939209,51.39933395385742,37.50366973876953,240.66952514648438
2010-03-10,7.845178127288818,51.39933395385742,37.564849853515625,243.38385009765625
2010-03-11,7.892439842224121,51.213104248046875,37.564849853515625,247.00291442871094
2010-03-12,7.916068077087402,51.213104248046875,37.19776153564453,243.38385009765625
2010-03-15,7.703397274017334,49.90950393676758,36.58595275878906,239.76475524902344
2010-03-16,7.79791784286499,51.02687454223633,36.5247802734375,240.66952514648438
2010-03-17,7.939696311950684,51.9580192565918,37.014217376708984,247.455322265625
2010-03-18,7.916068077087402,51.9580192565918,36.953041076660156,244.74099731445312
2010-03-19,8.010587692260742,51.9580192565918,36.708316802978516,243.8362579345703
2010-03-22,7.916068077087402,51.02687454223633,36.09650802612305,239.76475524902344
2010-03-23,7.8215460777282715,51.39933395385742,36.46360397338867,234.7884979248047
2010-03-24,7.916068077087402,50.840641021728516,37.075408935546875,235.24093627929688
2010-03-25,7.892439842224121,50.840641021728516,37.62602615356445,242.02670288085938
2010-03-26,8.034217834472656,50.09574508666992,37.93193054199219,253.3363037109375
2010-03-29,7.916068077087402,51.213104248046875,38.054298400878906,252.4315948486328
2010-03-30,7.939696311950684,51.5855598449707,38.054298400878906,248.81253051757812
2010-03-31,7.963327884674072,51.213104248046875,37.62602615356445,249.26486206054688
2010-04-01,7.98695707321167,52.14425277709961,37.99310302734375,256.0506896972656
2010-04-02,7.916068077087402,51.9580192565918,38.17665100097656,253.3363037109375
2010-04-06,8.057845115661621,53.447853088378906,38.788455963134766,257.8602294921875
2010-04-07,8.128737449645996,53.820316314697266,38.849647521972656,256.5030212402344
2010-04-08,8.057845115661621,53.075408935546875,38.115474700927734,248.81253051757812
2010-04-09,8.010587692260742,53.820316314697266,38.360191345214844,251.97915649414062
2010-04-12,8.010587692260742,53.820316314697266,38.60490798950195,248.81253051757812
2010-04-13,7.845178127288818,52.51670837402344,38.48255157470703,246.09817504882812
2010-04-14,7.8688063621521,52.88917541503906,39.033180236816406,249.26486206054688
2010-04-15,7.845178127288818,53.447853088378906,39.400264739990234,250.6220703125
2010-04-16,7.892439842224121,52.51670837402344,38.54374694824219,247.00291442871094
2010-04-19,7.656136989593506,50.840641021728516,38.29901885986328,240.21714782714844
2010-04-20,7.72702693939209,51.5855598449707,38.42136764526367,237.50282287597656
2010-04-21,7.72702693939209,51.77180480957031,38.17665100097656,248.81253051757812
2010-04-22,7.679768085479736,53.075408935546875,37.68721008300781,253.3363037109375
2010-04-23,7.656136989593506,53.820316314697266,37.748390197753906,254.6934814453125
2010-04-26,7.939696311950684,55.12392044067383,38.849647521972656,261.9316711425781
2010-04-27,7.8688063621521,55.6826171875,38.972007751464844,260.5745544433594
2010-04-28,7.7506561279296875,56.98622131347656,37.99310302734375,257.4078369140625
2010-04-29,7.608878135681152,56.6137580871582,37.68721008300781,248.81253051757812
2010-04-30,7.561615467071533,55.310157775878906,37.80956268310547,241.5742950439453
2010-05-03,7.467097282409668,54.751468658447266,37.68721008300781,243.38385009765625
2010-05-04,7.396207332611084,55.310157775878906,37.32012939453125,244.2886505126953
2010-05-05,6.947235107421875,53.261634826660156,36.58595275878906,242.02670288085938
2010-05-06,6.9708662033081055,52.51670837402344,36.40242004394531,237.05039978027344
2010-05-07,6.994495868682861,51.9580192565918,36.341243743896484,239.3123779296875
2010-05-10,7.089016437530518,52.70294952392578,36.58595275878906,241.1219024658203
2010-05-11,7.136275291442871,52.14425277709961,36.76950454711914,237.05039978027344
2010-05-12,7.041755676269531,52.14425277709961,36.76950454711914,236.14569091796875
2010-05-13,7.2307963371276855,53.63408279418945,37.44248962402344,238.40756225585938
2010-05-14,7.183535575866699,53.447853088378906,37.44248962402344,237.50282287597656
2010-05-17,7.041755676269531,52.51670837402344,36.218875885009766,235.24093627929688
2010-05-18,6.947235107421875,52.51670837402344,36.40242004394531,233.43136596679688
2010-05-19,6.829084873199463,51.213104248046875,36.28006362915039,232.9789581298828
2010-05-20,6.616415023803711,49.90950393676758,36.035335540771484,227.55029296875
2010-05-21,6.616415023803711,48.7921257019043,35.97416305541992,223.02647399902344
2010-05-24,6.758194923400879,49.35080337524414,36.09650802612305,225.74073791503906
2010-05-25,6.521894931793213,46.92982864379883,35.729434967041016,222.34786987304688
2010-05-26,6.616415023803711,48.04719924926758,36.035335540771484,228.455078125
2010-05-27,6.663675308227539,47.86096954345703,35.91297149658203,231.16944885253906
2010-05-28,6.781826019287109,47.30228805541992,35.91297149658203,232.52659606933594
2010-05-31,7.136275291442871,46.37114715576172,36.83069610595703,236.59811401367188
2010-06-01,6.994495868682861,46.37114715576172,36.58595275878906,233.43136596679688
2010-06-02,6.805456161499023,44.50884246826172,36.58595275878906,233.43136596679688
2010-06-03,7.041755676269531,46.55736541748047,37.19776153564453,242.02670288085938
2010-06-04,6.9236063957214355,46.37114715576172,37.32012939453125,238.40756225585938
2010-06-07,6.710935592651367,43.76393127441406,36.218875885009766,235.24093627929688
2010-06-08,6.616415023803711,41.529170989990234,35.79060745239258,232.9789581298828
2010-06-09,6.521894931793213,42.27410125732422,35.85178756713867,233.43136596679688
2010-06-10,6.5927863121032715,43.76393127441406,36.341243743896484,232.9789581298828
2010-06-11,6.758194923400879,44.13639450073242,37.014217376708984,235.6932830810547
2010-06-14,6.876346111297607,44.881309509277344,37.38130569458008,233.88369750976562
2010-06-15,6.947235107421875,45.067535400390625,37.564849853515625,233.43136596679688
2010-06-17,7.089016437530518,45.81245422363281,37.99310302734375,226.64553833007812
2010-06-18,7.065385818481445,45.81245422363281,38.360191345214844,224.3836669921875
2010-06-21,7.112647533416748,47.11606216430664,38.72727966308594,229.35987854003906
2010-06-22,7.065385818481445,45.99868392944336,38.29901885986328,229.35987854003906
2010-06-23,6.994495868682861,45.626224517822266,37.99310302734375,228.90753173828125
2010-06-24,6.899977207183838,45.626224517822266,37.93193054199219,225.74073791503906
2010-06-25,6.781826019287109,44.881309509277344,37.564849853515625,218.05023193359375
2010-06-28,6.805456161499023,44.881309509277344,37.748390197753906,210.35964965820312
2010-06-29,6.734564781188965,45.067535400390625,37.32012939453125,209.00245666503906
2010-06-30,6.781826019287109,42.46031188964844,37.075408935546875,204.7047882080078
2010-07-01,6.687305927276611,42.27410125732422,36.83069610595703,199.9547576904297
2010-07-02,6.663675308227539,41.71540451049805,36.891849517822266,192.4903564453125
2010-07-05,6.758194923400879,43.20524215698242,37.564849853515625,199.05001831054688
2010-07-06,6.876346111297607,43.39146423339844,38.52952194213867,204.9310302734375
2010-07-07,6.947235107421875,43.39146423339844,38.272239685058594,202.66909790039062
2010-07-08,6.947236061096191,44.695072174072266,38.85113525390625,205.38343811035156
2010-07-09,7.020622253417969,44.881309509277344,38.85113525390625,213.30018615722656
2010-07-12,7.020622253417969,45.067535400390625,38.465206146240234,211.716796875
2010-07-13,7.045084476470947,44.695072174072266,38.336544036865234,209.22865295410156
2010-07-14,7.2652435302734375,45.99868392944336,38.85113525390625,214.8834991455078
2010-07-15,7.216319561004639,45.81245422363281,38.78680419921875,209.4548797607422
2010-07-16,7.240781784057617,44.881309509277344,38.52952194213867,212.16915893554688
2010-07-19,7.191856384277344,44.32261657714844,39.30139923095703,209.9072723388672
2010-07-20,7.216319561004639,44.50884246826172,39.558685302734375,211.716796875
2010-07-21,7.240781784057617,44.32261657714844,39.75166702270508,209.00245666503906
2010-07-22,7.167394161224365,44.32261657714844,39.88030242919922,204.9310302734375
2010-07-23,7.167394161224365,46.55736541748047,40.3948860168457,212.62156677246094
2010-07-26,7.240781784057617,48.04719924926758,40.2662353515625,217.14541625976562
2010-07-27,7.216319561004639,48.41966247558594,40.201927185058594,218.50254821777344
2010-07-28,7.142933368682861,48.7921257019043,40.52354431152344,215.3162078857422
2010-07-29,7.069545745849609,48.7921257019043,40.52354431152344,208.00914001464844
2010-07-30,6.947236061096191,48.04719924926758,40.137596130371094,211.17552185058594
2010-08-02,7.094008445739746,49.72327423095703,40.073280334472656,209.7140655517578
2010-08-03,7.045084476470947,50.6544189453125,39.88030242919922,213.36764526367188
2010-08-04,6.996159553527832,49.90950393676758,39.88030242919922,213.61117553710938
2010-08-05,7.045084476470947,49.90950393676758,39.81599044799805,213.36764526367188
2010-08-06,7.020622253417969,50.28196716308594,39.17274856567383,216.53404235839844
2010-08-09,7.069545745849609,50.6544189453125,39.04410934448242,225.54615783691406
2010-08-10,7.020622253417969,49.90950393676758,39.2370719909668,220.67474365234375
2010-08-11,6.971697807312012,48.7921257019043,39.2370719909668,221.6490478515625
2010-08-12,6.898311614990234,48.41966247558594,38.722503662109375,223.5976104736328
2010-08-13,6.898311614990234,48.605892181396484,38.65817642211914,224.084716796875
2010-08-16,6.8493876457214355,49.164588928222656,38.78680419921875,224.084716796875
2010-08-17,6.800461769104004,48.97835922241211,38.465206146240234,222.13619995117188
2010-08-18,6.776000499725342,48.7921257019043,38.336544036865234,222.62330627441406
2010-08-19,6.824925422668457,50.28196716308594,38.65817642211914,223.1104278564453
2010-08-20,6.776000499725342,50.09574508666992,38.52952194213867,220.67474365234375
2010-08-23,6.727078437805176,50.28196716308594,38.65817642211914,218.2390594482422
2010-08-24,6.604766368865967,49.53703308105469,38.336544036865234,217.7519073486328
2010-08-25,6.409069538116455,50.61097717285156,37.75764465332031,209.95765686035156
2010-08-26,6.482456207275391,50.399200439453125,37.82196044921875,213.36764526367188
2010-08-27,6.384607315063477,50.82272720336914,37.82196044921875,212.63690185546875
2010-08-30,6.384607315063477,51.24625778198242,38.207908630371094,212.14979553222656
2010-08-31,6.3601460456848145,47.858070373535156,37.88628387451172,212.63690185546875
2010-09-01,6.335683345794678,45.95222854614258,38.01492691040039,213.1240234375
2010-09-02,6.457993507385254,46.79927062988281,38.272239685058594,216.77760314941406
2010-09-03,6.531381130218506,47.22279357910156,38.465206146240234,231.39181518554688
2010-09-06,6.506918430328369,45.95222854614258,38.91545867919922,232.36610412597656
2010-09-07,6.433531761169434,45.52869415283203,38.722503662109375,229.930419921875
2010-09-08,6.482456207275391,45.740455627441406,38.14358901977539,227.49468994140625
2010-09-09,6.482456207275391,45.31694030761719,38.272239685058594,224.81549072265625
2010-09-10,6.555842876434326,45.740455627441406,38.14358901977539,231.39181518554688
2010-09-13,6.702615261077881,48.705116271972656,39.17274856567383,233.82757568359375
2010-09-14,6.824925422668457,48.91688537597656,39.2370719909668,236.26324462890625
2010-09-15,6.776000499725342,48.91688537597656,39.36573028564453,232.85325622558594
2010-09-16,6.702615261077881,48.705116271972656,38.91545867919922,231.39181518554688
2010-09-17,6.75153923034668,48.705116271972656,39.36573028564453,233.0968780517578
2010-09-20,6.727078437805176,48.705116271972656,39.88030242919922,230.66116333007812
2010-09-21,6.776000499725342,49.12864303588867,39.75166702270508,229.930419921875
2010-09-23,6.776000499725342,49.975685119628906,38.593849182128906,226.52041625976562
2010-09-24,6.702615261077881,49.7639274597168,38.65817642211914,217.26480102539062
2010-09-27,6.727078437805176,49.55217361450195,39.04410934448242,220.1876220703125
2010-09-28,6.727078437805176,49.7639274597168,39.2370719909668,221.40548706054688
2010-09-29,6.727078437805176,49.7639274597168,39.558685302734375,218.72618103027344
2010-09-30,6.776000499725342,49.7639274597168,39.88030242919922,213.8547821044922
2010-10-01,6.776000499725342,48.493350982666016,39.88030242919922,218.72618103027344
2010-10-04,6.75153923034668,49.34040832519531,39.81599044799805,208.49623107910156
2010-10-05,6.702615261077881,49.12864303588867,39.30139923095703,202.406982421875
2010-10-06,6.800461769104004,49.975685119628906,39.75166702270508,200.945556640625
2010-10-07,6.800461769104004,49.975685119628906,39.4300537109375,201.91981506347656
2010-10-08,6.824925422668457,50.18745422363281,39.75166702270508,199.72769165039062
2010-10-11,6.800461769104004,49.55217361450195,39.558685302734375,199.72769165039062
2010-10-12,6.653689861297607,47.858070373535156,39.2370719909668,195.34339904785156
2010-10-13,6.604766368865967,48.493350982666016,39.2370719909668,197.2919921875
2010-10-14,6.702615261077881,48.91688537597656,39.75166702270508,196.80484008789062
2010-10-15,6.678152561187744,49.12864303588867,39.81599044799805,189.98486328125
2010-10-18,6.531381130218506,47.858070373535156,38.91545867919922,183.16494750976562
2010-10-19,6.531381130218506,47.434547424316406,39.04410934448242,185.35704040527344
2010-10-20,6.629229545593262,48.28158950805664,39.2370719909668,191.2027587890625
2010-10-21,6.506918430328369,47.858070373535156,39.2370719909668,188.52345275878906
2010-10-22,6.555842876434326,48.28158950805664,39.75166702270508,188.52345275878906
2010-10-25,6.776000499725342,50.18745422363281,39.88030242919922,192.4205780029297
2010-10-26,6.776000499725342,49.975685119628906,40.073280334472656,191.4462890625
2010-10-27,6.75153923034668,49.12864303588867,39.88030242919922,186.57492065429688
2010-10-28,7.069545745849609,49.34040832519531,40.33056640625,190.4720001220703
2010-10-29,7.118471622467041,49.12864303588867,40.3948860168457,187.5491943359375
2010-11-01,7.045084476470947,49.55217361450195,40.845157623291016,191.6898956298828
2010-11-02,7.069545745849609,49.34040832519531,40.71651077270508,188.7670135498047
2010-11-03,7.045084476470947,48.705116271972656,41.10244369506836,191.4462890625
2010-11-04,7.2652435302734375,49.55217361450195,41.10244369506836,195.83055114746094
2010-11-05,7.534326076507568,49.55217361450195,41.295413970947266,192.90769958496094
2010-11-08,7.412015438079834,49.12864303588867,40.71651077270508,187.5491943359375
2010-11-09,7.436477184295654,48.705116271972656,41.16677474975586,186.33131408691406
2010-11-10,7.436477184295654,49.34040832519531,41.295413970947266,185.6006317138672
2010-11-11,7.363092422485352,48.91688537597656,40.97379684448242,186.0877685546875
2010-11-12,7.142933368682861,48.06983184814453,40.52354431152344,184.13919067382812
2010-11-15,7.2652435302734375,47.434547424316406,41.10244369506836,185.11349487304688
2010-11-16,7.314167022705078,47.858070373535156,41.488380432128906,187.5491943359375
2010-11-17,7.289705276489258,47.64631271362305,41.03812026977539,186.57492065429688
2010-11-18,7.191856384277344,48.06983184814453,40.71651077270508,185.35704040527344
2010-11-19,7.191856384277344,48.28158950805664,40.97379684448242,186.33131408691406
2010-11-22,7.363092422485352,48.705116271972656,41.03812026977539,192.90769958496094
2010-11-23,7.240781784057617,47.858070373535156,40.78083419799805,194.36915588378906
2010-11-24,7.167394161224365,47.434547424316406,40.65218734741211,194.85626220703125
2010-11-25,7.338630676269531,47.434547424316406,41.4240608215332,193.39486694335938
2010-11-26,7.289705276489258,47.01103210449219,41.4240608215332,193.88204956054688
2010-11-29,7.387552738189697,46.58750534057617,41.359737396240234,192.4205780029297
2010-11-30,7.387552738189697,45.95222854614258,40.78083419799805,190.2284393310547
2010-12-01,7.509864330291748,46.79927062988281,41.55270767211914,190.71559143066406
2010-12-02,7.876795768737793,46.16399002075195,42.58187484741211,192.4205780029297
2010-12-03,8.023568153381348,47.64631271362305,43.93265914916992,205.8169708251953
2010-12-06,8.023568153381348,47.858070373535156,44.061309814453125,206.30410766601562
2010-12-07,7.950182914733887,48.06983184814453,43.73969268798828,204.3555145263672
2010-12-08,7.876795768737793,47.858070373535156,43.73969268798828,206.54762268066406
2010-12-09,8.170341491699219,48.06983184814453,45.026153564453125,207.52194213867188
2010-12-10,7.974644660949707,48.06983184814453,44.83317947387695,203.6248321533203
2010-12-13,7.925718784332275,47.64631271362305,44.64021682739258,208.49623107910156
2010-12-14,7.8523335456848145,48.705116271972656,44.382930755615234,209.95765686035156
2010-12-15,7.950182914733887,48.705116271972656,45.026153564453125,208.00914001464844
2010-12-16,8.023568153381348,49.12864303588867,45.798030853271484,205.32980346679688
2010-12-17,8.170341491699219,48.705116271972656,46.89152145385742,210.4447784423828
2010-12-20,8.048030853271484,48.493350982666016,45.798030853271484,209.47055053710938
2010-12-21,8.048030853271484,48.91688537597656,45.86236572265625,211.4190673828125
2010-12-22,7.9991068840026855,49.12864303588867,45.798030853271484,208.73977661132812
2010-12-23,7.974644660949707,49.975685119628906,45.66938781738281,210.2012176513672
2010-12-24,7.950182914733887,49.55217361450195,45.54073715209961,206.30410766601562
2010-12-27,7.950182914733887,49.55217361450195,45.47641372680664,201.18911743164062
2010-12-28,7.925718784332275,49.55217361450195,45.60506820678711,201.67623901367188
2010-12-29,7.8523335456848145,48.91688537597656,45.41209411621094,199.72769165039062
2010-12-30,7.9012579917907715,49.55217361450195,45.41209411621094,198.50985717773438
2010-12-31,7.974644660949707,49.7639274597168,45.66938781738281,203.38124084472656
2011-01-03,7.925718784332275,49.7639274597168,45.73371124267578,202.16339111328125
2011-01-04,7.925718784332275,49.7639274597168,45.798030853271484,203.6248321533203
2011-01-05,7.60771369934082,48.493350982666016,44.89751052856445,204.59913635253906
2011-01-06,7.7789459228515625,48.493350982666016,45.66938781738281,200.21482849121094
2011-01-07,7.7789459228515625,48.28158950805664,46.63422393798828,189.98486328125
2011-01-10,7.925718784332275,48.06983184814453,47.727718353271484,187.5491943359375
2011-01-11,8.145877838134766,49.12864303588867,47.920692443847656,193.88204956054688
2011-01-12,8.145877838134766,49.12864303588867,48.1779899597168,202.16339111328125
2011-01-13,8.121417045593262,49.55217361450195,47.98501968383789,200.21482849121094
2011-01-14,8.170341491699219,49.55217361450195,48.11365509033203,197.53555297851562
2011-01-17,8.439423561096191,48.705116271972656,48.75688934326172,193.638427734375
2011-01-18,8.70850658416748,48.705116271972656,49.400123596191406,194.85626220703125
2011-01-19,8.830817222595215,49.55217361450195,50.172000885009766,195.58702087402344
2011-01-20,8.635122299194336,49.7639274597168,49.142818450927734,193.88204956054688
2011-01-21,8.56173324584961,48.91688537597656,47.98501968383789,192.66412353515625
2011-01-24,8.512809753417969,49.12864303588867,48.43526840209961,191.9333953857422
2011-01-25,8.512809753417969,49.34040832519531,48.242313385009766,192.90769958496094
2011-01-26,8.512809753417969,51.034488677978516,47.98501968383789,195.34339904785156
2011-01-27,8.806355476379395,52.51683807373047,48.370948791503906,197.77911376953125
2011-01-28,8.855278968811035,52.94034957885742,49.078514099121094,192.90769958496094
2011-02-08,8.6106595993042,52.72858810424805,48.563926696777344,179.5113525390625
2011-02-09,8.317113876342773,50.82272720336914,47.470436096191406,168.30714416503906
2011-02-10,8.145877838134766,50.399200439453125,46.31261444091797,172.2042236328125
2011-02-11,7.925718784332275,49.12864303588867,45.926673889160156,168.0635528564453
2011-02-14,8.023568153381348,49.55217361450195,46.63422393798828,169.52496337890625
2011-02-15,7.925718784332275,48.705116271972656,46.63422393798828,171.22996520996094
2011-02-16,7.974644660949707,48.705116271972656,46.37694549560547,169.52496337890625
2011-02-17,7.9012579917907715,48.705116271972656,46.63422393798828,165.14068603515625
2011-02-18,8.023568153381348,49.34040832519531,46.955841064453125,167.08924865722656
2011-02-21,7.974644660949707,48.28158950805664,47.213138580322266,165.14068603515625
2011-02-22,7.7789459228515625,47.22279357910156,46.63422393798828,161.48715209960938
2011-02-23,7.534326076507568,46.58750534057617,45.66938781738281,162.7050018310547
2011-02-24,7.583250522613525,46.16399002075195,45.34776306152344,162.7050018310547
2011-02-25,7.534326076507568,46.16399002075195,45.34776306152344,162.7050018310547
2011-03-01,7.7300238609313965,48.28158950805664,45.926673889160156,159.78213500976562
2011-03-02,7.5587873458862305,47.434547424316406,45.28346252441406,168.30714416503906
2011-03-03,7.681099891662598,48.06983184814453,45.54073715209961,165.8714141845703
2011-03-04,7.7789459228515625,49.7639274597168,46.1839714050293,163.43569946289062
2011-03-07,7.632175445556641,49.55217361450195,45.60506820678711,161.73072814941406
2011-03-08,7.583250522613525,49.12864303588867,45.990997314453125,166.114990234375
2011-03-09,7.412015438079834,49.34040832519531,45.926673889160156,167.08924865722656
2011-03-10,7.191856384277344,48.06983184814453,45.34776306152344,169.52496337890625
2011-03-11,7.2652435302734375,47.858070373535156,45.026153564453125,168.0635528564453
2011-03-14,7.142933368682861,47.64631271362305,45.2191276550293,163.67929077148438
2011-03-15,6.996159553527832,46.16399002075195,43.73969268798828,155.15431213378906
2011-03-16,6.898311614990234,44.68164825439453,44.061309814453125,160.0257568359375
2011-03-17,7.069545745849609,42.77580261230469,43.35375213623047,167.576416015625
2011-03-18,7.142933368682861,42.564048767089844,43.93265914916992,168.7942657470703
2011-03-21,7.240781784057617,44.04636764526367,44.382930755615234,166.114990234375
2011-03-22,7.191856384277344,44.25812911987305,44.125633239746094,169.52496337890625
2011-03-23,7.2652435302734375,43.62284851074219,44.1899528503418,169.52496337890625
2011-03-24,7.338630676269531,44.25812911987305,44.64021682739258,166.845703125
2011-03-25,7.387552738189697,44.89341735839844,45.798030853271484,167.08924865722656
2011-03-28,7.363092422485352,44.46989059448242,45.66938781738281,165.8714141845703
2011-03-29,7.412015438079834,44.89341735839844,45.54073715209961,166.114990234375
2011-03-30,7.412015438079834,44.25812911987305,45.2191276550293,163.43569946289062
2011-03-31,7.485401630401611,43.62284851074219,45.41209411621094,164.65354919433594
2011-04-01,7.412015438079834,44.89341735839844,45.47641372680664,167.08924865722656
2011-04-06,7.509864330291748,46.37574005126953,46.89152145385742,170.25567626953125
2011-04-07,7.583250522613525,46.37574005126953,46.827205657958984,170.98638916015625
2011-04-08,7.632175445556641,45.52869415283203,46.89152145385742,170.49923706054688
2011-04-11,7.5587873458862305,46.16399002075195,45.73371124267578,172.4477996826172
2011-04-12,7.509864330291748,44.68164825439453,45.09046936035156,168.5507049560547
2011-04-13,7.485401630401611,45.10517883300781,45.47641372680664,169.2814178466797
2011-04-14,7.412015438079834,45.95222854614258,44.89751052856445,165.14068603515625
2011-04-15,7.289705276489258,44.46989059448242,44.51158142089844,163.67929077148438
2011-04-18,7.216319561004639,44.46989059448242,44.382930755615234,155.88504028320312
2011-04-19,7.289705276489258,43.83460235595703,43.80402374267578,150.5264892578125
2011-04-20,7.387552738189697,45.740455627441406,44.89751052856445,150.0393524169922
2011-04-21,7.485401630401611,46.37574005126953,45.47641372680664,153.2057647705078
2011-04-22,7.436477184295654,46.37574005126953,45.60506820678711,151.50076293945312
2011-04-25,7.363092422485352,45.52869415283203,45.2191276550293,148.8214874267578
2011-04-26,7.460939884185791,45.95222854614258,45.2191276550293,152.4750213623047
2011-04-27,7.485401630401611,46.16399002075195,46.505592346191406,156.12863159179688
2011-04-28,7.387552738189697,46.16399002075195,46.955841064453125,153.2057647705078
2011-04-29,7.2652435302734375,45.95222854614258,47.0844841003418,154.1800537109375
2011-05-03,7.314167022705078,44.89341735839844,47.98501968383789,164.4099884033203
2011-05-04,7.314167022705078,44.89341735839844,47.470436096191406,167.576416015625
2011-05-05,7.338630676269531,45.740455627441406,48.11365509033203,169.2814178466797
2011-05-06,7.338630676269531,45.52869415283203,48.242313385009766,169.2814178466797
2011-05-09,7.436477184295654,46.16399002075195,48.563926696777344,175.37066650390625
2011-05-10,7.387552738189697,46.16399002075195,47.85636901855469,171.7170867919922
2011-05-11,7.363092422485352,46.79927062988281,48.242313385009766,170.49923706054688
2011-05-12,7.289705276489258,46.16399002075195,48.692569732666016,171.7170867919922
2011-05-13,7.314167022705078,45.95222854614258,48.82121658325195,171.7170867919922
2011-05-16,7.314167022705078,44.89341735839844,48.1779899597168,168.30714416503906
2011-05-17,7.2652435302734375,44.04636764526367,48.62822723388672,162.94857788085938
2011-05-18,7.142933368682861,44.89341735839844,48.43526840209961,165.62783813476562
2011-05-19,7.216319561004639,44.04636764526367,48.370948791503906,160.7564239501953
2011-05-20,7.142933368682861,43.62284851074219,48.563926696777344,154.91075134277344
2011-05-23,7.094008445739746,42.352272033691406,48.30663299560547,151.01361083984375
2011-05-24,7.069545745849609,43.62284851074219,48.11365509033203,152.96218872070312
2011-05-25,7.118471622467041,42.77580261230469,47.920692443847656,151.01361083984375
2011-05-26,7.118471622467041,42.98756408691406,47.727718353271484,149.79576110839844
2011-05-27,7.020622253417969,42.77580261230469,47.59907150268555,150.77005004882812
2011-05-30,7.191856384277344,42.352272033691406,48.30663299560547,154.423583984375
2011-05-31,7.240781784057617,42.564048767089844,49.33579635620117,155.88504028320312
2011-06-01,7.363092422485352,43.199317932128906,49.52878189086914,160.7564239501953
2011-06-02,7.363092422485352,42.352272033691406,49.142818450927734,156.12863159179688
2011-06-03,7.338630676269531,42.564048767089844,49.65740966796875,155.6414337158203
2011-06-07,7.2652435302734375,42.352272033691406,49.85039138793945,152.7186279296875
2011-06-08,7.338630676269531,42.564048767089844,49.85039138793945,153.93646240234375
2011-06-09,7.314167022705078,43.199317932128906,49.464447021484375,152.23146057128906
2011-06-10,7.289705276489258,42.352272033691406,48.43526840209961,149.06504821777344
2011-06-13,7.167394161224365,42.352272033691406,48.04933547973633,147.1165008544922
2011-06-14,7.216319561004639,42.564048767089844,49.01417922973633,148.09078979492188
2011-06-15,7.240781784057617,42.1405143737793,49.52878189086914,148.09078979492188
2011-06-16,7.045084476470947,41.67464065551758,48.563926696777344,144.92434692382812
2011-06-17,6.996159553527832,41.80170440673828,47.727718353271484,146.8729248046875
2011-06-20,6.947236061096191,41.67464065551758,48.1779899597168,143.70652770996094
2011-06-21,6.996159553527832,42.564048767089844,48.82121658325195,151.9879150390625
2011-06-22,6.996159553527832,41.92876052856445,48.242313385009766,156.37217712402344
2011-06-23,6.947236061096191,41.547584533691406,47.727718353271484,154.91075134277344
2011-06-24,6.873849868774414,41.33582305908203,46.89152145385742,151.50076293945312
2011-06-27,6.824925422668457,40.6581916809082,46.31261444091797,151.50076293945312
2011-06-28,6.8493876457214355,40.23466873168945,46.63422393798828,150.5264892578125
2011-06-29,6.971697807312012,41.33582305908203,47.90878677368164,154.423583984375
2011-06-30,6.971697807312012,41.71699523925781,48.4455680847168,151.9879150390625
2011-07-01,6.971697807312012,41.33582305908203,48.848175048828125,152.7186279296875
2011-07-04,7.020622253417969,40.86994552612305,49.3178825378418,152.96218872070312
2011-07-05,6.971697807312012,40.70054244995117,49.116573333740234,150.5264892578125
2011-07-06,6.996159553527832,41.71699523925781,48.848175048828125,150.5264892578125
2011-07-07,7.020622253417969,41.3781852722168,48.042991638183594,148.33433532714844
2011-07-08,6.971697807312012,41.3781852722168,48.64686965942383,150.41986083984375
2011-07-11,6.873849868774414,40.785247802734375,47.841697692871094,143.3811492919922
2011-07-12,6.800461769104004,40.31937026977539,47.17069625854492,136.60313415527344
2011-07-13,6.800461769104004,38.8370475769043,48.4455680847168,128.78231811523438
2011-07-14,6.727078437805176,38.244117736816406,47.439090728759766,134.51759338378906
2011-07-15,6.800461769104004,39.048797607421875,46.90230941772461,137.12451171875
2011-07-18,6.776000499725342,37.481773376464844,46.76810073852539,130.86785888671875
2011-07-19,6.776000499725342,37.735877990722656,45.962913513183594,135.2996826171875
2011-07-20,6.898311614990234,39.47233200073242,48.042991638183594,141.8169708251953
2011-07-21,7.069545745849609,39.09115219116211,48.042991638183594,141.29559326171875
2011-07-22,7.102221488952637,38.879390716552734,48.3113899230957,144.4239044189453
2011-07-25,6.996217250823975,38.79469299316406,48.3113899230957,141.034912109375
2011-07-26,7.049219131469727,39.048797607421875,49.45206832885742,146.50946044921875
2011-07-27,6.943215370178223,38.9640998840332,49.250770568847656,144.4239044189453
2011-07-28,6.916715621948242,38.244117736816406,48.982383728027344,138.68865966796875
2011-07-29,6.86371374130249,38.770877838134766,48.3113899230957,134.7782745361328
2011-08-01,6.943215370178223,40.04283142089844,48.7139778137207,132.9534149169922
2011-08-02,6.7842116355896,39.19485092163086,47.90878677368164,134.7782745361328
2011-08-03,6.704708576202393,37.97002029418945,47.03649139404297,131.12857055664062
2011-08-04,6.572205066680908,36.9807243347168,46.96940231323242,123.82913970947266
2011-08-05,6.1216888427734375,34.43682861328125,44.688026428222656,116.79046630859375
2011-08-08,5.7771782875061035,33.541751861572266,43.748634338378906,120.44015502929688
2011-08-09,5.53867244720459,33.447532653808594,42.473758697509766,128.78231811523438
2011-08-10,5.883182048797607,34.719478607177734,44.15123748779297,133.47479248046875
2011-08-11,5.724178314208984,34.719478607177734,44.5538330078125,137.64588928222656
2011-08-12,5.7771782875061035,34.34260940551758,43.68153762817383,133.99620056152344
2011-08-15,5.936184406280518,35.190574645996094,44.82223129272461,138.94935607910156
2011-08-16,5.936184406280518,34.95502853393555,44.285430908203125,136.8638153076172
2011-08-17,5.883182048797607,34.90792465209961,44.15123748779297,133.47479248046875
2011-08-18,5.803679943084717,33.82440185546875,43.211856842041016,132.43202209472656
2011-08-19,5.671175956726074,32.03425598144531,42.876346588134766,131.38926696777344
2011-08-22,5.671175956726074,31.563161849975586,43.614437103271484,140.25282287597656
2011-08-23,5.883182048797607,31.092077255249023,44.82223129272461,141.8169708251953
2011-08-24,5.803679943084717,30.52676773071289,45.29193115234375,145.98805236816406
2011-08-25,5.7771782875061035,29.11348533630371,44.9564323425293,146.50946044921875
2011-08-26,5.724178314208984,30.244112014770508,45.56031799316406,152.50540161132812
2011-08-29,5.83018159866333,30.244112014770508,46.566802978515625,150.68055725097656
2011-08-30,5.883182048797607,32.316917419433594,46.29841232299805,151.20193481445312
2011-08-31,5.989186763763428,34.531044006347656,46.566802978515625,151.9840087890625
2011-09-01,6.227694034576416,34.90792465209961,46.03001022338867,151.20193481445312
2011-09-02,6.148191452026367,35.8029899597168,45.29193115234375,153.0267791748047
2011-09-05,5.856682300567627,34.38972091674805,44.688026428222656,148.59500122070312
2011-09-06,5.7771782875061035,33.96574401855469,44.3525276184082,142.8597412109375
2011-09-07,6.042187690734863,34.43682861328125,46.03001022338867,147.29156494140625
2011-09-08,6.015686988830566,33.4946403503418,46.09711456298828,147.81292724609375
2011-09-09,5.989186763763428,34.24839782714844,46.49971389770508,147.29156494140625
2011-09-13,5.7771782875061035,32.64668273925781,45.895816802978516,147.81292724609375
2011-09-14,5.697677135467529,31.704496383666992,45.09061813354492,145.72740173339844
2011-09-15,5.83018159866333,32.92933654785156,46.365501403808594,154.5909423828125
2011-09-16,6.068687915802002,33.447532653808594,47.70749282836914,162.1510467529297
2011-09-19,5.936184406280518,33.63597106933594,47.774593353271484,161.3689422607422
2011-09-20,5.989186763763428,34.15416717529297,47.304901123046875,170.23251342773438
2011-09-21,6.042187690734863,34.29549789428711,48.3113899230957,176.74981689453125
2011-09-22,5.83018159866333,33.40042495727539,46.29841232299805,181.4423065185547
2011-09-23,5.697677135467529,32.50535202026367,45.29193115234375,168.92904663085938
2011-09-26,5.750678539276123,32.316917419433594,45.09061813354492,159.54408264160156
2011-09-27,6.095190525054932,32.08136749267578,46.90230941772461,170.49317932128906
2011-09-28,6.1216888427734375,32.50535202026367,47.17069625854492,173.62152099609375
2011-09-29,6.068687915802002,32.976444244384766,47.17069625854492,171.27529907226562
2011-09-30,6.042187690734863,32.59956741333008,46.96940231323242,175.9677734375
2011-10-03,5.989186763763428,31.940038681030273,46.03001022338867,169.450439453125
2011-10-04,6.095190525054932,32.45824432373047,46.365501403808594,170.49317932128906
2011-10-05,6.068687915802002,31.845821380615234,46.365501403808594,171.27529907226562
2011-10-06,6.227694034576416,32.976444244384766,46.29841232299805,172.057373046875
2011-10-07,6.307196140289307,33.447532653808594,46.365501403808594,161.8903350830078
2011-10-11,6.439700126647949,34.48394012451172,46.96940231323242,166.843505859375
2011-10-12,6.439700126647949,34.34260940551758,47.237796783447266,171.53598022460938
2011-10-13,6.333695411682129,33.91862487792969,47.237796783447266,175.18569946289062
2011-10-14,6.307196140289307,33.91862487792969,47.17069625854492,175.44635009765625
2011-10-17,6.46619987487793,35.33190155029297,47.70749282836914,175.18569946289062
2011-10-18,6.307196140289307,34.95502853393555,47.439090728759766,176.74981689453125
2011-10-19,6.386698246002197,35.09635543823242,47.70749282836914,171.0146026611328
2011-10-20,6.386698246002197,34.24839782714844,46.76810073852539,170.23251342773438
2011-10-21,6.386698246002197,34.57815170288086,47.17069625854492,173.1001739501953
2011-10-24,6.731208324432373,35.755882263183594,48.11008834838867,179.35679626464844
2011-10-25,6.731208324432373,37.12205123901367,47.97588348388672,176.74981689453125
2011-10-26,6.7842116355896,37.87580108642578,48.2442741394043,176.2284393310547
2011-10-27,6.996217250823975,38.111351013183594,48.2442741394043,170.49317932128906
2011-10-28,6.996217250823975,38.488224029541016,49.049468994140625,168.92904663085938
2011-10-31,7.075720310211182,39.24197769165039,49.38497543334961,165.8007049560547
2011-11-01,6.969716548919678,40.937896728515625,49.519161224365234,166.58279418945312
2011-11-02,6.890214920043945,40.937896728515625,49.586265563964844,169.9718017578125
2011-11-03,6.757710933685303,39.477516174316406,49.3178825378418,162.1510467529297
2011-11-04,6.916715621948242,39.85438919067383,50.05595016479492,167.36489868164062
2011-11-07,6.86371374130249,39.618839263916016,50.32435607910156,165.5400390625
2011-11-08,6.890214920043945,39.66594696044922,49.988853454589844,165.27932739257812
2011-11-09,6.916715621948242,38.91220474243164,49.720462799072266,165.8007049560547
2011-11-10,6.651706218719482,37.26337814331055,48.7139778137207,161.3689422607422
2011-11-11,6.7842116355896,38.770877838134766,49.250770568847656,162.93309020996094
2011-11-14,6.969716548919678,39.477516174316406,50.92825698852539,167.36489868164062
2011-11-15,6.916715621948242,38.86509323120117,50.99534225463867,164.23655700683594
2011-11-16,6.890214920043945,38.62955856323242,50.59275436401367,159.54408264160156
2011-11-17,6.810710906982422,38.582435607910156,50.79404067993164,160.8475799560547
2011-11-18,6.678206443786621,37.734474182128906,49.78755569458008,160.5868682861328
2011-11-21,6.5457048416137695,36.83939743041992,49.18367004394531,156.93716430664062
2011-11-22,6.651706218719482,36.55674743652344,49.65337371826172,150.68055725097656
2011-11-23,6.333695411682129,35.42612075805664,49.250770568847656,148.0736083984375
2011-11-24,6.307196140289307,35.8029899597168,48.848175048828125,142.5990753173828
2011-11-25,6.439700126647949,35.66166687011719,48.042991638183594,142.5990753173828
2011-11-28,6.651706218719482,36.698062896728516,49.38497543334961,146.50946044921875
2011-11-29,6.678206443786621,37.35759735107422,49.38497543334961,147.29156494140625
2011-11-30,6.890214920043945,37.54603576660156,50.05595016479492,145.72740173339844
2011-12-01,7.0227179527282715,39.00642395019531,51.39795684814453,149.8984832763672
2011-12-02,6.969716548919678,38.53532791137695,50.99534225463867,150.68055725097656
2011-12-05,6.86371374130249,38.7237663269043,51.19663619995117,146.24876403808594
2011-12-06,6.757710933685303,37.68736267089844,50.59275436401367,136.60313415527344
2011-12-07,6.810710906982422,38.299781799316406,51.263755798339844,137.38522338867188
2011-12-08,6.7842116355896,38.44111251831055,51.19663619995117,133.99620056152344
2011-12-09,6.598705291748047,37.54603576660156,49.720462799072266,135.56036376953125
2011-12-12,6.651706218719482,38.582435607910156,50.32435607910156,136.08172607421875
2011-12-13,6.46619987487793,38.39400100708008,50.45854568481445,140.25282287597656
2011-12-14,6.386698246002197,38.582435607910156,49.988853454589844,139.4707489013672
2011-12-15,6.227694034576416,37.12205123901367,48.64686965942383,133.7354736328125
2011-12-16,6.492702007293701,37.68736267089844,48.78107452392578,132.9534149169922
2011-12-19,6.439700126647949,36.65095520019531,48.64686965942383,126.95746612548828
2011-12-20,6.227694034576416,36.74517822265625,48.848175048828125,130.86785888671875
2011-12-21,6.598705291748047,38.86509323120117,50.99534225463867,139.99212646484375
2011-12-22,6.5457048416137695,38.62955856323242,50.32435607910156,139.7314453125
2011-12-23,6.731208324432373,39.05352783203125,50.59275436401367,146.7701416015625
2011-12-26,6.625206470489502,38.86509323120117,50.32435607910156,146.50946044921875
2011-12-27,6.678206443786621,38.7237663269043,50.65984344482422,145.4666748046875
2011-12-28,6.704708576202393,38.86509323120117,50.79404067993164,143.64183044433594
2011-12-29,6.731208324432373,39.05352783203125,50.86115264892578,144.68458557128906
2011-12-30,6.731208324432373,39.05352783203125,50.86115264892578,144.68458557128906
2012-01-02,6.227694034576416,38.346900939941406,46.83522033691406,132.43202209472656
2012-01-03,6.3601975440979,38.959312438964844,47.304901123046875,135.821044921875
2012-01-04,6.413200378417969,39.19485092163086,47.304901123046875,136.08172607421875
2012-01-05,6.969716548919678,39.19485092163086,50.99534225463867,147.03082275390625
2012-01-06,6.890214920043945,39.52461624145508,50.726959228515625,145.2060089111328
2012-01-09,6.837212562561035,39.71305847167969,50.726959228515625,139.2100372314453
2012-01-10,7.049219131469727,40.702362060546875,51.330848693847656,140.77420043945312
2012-01-11,7.128720760345459,40.60813522338867,51.330848693847656,143.1204376220703
2012-01-12,7.340727806091309,40.79656219482422,51.66635513305664,141.8169708251953
2012-01-13,7.340727806091309,40.13704299926758,52.001834869384766,141.8169708251953
2012-01-16,7.128720760345459,39.336177825927734,50.52565383911133,135.56036376953125
2012-01-17,7.473232269287109,40.98501205444336,50.726959228515625,137.12451171875
2012-01-18,7.552735328674316,41.31477355957031,51.46504211425781,137.12451171875
2012-01-30,8.05625057220459,44.18843460083008,52.80701446533203,145.72740173339844
2012-01-31,8.215253829956055,44.89506149291992,52.67283630371094,147.29156494140625
2012-02-01,8.241756439208984,44.84796905517578,51.66635513305664,150.15914916992188
2012-02-02,8.109251976013184,45.554595947265625,51.532161712646484,149.3770751953125
2012-02-03,8.162252426147461,45.97857666015625,51.12954330444336,152.50540161132812
2012-02-06,8.109251976013184,44.28264617919922,51.93474578857422,148.59500122070312
2012-02-07,8.135751724243164,45.837249755859375,51.93474578857422,148.59500122070312
2012-02-08,8.162252426147461,47.81584548950195,52.001834869384766,151.72332763671875
2012-02-09,8.00324821472168,48.75802993774414,52.33734130859375,152.50540161132812
2012-02-10,7.950247764587402,48.05139923095703,51.599246978759766,151.9840087890625
2012-02-13,7.923746109008789,48.28693389892578,51.39795684814453,162.41172790527344
2012-02-14,7.817742824554443,47.58028793334961,51.867637634277344,164.75794982910156
2012-02-15,8.082752227783203,48.75802993774414,52.67283630371094,165.5400390625
2012-02-16,8.00324821472168,48.05139923095703,52.67283630371094,157.97994995117188
2012-02-17,7.923746109008789,47.81584548950195,53.6793098449707,157.97994995117188
2012-02-20,7.870744705200195,46.967872619628906,53.6793098449707,160.5868682861328
2012-02-21,7.950247764587402,45.601707458496094,53.6793098449707,159.54408264160156
2012-02-22,7.923746109008789,45.97857666015625,53.47801971435547,163.19378662109375
2012-02-23,7.844244003295898,45.7430419921875,52.40441131591797,158.5013427734375
2012-02-24,7.897244930267334,46.63810729980469,53.07542037963867,157.45855712890625
2012-02-29,8.215253829956055,48.28693389892578,54.41739273071289,156.93716430664062
2012-03-01,8.294757843017578,48.28693389892578,53.746395111083984,158.24061584472656
2012-03-02,8.188753128051758,48.28693389892578,53.6793098449707,164.23655700683594
2012-03-05,8.00324821472168,47.344749450683594,52.941246032714844,160.5868682861328
2012-03-06,7.923746109008789,47.01498031616211,53.34383010864258,163.71519470214844
2012-03-07,7.738240718841553,46.54389572143555,53.07542037963867,165.5400390625
2012-03-08,7.817742824554443,47.58028793334961,53.47801971435547,162.67242431640625
2012-03-09,7.817742824554443,47.81584548950195,53.6793098449707,161.62962341308594
2012-03-12,7.738240718841553,47.344749450683594,53.6793098449707,157.97994995117188
2012-03-13,8.029749870300293,48.28693389892578,54.55160903930664,158.24061584472656
2012-03-14,8.05625057220459,48.75802993774414,55.82648468017578,159.54408264160156
2012-03-15,7.976748943328857,48.99357223510742,55.82648468017578,163.4545135498047
2012-03-16,7.923746109008789,49.229129791259766,54.41739273071289,161.10826110839844
2012-03-19,7.897244930267334,48.99357223510742,56.16197204589844,160.06549072265625
2012-03-20,7.950247764587402,48.05139923095703,55.82648468017578,158.5013427734375
2012-03-21,7.950247764587402,48.28693389892578,56.967166900634766,157.71923828125
2012-03-22,8.109251976013184,49.46466064453125,57.16846466064453,156.41578674316406
2012-03-23,8.082752227783203,49.935752868652344,57.30267333984375,154.3302459716797
2012-03-26,7.897244930267334,49.935752868652344,56.09489059448242,154.3302459716797
2012-03-27,8.00324821472168,50.87793731689453,57.571067810058594,153.80885314941406
2012-03-28,8.00324821472168,53.2334098815918,57.3697624206543,149.3770751953125
2012-03-29,7.7912421226501465,54.64667510986328,56.43036651611328,142.8597412109375
2012-03-30,7.658736228942871,53.94002914428711,56.967166900634766,147.29156494140625
2012-04-02,7.526233673095703,52.29121780395508,57.10136795043945,144.1632080078125
2012-04-03,7.605737209320068,51.820125579833984,57.034278869628906,144.4239044189453
2012-04-05,7.446732521057129,52.29121780395508,55.7593879699707,143.1204376220703
2012-04-06,7.420230865478516,52.29121780395508,56.229087829589844,145.4666748046875
2012-04-09,7.340727806091309,51.5845832824707,55.69228744506836,142.33836364746094
2012-04-10,7.499732971191406,51.820125579833984,55.02128982543945,143.64183044433594
2012-04-11,7.605737209320068,53.46894836425781,55.289703369140625,144.4239044189453
2012-04-12,7.473232269287109,53.704490661621094,55.42390060424805,144.94529724121094
2012-04-13,7.658736228942871,53.94002914428711,56.967166900634766,145.72740173339844
2012-04-16,7.552735328674316,53.94002914428711,56.967166900634766,147.03082275390625
2012-04-17,7.526233673095703,51.820125579833984,56.229087829589844,142.8597412109375
2012-04-18,7.499732971191406,50.87793731689453,57.034278869628906,144.68458557128906
2012-04-19,7.685237884521484,49.70021438598633,57.571067810058594,144.1632080078125
2012-04-20,7.738240718841553,48.52248001098633,56.56459045410156,135.56036376953125
2012-04-23,7.976748943328857,47.06209945678711,56.56459045410156,135.821044921875
2012-04-24,7.817742824554443,48.75802993774414,56.76588439941406,134.51759338378906
2012-04-25,7.897244930267334,49.935752868652344,56.497474670410156,137.12451171875
2012-04-26,7.923746109008789,48.99357223510742,56.36329650878906,133.99620056152344
2012-04-27,8.109251976013184,46.779449462890625,57.705265045166016,125.39331817626953
2012-04-30,8.109251976013184,43.528907775878906,58.24207305908203,131.91065979003906
2012-05-02,8.241756439208984,42.2098503112793,59.3156623840332,139.2100372314453
2012-05-03,8.241756439208984,42.398284912109375,59.651145935058594,138.42794799804688
2012-05-04,8.082752227783203,42.398284912109375,58.77885055541992,141.29559326171875
2012-05-07,7.685237884521484,41.691646575927734,57.43687057495117,142.5990753173828
2012-05-08,7.817742824554443,41.691646575927734,56.631675720214844,138.16726684570312
2012-05-09,7.658736228942871,41.1263313293457,56.76588439941406,138.16726684570312
2012-05-10,7.711740016937256,41.31477355957031,57.23557662963867,137.64588928222656
2012-05-11,7.7912421226501465,40.702362060546875,57.3697624206543,137.12451171875
2012-05-14,7.7912421226501465,40.937896728515625,57.30267333984375,137.64588928222656
2012-05-15,7.658736228942871,40.231258392333984,57.3697624206543,140.25282287597656
2012-05-16,7.31422758102417,39.00642395019531,55.960697174072266,136.60313415527344
2012-05-17,7.420230865478516,40.37259292602539,57.10136795043945,142.0776824951172
2012-05-18,7.0227179527282715,39.19485092163086,54.88710403442383,136.60313415527344
2012-05-21,7.0227179527282715,39.19485092163086,55.35680389404297,136.60313415527344
2012-05-22,7.075720310211182,41.079227447509766,55.155479431152344,136.8638153076172
2012-05-23,6.757710933685303,40.98501205444336,53.07542037963867,131.91065979003906
2012-05-24,6.651706218719482,40.18415451049805,54.0819091796875,133.7354736328125
2012-05-25,6.678206443786621,39.618839263916016,53.6793098449707,132.6927032470703
2012-05-28,6.731208324432373,40.231258392333984,54.75288772583008,135.03895568847656
2012-05-29,7.049219131469727,42.16273498535156,55.22260284423828,142.0776824951172
2012-05-30,7.075720310211182,41.88008499145508,54.81999206542969,139.2100372314453
2012-05-31,6.943215370178223,41.220558166503906,57.10136795043945,137.64588928222656
2012-06-01,6.651706218719482,40.18415451049805,53.612213134765625,134.25689697265625
2012-06-04,6.280694961547852,38.62955856323242,51.330848693847656,127.73955535888672
2012-06-05,6.2541937828063965,38.7237663269043,52.471534729003906,132.43202209472656
2012-06-06,6.280694961547852,39.00642395019531,52.203128814697266,134.25689697265625
2012-06-07,6.307196140289307,39.52461624145508,53.545127868652344,135.821044921875
2012-06-08,6.3601975440979,38.488224029541016,52.270233154296875,132.43202209472656
2012-06-11,6.413200378417969,39.477516174316406,53.94772720336914,134.51759338378906
2012-06-12,6.492702007293701,38.86509323120117,53.276710510253906,132.9534149169922
2012-06-13,6.519203186035156,38.62955856323242,53.6793098449707,134.51759338378906
2012-06-14,6.439700126647949,38.67665481567383,53.14251708984375,136.08172607421875
2012-06-15,6.492702007293701,39.807281494140625,52.40441131591797,138.16726684570312
2012-06-18,6.5457048416137695,40.74946594238281,54.216102600097656,144.1632080078125
2012-06-19,6.5457048416137695,40.655242919921875,54.01481246948242,143.1204376220703
2012-06-20,6.731208324432373,40.98501205444336,54.75288772583008,143.90249633789062
2012-06-21,6.810710906982422,40.5610237121582,54.0819091796875,141.29559326171875
2012-06-22,6.625206470489502,40.79656219482422,53.746395111083984,142.8597412109375
2012-06-25,6.492702007293701,40.74946594238281,53.41091537475586,146.24876403808594
2012-06-26,6.492702007293701,40.513912200927734,52.80701446533203,143.1204376220703
2012-06-27,6.46619987487793,40.74946594238281,53.209625244140625,141.8169708251953
2012-06-28,6.413200378417969,41.40898895263672,53.612213134765625,141.8169708251953
2012-06-29,6.837212562561035,42.11562728881836,54.55160903930664,142.33836364746094
2012-07-02,7.102221488952637,41.92719650268555,55.89358901977539,140.25282287597656
2012-07-03,7.102221488952637,42.633827209472656,56.497474670410156,142.5990753173828
2012-07-04,6.996217250823975,43.34046936035156,56.49711608886719,143.1204376220703
2012-07-05,6.969716548919678,43.05781555175781,56.357967376708984,142.8597412109375
2012-07-06,6.890214920043945,43.05781555175781,56.28839111328125,142.33836364746094
2012-07-09,6.7798638343811035,43.29336166381836,55.66218185424805,143.3811492919922
2012-07-10,6.834984302520752,42.44539260864258,55.03599166870117,138.16726684570312
2012-07-11,6.807425022125244,42.35117721557617,54.34019088745117,137.90658569335938
2012-07-12,6.642061233520508,41.0321159362793,52.67033386230469,133.47479248046875
2012-07-13,6.614500522613525,40.98501205444336,52.73991775512695,129.3037109375
2012-07-16,6.642061233520508,41.220558166503906,52.53117752075195,131.73818969726562
2012-07-17,6.862544059753418,41.691646575927734,52.044151306152344,135.52532958984375
2012-07-18,6.697182655334473,40.98501205444336,52.044151306152344,133.0907440185547
2012-07-19,6.890106201171875,41.59742736816406,53.92273712158203,134.17279052734375
2012-07-20,6.917665481567383,42.2098503112793,53.36612319946289,135.25482177734375
2012-07-23,6.7798638343811035,40.79656219482422,51.69624328613281,131.73818969726562
2012-07-24,6.807425022125244,40.325477600097656,52.044151306152344,131.73818969726562
2012-07-25,6.669622421264648,38.582435607910156,51.90498352050781,130.38563537597656
2012-07-26,6.724741458892822,37.92290115356445,53.08779525756836,127.9510498046875
2012-07-27,6.834984302520752,39.336177825927734,55.17514419555664,129.84463500976562
2012-07-30,6.890106201171875,39.00642395019531,54.966407775878906,133.63174438476562
2012-07-31,6.945225715637207,39.85438919067383,56.357967376708984,137.9599151611328
2012-08-01,6.917665481567383,39.948604583740234,55.66218185424805,147.42776489257812
2012-08-02,6.917665481567383,39.948604583740234,55.66218185424805,147.42776489257812
2012-08-03,6.834984302520752,38.44111251831055,55.52303695678711,150.9443817138672
2012-08-06,7.0003461837768555,41.1263313293457,56.28839111328125,148.78030395507812
2012-08-07,7.0003461837768555,41.1263313293457,56.636260986328125,152.0264129638672
2012-08-08,7.027908802032471,41.1263313293457,56.01008224487305,152.5674285888672
2012-08-09,7.083027362823486,42.86937713623047,57.26247787475586,152.5674285888672
2012-08-10,7.0003461837768555,44.46919250488281,57.05371856689453,153.6494598388672
2012-08-13,6.890106201171875,44.73263931274414,57.54077911376953,158.78916931152344
2012-08-14,6.890106201171875,44.78531265258789,57.888668060302734,157.43661499023438
2012-08-15,6.862544059753418,44.521881103515625,57.749515533447266,153.91998291015625
2012-08-16,6.807425022125244,44.31112289428711,57.679935455322266,157.97763061523438
2012-08-17,6.862544059753418,44.521881103515625,57.05371856689453,159.33016967773438
2012-08-20,6.697182655334473,44.67995834350586,57.33205795288086,161.22372436523438
2012-08-21,6.724741458892822,45.259521484375,58.1669921875,162.3057861328125
2012-08-22,6.642061233520508,45.364898681640625,57.33205795288086,163.6583251953125
2012-08-23,6.724741458892822,45.89179229736328,57.54077911376953,168.79803466796875
2012-08-24,6.697182655334473,45.78641128540039,57.05371856689453,172.0441131591797
2012-08-27,6.642061233520508,46.1025390625,57.749515533447266,172.58514404296875
2012-08-28,6.642061233520508,44.36381530761719,57.33205795288086,170.4210662841797
2012-08-29,6.642061233520508,44.2584342956543,57.54077911376953,173.1261749267578
2012-08-30,6.642061233520508,45.04875946044922,57.54077911376953,171.2326202392578
2012-08-31,6.614500522613525,44.67995834350586,57.958251953125,173.1261749267578
2012-09-03,6.586939334869385,47.41975402832031,58.375709533691406,173.1261749267578
2012-09-04,6.586939334869385,47.36705780029297,58.4453010559082,175.83126831054688
2012-09-05,6.4491376876831055,46.787498474121094,57.05371856689453,173.66720581054688
2012-09-06,6.421578407287598,46.57673645019531,56.42753219604492,169.8800506591797
2012-09-07,6.50425910949707,46.89287185668945,58.30615234375,174.208251953125
2012-09-10,6.669622421264648,46.787498474121094,58.09740447998047,182.323486328125
2012-09-11,6.669622421264648,47.6305046081543,58.723602294921875,183.405517578125
2012-09-12,6.614500522613525,49.00041961669922,58.793182373046875,182.05296325683594
2012-09-13,6.614500522613525,49.00041961669922,59.141075134277344,180.97093200683594
2012-09-14,6.752303123474121,51.10795211791992,60.184730529785156,183.405517578125
2012-09-17,6.7798638343811035,51.371402740478516,60.184730529785156,179.347900390625
2012-09-18,6.724741458892822,50.63376235961914,59.62810134887695,179.07736206054688
2012-09-19,6.7798638343811035,51.05527114868164,59.83685302734375,176.64279174804688
2012-09-20,6.724741458892822,50.581077575683594,59.349815368652344,175.83126831054688
2012-09-21,6.7798638343811035,51.00258255004883,59.62810134887695,173.9376983642578
2012-09-24,6.697182655334473,50.47569274902344,59.90641784667969,178.53636169433594
2012-09-25,6.697182655334473,49.26386260986328,59.767269134521484,176.3722686767578
2012-09-26,6.642061233520508,47.525123596191406,60.115169525146484,174.208251953125
2012-09-27,6.697182655334473,47.525123596191406,60.950096130371094,175.83126831054688
2012-09-28,6.724741458892822,48.47352981567383,62.4808235168457,167.44544982910156
2012-10-01,6.614500522613525,48.10470199584961,61.854610443115234,169.06851196289062
2012-10-02,6.669622421264648,48.315452575683594,62.34164810180664,174.208251953125
2012-10-03,6.642061233520508,48.15739440917969,62.4808235168457,173.9376983642578
2012-10-04,6.559380531311035,47.99933624267578,63.03743362426758,172.3146514892578
2012-10-05,6.50425910949707,47.6305046081543,63.31574249267578,175.83126831054688
2012-10-08,6.50425910949707,46.734806060791016,61.99376678466797,176.9132843017578
2012-10-09,6.559380531311035,47.05093765258789,60.60218811035156,175.29025268554688
2012-10-11,6.4491376876831055,45.31221008300781,59.488956451416016,176.1017608642578
2012-10-12,6.421578407287598,45.733726501464844,60.04558181762695,173.1261749267578
2012-10-15,6.283775329589844,46.1025390625,60.115169525146484,170.4210662841797
2012-10-16,6.283775329589844,46.15522766113281,60.88052749633789,171.77362060546875
2012-10-17,6.283775329589844,46.04985046386719,60.810935974121094,171.50308227539062
2012-10-18,6.2286553382873535,46.1025390625,61.297969818115234,173.1261749267578
2012-10-19,6.145972728729248,45.20682907104492,60.323883056640625,175.01974487304688
2012-10-22,6.145972728729248,44.838016510009766,59.83685302734375,176.3722686767578
2012-10-23,6.090853214263916,44.627254486083984,59.62810134887695,174.4787139892578
2012-10-24,6.145972728729248,44.78531265258789,59.41939163208008,176.64279174804688
2012-10-25,6.201094627380371,44.89070129394531,59.00192642211914,173.66720581054688
2012-10-26,6.035731315612793,44.416507720947266,60.74135971069336,172.3146514892578
2012-10-29,5.9806108474731445,44.2584342956543,61.297969818115234,178.26588439941406
2012-10-30,6.06329345703125,46.3659782409668,61.228416442871094,175.83126831054688
2012-10-31,5.9806108474731445,46.734806060791016,61.715431213378906,175.56076049804688
2012-11-01,5.815248966217041,47.31437683105469,62.063331604003906,176.64279174804688
2012-11-02,5.842809677124023,46.68210983276367,62.55040740966797,175.83126831054688
2012-11-05,5.815248966217041,46.1025390625,62.828697204589844,172.0441131591797
2012-11-06,5.815248966217041,47.31437683105469,62.89827346801758,167.71595764160156
2012-11-07,5.870368957519531,47.57781219482422,63.31574249267578,170.4210662841797
2012-11-08,5.842809677124023,47.89396667480469,62.967872619628906,171.50308227539062
2012-11-09,5.9806108474731445,48.15739440917969,63.176570892333984,175.83126831054688
2012-11-12,5.870368957519531,47.41975402832031,63.52448654174805,174.208251953125
2012-11-13,5.787688255310059,46.20792007446289,62.828697204589844,173.1261749267578
2012-11-14,5.815248966217041,47.31437683105469,62.967872619628906,172.0441131591797
2012-11-15,5.842809677124023,47.472442626953125,62.75909423828125,172.0441131591797
2012-11-16,5.815248966217041,47.261688232421875,62.75909423828125,170.4210662841797
2012-11-19,5.732566833496094,46.99824523925781,62.619956970214844,168.79803466796875
2012-11-20,5.677447319030762,47.36705780029297,62.89827346801758,166.63392639160156
2012-11-21,5.567205905914307,46.94556427001953,62.967872619628906,167.9864959716797
2012-11-22,5.567205905914307,46.89287185668945,63.52448654174805,169.33901977539062
2012-11-23,5.95305061340332,48.47352981567383,66.44670867919922,173.1261749267578
2012-11-26,6.118412494659424,48.89503479003906,66.30760192871094,175.83126831054688
2012-11-27,6.173534393310547,48.89503479003906,67.00337219238281,175.56076049804688
2012-11-28,6.173534393310547,49.158477783203125,66.72505187988281,175.29025268554688
2012-11-29,6.118412494659424,49.00041961669922,67.14250946044922,177.18380737304688
2012-11-30,6.201094627380371,49.10578918457031,68.67321014404297,178.80685424804688
2012-12-03,6.145972728729248,49.8961181640625,68.1166000366211,181.2415008544922
2012-12-04,6.118412494659424,50.212249755859375,67.21208953857422,179.61843872070312
2012-12-05,6.394017696380615,50.054195404052734,67.42082977294922,178.53636169433594
2012-12-06,6.4491376876831055,49.790740966796875,67.21208953857422,175.01974487304688
2012-12-07,6.421578407287598,50.317630767822266,68.2557601928711,175.01974487304688
2012-12-10,6.311336040496826,50.63376235961914,67.14250946044922,172.0441131591797
2012-12-11,6.283775329589844,50.054195404052734,68.39490509033203,174.208251953125
2012-12-12,6.366455554962158,50.37030792236328,68.46449279785156,184.21707153320312
2012-12-13,6.614500522613525,50.581077575683594,69.02111053466797,183.6760711669922
2012-12-14,6.4491376876831055,48.2100830078125,68.46449279785156,183.6760711669922
2012-12-17,6.366455554962158,45.94447326660156,67.49039459228516,182.864501953125
2012-12-18,6.421578407287598,46.57673645019531,67.28166198730469,181.511962890625
2012-12-19,6.338897705078125,46.68210983276367,67.69914245605469,176.9132843017578
2012-12-20,6.4491376876831055,46.418670654296875,66.79462432861328,174.7492218017578
2012-12-21,6.421578407287598,45.83909606933594,65.9596939086914,173.66720581054688
2012-12-24,6.338897705078125,46.26060485839844,66.23800659179688,171.77362060546875
2012-12-25,6.394017696380615,46.787498474121094,67.14250946044922,174.208251953125
2012-12-26,6.421578407287598,46.629425048828125,66.79462432861328,173.9376983642578
2012-12-27,6.4491376876831055,46.89287185668945,66.51630401611328,175.29025268554688
2012-12-28,6.4491376876831055,46.84018325805664,67.49039459228516,175.01974487304688
2013-01-02,6.50425910949707,46.734806060791016,69.29943084716797,175.83126831054688
2013-01-03,6.807425022125244,46.94556427001953,70.27351379394531,176.3722686767578
2013-01-04,6.834984302520752,46.3659782409668,70.62139892578125,165.2813720703125
2013-01-07,6.724741458892822,45.733726501464844,69.92561340332031,163.1173095703125
2013-01-08,6.669622421264648,45.83909606933594,69.36898803710938,163.6583251953125
2013-01-09,6.5318193435668945,46.26060485839844,69.57774353027344,168.79803466796875
2013-01-10,6.50425910949707,46.68210983276367,70.27351379394531,169.8800506591797
2013-01-11,6.5318193435668945,46.68210983276367,70.27351379394531,169.06851196289062
2013-01-14,6.50425910949707,45.94447326660156,70.96931457519531,168.79803466796875
2013-01-15,6.421578407287598,44.36381530761719,69.92561340332031,168.52749633789062
2013-01-16,6.338897705078125,44.2584342956543,69.02111053466797,167.44544982910156
2013-01-17,6.173534393310547,44.205753326416016,69.09069061279297,166.0929412841797
2013-01-18,6.338897705078125,44.99607467651367,70.62139892578125,167.17495727539062
2013-01-21,6.311336040496826,44.57456588745117,69.92561340332031,171.2326202392578
2013-01-22,6.338897705078125,44.99607467651367,70.27351379394531,172.3146514892578
2013-01-23,6.311336040496826,44.78531265258789,70.27351379394531,171.77362060546875
2013-01-24,6.283775329589844,43.46810531616211,69.50818634033203,172.58514404296875
2013-01-25,6.201094627380371,43.94230651855469,68.88194274902344,174.208251953125
2013-01-28,6.2562150955200195,44.04768753051758,69.09069061279297,175.83126831054688
2013-01-29,6.366455554962158,44.73263931274414,70.27351379394531,175.83126831054688
2013-01-30,6.421578407287598,44.73263931274414,70.62139892578125,175.83126831054688
2013-01-31,6.338897705078125,44.46919250488281,70.62139892578125,174.7492218017578
2013-02-01,6.394017696380615,44.57456588745117,70.62139892578125,175.56076049804688
2013-02-04,6.421578407287598,44.2584342956543,71.66507720947266,175.83126831054688
2013-02-05,6.283775329589844,43.78425216674805,71.66507720947266,176.3722686767578
2013-02-06,6.2562150955200195,44.04768753051758,73.05662536621094,175.83126831054688
2013-02-18,6.145972728729248,43.62617874145508,74.44817352294922,175.83126831054688
2013-02-19,6.2562150955200195,44.31112289428711,74.44817352294922,175.29025268554688
2013-02-20,6.201094627380371,44.67995834350586,75.83972930908203,176.3722686767578
2013-02-21,6.145972728729248,43.83692932128906,74.44817352294922,176.3722686767578
2013-02-22,6.173534393310547,43.83692932128906,73.40450286865234,176.9132843017578
2013-02-25,6.201094627380371,43.62617874145508,73.05662536621094,182.05296325683594
2013-02-26,6.118412494659424,43.046592712402344,72.01295471191406,178.53636169433594
2013-02-27,6.118412494659424,43.046592712402344,72.708740234375,180.42994689941406
2013-03-01,6.090853214263916,42.99391555786133,73.05662536621094,183.13499450683594
2013-03-04,6.0081706047058105,42.414337158203125,70.96931457519531,184.758056640625
2013-03-05,6.118412494659424,42.15089416503906,72.36084747314453,188.0042266845703
2013-03-06,6.173534393310547,42.414337158203125,72.36084747314453,187.1926727294922
2013-03-07,6.118412494659424,42.36164855957031,71.66507720947266,187.1926727294922
2013-03-08,6.090853214263916,42.414337158203125,72.01295471191406,188.2747039794922
2013-03-11,6.118412494659424,42.414337158203125,70.96931457519531,189.35671997070312
2013-03-12,6.173534393310547,42.414337158203125,71.31718444824219,192.06185913085938
2013-03-13,6.118412494659424,42.15089416503906,72.708740234375,190.7092742919922
2013-03-14,6.394017696380615,42.414337158203125,72.36084747314453,185.569580078125
2013-03-15,6.394017696380615,42.51971435546875,71.66507720947266,184.758056640625
2013-03-18,6.173534393310547,42.94121551513672,69.92561340332031,183.13499450683594
2013-03-19,6.173534393310547,43.83692932128906,69.57774353027344,183.94656372070312
2013-03-20,6.145972728729248,43.25735092163086,68.74280548095703,183.405517578125
2013-03-21,6.118412494659424,43.25735092163086,68.67321014404297,179.61843872070312
2013-03-22,6.118412494659424,43.67885971069336,68.18617248535156,180.159423828125
2013-03-25,6.145972728729248,43.415428161621094,69.22982025146484,183.13499450683594
2013-03-26,6.201094627380371,43.9949951171875,68.88194274902344,183.94656372070312
2013-03-27,6.145972728729248,43.9949951171875,69.92561340332031,185.29910278320312
2013-03-28,6.118412494659424,43.573482513427734,69.57774353027344,183.94656372070312
2013-03-29,6.173534393310547,43.889617919921875,69.92561340332031,185.02859497070312
2013-04-01,6.145972728729248,43.62617874145508,70.27351379394531,184.4875946044922
2013-04-02,6.201094627380371,43.78425216674805,69.92561340332031,188.2747039794922
2013-04-03,6.2286553382873535,43.78425216674805,69.92561340332031,192.60289001464844
2013-04-08,6.090853214263916,42.57240295410156,68.53406524658203,189.35671997070312
2013-04-09,6.118412494659424,42.414337158203125,67.8382797241211,189.08624267578125
2013-04-10,6.06329345703125,42.46702575683594,68.39490509033203,190.7092742919922
2013-04-11,6.173534393310547,42.414337158203125,70.62139892578125,189.89776611328125
2013-04-12,6.090853214263916,41.413246154785156,69.92561340332031,186.92218017578125
2013-04-15,6.090853214263916,40.622928619384766,69.1602554321289,182.59402465820312
2013-04-16,6.201094627380371,40.57024002075195,69.92561340332031,184.21707153320312
2013-04-17,6.173534393310547,40.93906021118164,69.57774353027344,187.73367309570312
2013-04-18,6.118412494659424,40.412174224853516,69.50818634033203,187.1926727294922
2013-04-19,6.2562150955200195,40.88636779785156,74.10029602050781,193.6848907470703
2013-04-22,6.173534393310547,40.517539978027344,75.49183654785156,196.3900146484375
2013-04-23,6.173534393310547,40.14873504638672,73.75239562988281,197.47207641601562
2013-04-24,6.283775329589844,41.149810791015625,73.75239562988281,197.47207641601562
2013-04-25,6.2286553382873535,40.78098678588867,74.44817352294922,195.84898376464844
2013-04-26,6.173534393310547,40.14873504638672,75.49183654785156,192.06185913085938
2013-04-29,6.118412494659424,39.7799072265625,75.1439437866211,195.57847595214844
2013-04-30,6.201094627380371,40.14873504638672,76.18759155273438,194.76693725585938
2013-05-02,6.173534393310547,40.25410079956055,76.88336944580078,198.01307678222656
2013-05-03,6.283775329589844,40.83367919921875,76.5355224609375,198.28355407714844
2013-05-06,6.50425910949707,41.04443359375,77.57916259765625,201.52969360351562
2013-05-07,6.394017696380615,40.83367919921875,78.27494049072266,200.7181396484375
2013-05-08,6.669622421264648,42.04551696777344,79.66650390625,203.4232635498047
2013-05-09,6.559380531311035,42.99391555786133,80.01438903808594,202.88221740722656
2013-05-10,6.945225715637207,42.414337158203125,79.66650390625,199.6361541748047
2013-05-13,7.193269729614258,41.94013977050781,79.66650390625,199.6361541748047
2013-05-14,7.138148784637451,41.72938537597656,80.36229705810547,198.55409240722656
2013-05-15,7.16571044921875,41.20249938964844,80.01438903808594,198.8245391845703
2013-05-16,7.3586320877075195,41.4659423828125,78.9707260131836,202.3412322998047
2013-05-17,7.248389720916748,40.88636779785156,78.9707260131836,205.04629516601562
2013-05-20,7.413752555847168,40.622928619384766,79.31859588623047,204.77578735351562
2013-05-21,7.772038459777832,40.72830581665039,78.27494049072266,204.23477172851562
2013-05-22,7.661797046661377,41.255184173583984,77.92704772949219,206.6693878173828
2013-05-23,7.38619327545166,40.622928619384766,75.1439437866211,200.17715454101562
2013-05-24,7.303511619567871,40.517539978027344,76.18759155273438,196.3900146484375
2013-05-27,7.6342363357543945,40.72830581665039,77.92704772949219,194.76693725585938
2013-05-28,7.496434211730957,40.57024002075195,76.18759155273438,196.3900146484375
2013-05-29,7.523994445800781,41.255184173583984,77.23127746582031,196.9309844970703
2013-05-30,7.441314220428467,40.67561340332031,76.5355224609375,195.57847595214844
2013-05-31,7.2759504318237305,40.412174224853516,76.18759155273438,201.2592010498047
2013-06-03,7.38619327545166,40.30679702758789,74.79606628417969,199.09507751464844
2013-06-04,7.661797046661377,40.14873504638672,75.83972930908203,199.6361541748047
2013-06-05,7.551555633544922,39.937965393066406,76.18759155273438,197.2014923095703
2013-06-06,7.413752555847168,39.51646041870117,74.79606628417969,198.28355407714844
2013-06-07,7.331071853637695,39.62184143066406,75.49183654785156,200.17715454101562
2013-06-10,7.523994445800781,40.14873504638672,75.49183654785156,203.4232635498047
2013-06-11,7.441314220428467,39.51646041870117,75.1439437866211,198.28355407714844
2013-06-13,7.220829486846924,38.67344665527344,72.708740234375,195.30795288085938
2013-06-14,7.220829486846924,38.25193405151367,73.75239562988281,190.43881225585938
2013-06-17,7.331071853637695,37.46159744262695,73.75239562988281,191.52081298828125
2013-06-18,7.468873500823975,37.672359466552734,74.10029602050781,192.33233642578125
2013-06-19,7.3586320877075195,37.93580627441406,73.40450286865234,190.16830444335938
2013-06-20,7.16571044921875,37.250858306884766,72.36084747314453,185.29910278320312
2013-06-21,6.917665481567383,36.88203048706055,72.01295471191406,178.53636169433594
2013-06-24,7.0554680824279785,37.04009246826172,70.27351379394531,167.17495727539062
2013-06-25,7.0003461837768555,36.9874153137207,70.27351379394531,169.8800506591797
2013-06-26,7.468873500823975,38.46268844604492,70.62139892578125,177.45433044433594
2013-06-27,7.964959621429443,38.46268844604492,72.708740234375,177.45433044433594
2013-06-28,7.9925217628479,38.98957824707031,77.23127746582031,188.54522705078125
2013-07-01,8.295686721801758,39.04226303100586,75.1439437866211,186.65162658691406
2013-07-02,8.102763175964355,38.62075424194336,76.5355224609375,184.758056640625
2013-07-03,8.020081520080566,38.56806182861328,76.5351791381836,181.511962890625
2013-07-04,8.075203895568848,38.25193405151367,76.5351791381836,178.53636169433594
2013-07-05,8.157883644104004,39.30570983886719,77.96573638916016,186.92218017578125
2013-07-08,7.9914774894714355,38.67344665527344,75.10462188720703,188.8157196044922
2013-07-09,8.076494216918945,39.25301742553711,75.81989288330078,191.25027465820312
2013-07-10,7.878123760223389,39.990657806396484,75.81989288330078,190.16830444335938
2013-07-11,8.21818733215332,41.09712600708008,78.32337951660156,189.35671997070312
2013-07-12,8.076494216918945,41.09712600708008,78.68104553222656,194.76693725585938
2013-07-15,8.161510467529297,41.36056900024414,78.32337951660156,193.6848907470703
2013-07-16,7.906463146209717,41.30787658691406,77.2504653930664,193.96240234375
2013-07-17,7.566399574279785,40.78098678588867,77.96573638916016,188.69015502929688
2013-07-18,7.566399574279785,41.09712600708008,75.4622573852539,183.69541931152344
2013-07-19,7.2263383865356445,40.78098678588867,70.24069213867188,178.97813415527344
2013-07-22,7.368031024932861,40.88636779785156,69.38236999511719,183.41793823242188
2013-07-23,7.651416778564453,41.04443359375,71.52821350097656,190.63258361816406
2013-07-24,7.651416778564453,41.62400817871094,72.95879364013672,192.2974853515625
2013-07-25,7.59473991394043,41.72938537597656,73.31641387939453,197.01475524902344
2013-07-26,7.764770030975342,41.57131576538086,73.31641387939453,198.6796112060547
2013-07-29,7.509722709655762,41.413246154785156,71.52821350097656,200.34454345703125
2013-07-30,7.651416778564453,41.4659423828125,72.95879364013672,197.29220581054688
2013-07-31,7.566399574279785,40.99174880981445,73.31641387939453,199.78958129882812
2013-08-01,7.538061141967773,40.3594856262207,71.88584899902344,200.89952087402344
2013-08-02,7.45304536819458,40.517539978027344,71.88584899902344,201.4545135498047
2013-08-05,7.566399574279785,41.62400817871094,71.88584899902344,198.9571533203125
2013-08-06,7.396368503570557,41.149810791015625,70.66987609863281,194.79483032226562
2013-08-07,7.2263383865356445,40.622928619384766,69.38236999511719,194.23983764648438
2013-08-08,7.056304931640625,40.57024002075195,68.95320129394531,196.4597625732422
2013-08-09,6.971290588378906,40.201416015625,68.95320129394531,194.79483032226562
2013-08-12,6.999629497528076,40.83367919921875,68.66707611083984,195.62730407714844
2013-08-13,7.084644794464111,41.67669677734375,69.52542114257812,203.11941528320312
2013-08-14,6.971290588378906,41.67669677734375,69.23931121826172,201.4545135498047
2013-08-15,6.829596996307373,41.36056900024414,68.66707611083984,199.78958129882812
2013-08-16,6.772919178009033,41.67669677734375,69.02471160888672,199.78958129882812
2013-08-19,6.716242790222168,41.83476257324219,68.30941009521484,208.11415100097656
2013-08-20,6.687903881072998,42.20357894897461,67.52262878417969,205.3393096923828
2013-08-22,6.6595659255981445,42.51971435546875,67.59415435791016,204.22935485839844
2013-08-23,6.94295072555542,42.414337158203125,69.38236999511719,203.67437744140625
2013-08-26,6.971290588378906,42.835845947265625,69.23931121826172,203.95184326171875
2013-08-27,6.91461181640625,42.15089416503906,68.3809585571289,203.95184326171875
2013-08-28,6.829596996307373,41.782066345214844,69.23931121826172,203.11941528320312
2013-08-29,6.801258087158203,42.04551696777344,70.59835052490234,201.73199462890625
2013-08-30,6.971290588378906,42.78314971923828,71.88584899902344,203.67437744140625
2013-09-02,6.94295072555542,42.99391555786133,72.95879364013672,198.6796112060547
2013-09-03,6.857935905456543,43.20466995239258,72.95879364013672,201.73199462890625
2013-09-04,6.886274814605713,43.20466995239258,71.88584899902344,202.56446838378906
2013-09-05,6.971290588378906,43.31003952026367,72.60113525390625,203.95184326171875
2013-09-06,6.91461181640625,43.67885971069336,72.95879364013672,205.061767578125
2013-09-09,6.886274814605713,45.449623107910156,73.67406463623047,205.3393096923828
2013-09-10,7.084644794464111,45.449623107910156,74.74699401855469,204.78436279296875
2013-09-11,7.056304931640625,44.859375,74.74699401855469,205.3393096923828
2013-09-12,6.971290588378906,44.15106201171875,74.03170013427734,207.5592041015625
2013-09-13,6.857935905456543,44.26911163330078,73.31641387939453,205.6167755126953
2013-09-16,6.94295072555542,44.859375,75.4622573852539,205.3393096923828
2013-09-17,6.857935905456543,44.80034255981445,75.4622573852539,206.4492645263672
2013-09-18,6.857935905456543,44.80034255981445,73.67406463623047,205.3393096923828
2013-09-23,7.141320705413818,44.9774284362793,75.4622573852539,205.89427185058594
2013-09-24,7.396368503570557,45.390594482421875,75.10462188720703,205.061767578125
2013-09-25,7.339691638946533,45.331581115722656,73.67406463623047,206.1717529296875
2013-09-26,7.169659614562988,44.74132537841797,72.60113525390625,206.4492645263672
2013-09-27,7.197998046875,45.03645324707031,73.67406463623047,205.6167755126953
2013-09-30,7.169659614562988,44.80034255981445,71.88584899902344,202.84190368652344
2013-10-01,7.141320705413818,44.56424331665039,72.60113525390625,202.84190368652344
2013-10-02,7.056304931640625,44.26911163330078,73.67406463623047,204.22935485839844
2013-10-03,7.396368503570557,44.859375,75.10462188720703,208.6691131591797
2013-10-04,7.283013343811035,44.80034255981445,74.38933563232422,210.6115264892578
2013-10-07,7.2263383865356445,44.387168884277344,73.67406463623047,207.00425720214844
2013-10-08,7.424705982208252,44.74132537841797,75.10462188720703,210.05654907226562
2013-10-09,7.254676342010498,44.44619369506836,75.10462188720703,211.9989776611328
2013-10-11,7.141320705413818,44.505218505859375,76.17755889892578,213.38636779785156
2013-10-14,6.971290588378906,43.678855895996094,75.10462188720703,213.38636779785156
2013-10-15,7.2263383865356445,43.56081008911133,76.5351791381836,218.6585693359375
2013-10-16,7.056304931640625,43.38373947143555,75.81989288330078,216.16127014160156
2013-10-17,7.169659614562988,43.50178146362305,76.5351791381836,218.6585693359375
2013-10-18,7.339691638946533,44.26911163330078,78.68104553222656,219.2135772705078
2013-10-21,7.368031024932861,44.32814407348633,78.68104553222656,217.2711944580078
2013-10-22,7.31135368347168,44.56424331665039,79.75394439697266,217.2711944580078
2013-10-23,7.254676342010498,44.44619369506836,79.39630889892578,219.7685546875
2013-10-24,7.2263383865356445,44.74132537841797,78.68104553222656,218.6585693359375
2013-10-25,7.112982749938965,44.387168884277344,76.5351791381836,215.6062774658203
2013-10-28,7.169659614562988,44.26911163330078,78.32337951660156,216.99365234375
2013-10-29,7.169659614562988,43.678855895996094,78.32337951660156,219.2135772705078
2013-10-30,7.424705982208252,44.26911163330078,78.68104553222656,219.2135772705078
2013-10-31,7.056304931640625,43.973995208740234,78.32337951660156,223.0983428955078
2013-11-01,7.056304931640625,43.91496658325195,78.32337951660156,224.48585510253906
2013-11-04,6.999629497528076,43.678855895996094,77.96573638916016,240.02500915527344
2013-11-05,6.999629497528076,43.4427604675293,76.17755889892578,238.6375732421875
2013-11-06,6.971290588378906,43.91496658325195,76.5351791381836,239.74749755859375
2013-11-07,7.056304931640625,43.973995208740234,76.5351791381836,238.3600311279297
2013-11-08,6.999629497528076,43.619834899902344,75.81989288330078,237.52760314941406
2013-11-11,6.886274814605713,44.21009063720703,74.74699401855469,236.41769409179688
2013-11-12,6.857935905456543,43.973995208740234,75.10462188720703,230.31298828125
2013-11-13,6.801258087158203,43.91496658325195,73.67406463623047,228.92556762695312
2013-11-14,6.801258087158203,44.505218505859375,74.03170013427734,227.81564331054688
2013-11-15,6.829596996307373,44.44619369506836,74.38933563232422,227.81564331054688
2013-11-18,6.829596996307373,44.623268127441406,74.38933563232422,229.75802612304688
2013-11-19,6.829596996307373,44.74132537841797,75.10462188720703,239.4700164794922
2013-11-20,6.801258087158203,44.74132537841797,73.67406463623047,232.5329132080078
2013-11-21,6.744582176208496,44.26911163330078,72.24349212646484,230.31298828125
2013-11-22,6.772919178009033,44.033016204833984,71.52821350097656,235.3077392578125
2013-11-25,6.801258087158203,44.32814407348633,72.24349212646484,237.52760314941406
2013-11-26,6.829596996307373,44.56424331665039,74.03170013427734,239.4700164794922
2013-11-27,6.886274814605713,44.505218505859375,75.10462188720703,237.80506896972656
2013-11-28,7.02796745300293,44.80034255981445,75.10462188720703,241.41241455078125
2013-11-29,6.971290588378906,46.039878845214844,75.10462188720703,241.9674072265625
2013-12-02,6.971290588378906,46.15793228149414,74.74699401855469,238.6375732421875
2013-12-03,6.91461181640625,46.09891891479492,74.38933563232422,241.1349334716797
2013-12-04,6.886274814605713,46.63014221191406,75.10462188720703,241.41241455078125
2013-12-05,6.857935905456543,46.27598571777344,74.38933563232422,238.91497802734375
2013-12-06,6.857935905456543,46.334999084472656,73.67406463623047,238.6375732421875
2013-12-09,6.91461181640625,46.98428726196289,75.10462188720703,237.52760314941406
2013-12-10,6.94295072555542,47.16136932373047,74.38933563232422,238.3600311279297
2013-12-11,6.94295072555542,46.15793228149414,75.10462188720703,238.6375732421875
2013-12-12,6.886274814605713,46.334999084472656,73.67406463623047,233.642822265625
2013-12-13,6.91461181640625,46.334999084472656,73.31641387939453,231.42291259765625
2013-12-16,6.829596996307373,45.80378341674805,72.95879364013672,231.42291259765625
2013-12-17,6.829596996307373,46.09891891479492,74.03170013427734,235.03025817871094
2013-12-18,6.829596996307373,46.571109771728516,72.24349212646484,231.97789001464844
2013-12-19,6.857935905456543,46.807220458984375,73.31641387939453,238.08261108398438
2013-12-20,6.94295072555542,46.63014221191406,72.95879364013672,240.02500915527344
2013-12-23,6.999629497528076,46.63014221191406,74.38933563232422,239.4700164794922
2013-12-24,6.94295072555542,46.68916320800781,73.67406463623047,237.25009155273438
2013-12-25,6.91461181640625,46.63014221191406,73.67406463623047,238.6375732421875
2013-12-26,6.91461181640625,46.807220458984375,74.38933563232422,237.80506896972656
2013-12-27,6.971290588378906,47.16136932373047,74.74699401855469,241.9674072265625
2013-12-30,7.02796745300293,47.3974723815918,75.81989288330078,246.68466186523438
2013-12-31,6.999629497528076,47.27941131591797,75.4622573852539,246.1296844482422
2014-01-02,6.971290588378906,47.456485748291016,74.74699401855469,244.74224853515625
2014-01-03,6.94295072555542,46.866241455078125,73.31641387939453,241.6898956298828
2014-01-06,7.02796745300293,46.63014221191406,73.31641387939453,239.4700164794922
2014-01-07,7.141320705413818,46.63014221191406,72.95879364013672,232.2554473876953
2014-01-08,7.339691638946533,46.92525863647461,74.38933563232422,225.87319946289062
2014-01-09,7.283013343811035,47.5155143737793,72.24349212646484,228.64810180664062
2014-01-10,7.254676342010498,47.9286994934082,72.95879364013672,231.42291259765625
2014-01-13,7.169659614562988,48.2828483581543,73.67406463623047,230.5904998779297
2014-01-14,7.141320705413818,48.577980041503906,74.03170013427734,230.5904998779297
2014-01-15,7.197998046875,49.16824722290039,75.10462188720703,232.5329132080078
2014-01-16,7.197998046875,49.52239227294922,76.5351791381836,231.97789001464844
2014-01-17,7.2263383865356445,49.46335983276367,76.89282989501953,230.31298828125
2014-01-20,7.254676342010498,50.28971862792969,76.89282989501953,227.5381622314453
2014-01-21,7.254676342010498,49.87654495239258,76.17755889892578,215.32875061035156
2014-01-22,7.2263383865356445,49.699462890625,76.89282989501953,221.4334716796875
2014-01-23,7.283013343811035,49.52239227294922,76.89282989501953,223.0983428955078
2014-01-24,7.283013343811035,50.171669006347656,77.2504653930664,226.15072631835938
2014-01-27,6.999629497528076,50.112648010253906,75.10462188720703,222.2659149169922
2014-02-05,6.801258087158203,47.98772430419922,71.88584899902344,222.54339599609375
2014-02-06,6.829596996307373,48.34187698364258,72.95879364013672,226.15072631835938
2014-02-07,6.857935905456543,48.046749114990234,74.38933563232422,227.2606964111328
2014-02-10,6.857935905456543,48.223819732666016,73.67406463623047,227.5381622314453
2014-02-11,6.857935905456543,47.456485748291016,74.74699401855469,232.5329132080078
2014-02-12,6.91461181640625,48.577980041503906,75.10462188720703,240.85740661621094
2014-02-13,6.91461181640625,48.8140754699707,75.10462188720703,238.08261108398438
2014-02-14,6.971290588378906,49.286285400390625,76.89282989501953,239.4700164794922
2014-02-17,6.91461181640625,49.286285400390625,77.60810089111328,238.08261108398438
2014-02-18,6.91461181640625,49.46335983276367,77.2504653930664,240.5799560546875
2014-02-19,6.94295072555542,49.5814094543457,77.2504653930664,241.41241455078125
2014-02-20,6.91461181640625,48.873111724853516,76.17755889892578,241.41241455078125
2014-02-21,6.971290588378906,49.40433120727539,76.89282989501953,241.9674072265625
2014-02-24,6.94295072555542,48.8140754699707,76.5351791381836,241.9674072265625
2014-02-25,6.94295072555542,48.873111724853516,77.2504653930664,247.2395782470703
2014-02-26,6.999629497528076,49.34531021118164,76.89282989501953,247.2395782470703
2014-02-27,6.971290588378906,49.5814094543457,77.2504653930664,246.9620819091797
2014-03-03,7.084644794464111,49.05017852783203,77.2504653930664,249.73703002929688
2014-03-04,7.02796745300293,48.873111724853516,76.89282989501953,246.9620819091797
2014-03-05,7.056304931640625,48.99114990234375,78.68104553222656,250.01446533203125
2014-03-06,7.197998046875,49.81751251220703,80.82688903808594,258.0615234375
2014-03-07,7.169659614562988,49.99458312988281,81.89979553222656,262.50128173828125
2014-03-10,7.084644794464111,49.935569763183594,80.82688903808594,261.9463806152344
2014-03-11,7.2263383865356445,49.699462890625,81.5421371459961,263.33380126953125
2014-03-12,7.31135368347168,49.99458312988281,80.82688903808594,253.0668182373047
2014-03-13,7.396368503570557,50.82094955444336,83.33037567138672,250.846923828125
2014-03-14,7.31135368347168,50.466796875,82.25743865966797,255.2866973876953
2014-03-17,7.339691638946533,51.17509841918945,81.5421371459961,251.40187072753906
2014-03-18,7.396368503570557,50.76192092895508,81.89979553222656,251.40187072753906
2014-03-19,7.283013343811035,50.3487434387207,81.89979553222656,244.18727111816406
2014-03-20,7.169659614562988,49.81751251220703,80.1115951538086,246.1296844482422
2014-03-21,7.084644794464111,49.99458312988281,80.46923065185547,245.57470703125
2014-03-24,7.169659614562988,50.76192092895508,80.46923065185547,246.40716552734375
2014-03-25,7.197998046875,50.5848388671875,81.18450927734375,250.29200744628906
2014-03-26,7.31135368347168,50.76192092895508,82.6150894165039,253.89930725097656
2014-03-27,7.31135368347168,50.93899917602539,82.97273254394531,250.846923828125
2014-03-28,7.31135368347168,50.93899917602539,84.04564666748047,246.9620819091797
2014-03-31,7.283013343811035,50.93899917602539,84.76091766357422,249.4595184326172
2014-04-01,7.368031024932861,50.879966735839844,85.47622680664062,257.2290954589844
2014-04-02,7.31135368347168,50.879966735839844,85.83385467529297,259.17144775390625
2014-04-03,7.396368503570557,50.879966735839844,84.76091766357422,254.17672729492188
2014-04-07,7.339691638946533,50.93899917602539,84.04564666748047,255.8416748046875
2014-04-08,7.396368503570557,50.99802017211914,85.1185531616211,255.2866973876953
2014-04-09,7.424705982208252,51.05705261230469,85.1185531616211,256.1191711425781
2014-04-10,7.48138427734375,51.234127044677734,85.47622680664062,260.5589294433594
2014-04-11,7.424705982208252,50.82094955444336,85.83385467529297,258.0615234375
2014-04-14,7.339691638946533,51.11607360839844,86.19148254394531,255.2866973876953
2014-04-15,7.339691638946533,51.47023010253906,87.62207794189453,253.34429931640625
2014-04-16,7.283013343811035,51.64730453491211,86.54913330078125,250.846923828125
2014-04-17,7.283013343811035,51.88340377807617,85.83385467529297,256.1191711425781
2014-04-18,7.339691638946533,51.94243240356445,87.97972869873047,253.62176513671875
2014-04-21,7.31135368347168,51.88340377807617,86.90679168701172,260.2814636230469
2014-04-22,7.283013343811035,51.824371337890625,86.90679168701172,260.8363952636719
2014-04-23,7.48138427734375,52.29658889770508,86.54913330078125,262.22381591796875
2014-04-24,7.45304536819458,52.29658889770508,86.54913330078125,264.7211608886719
2014-04-25,7.254676342010498,51.35218048095703,84.76091766357422,260.2814636230469
2014-04-28,7.254676342010498,50.99802017211914,85.1185531616211,269.4384460449219
2014-04-29,7.396368503570557,51.824371337890625,86.19148254394531,268.32855224609375
2014-04-30,7.396368503570557,51.11607360839844,84.76091766357422,261.9463806152344
2014-05-02,7.45304536819458,52.41463851928711,84.40328216552734,280.2604064941406
2014-05-05,7.339691638946533,52.355613708496094,83.68800354003906,284.70013427734375
2014-05-06,7.396368503570557,52.53268814086914,84.40328216552734,282.4802551269531
2014-05-07,7.368031024932861,52.41463851928711,84.76091766357422,287.4750061035156
2014-05-08,7.59473991394043,52.59170913696289,85.47622680664062,284.14520263671875
2014-05-09,7.509722709655762,52.76877975463867,85.83385467529297,280.8153991699219
2014-05-12,7.424705982208252,51.765357971191406,84.76091766357422,273.8782043457031
2014-05-13,7.424705982208252,51.88340377807617,86.19148254394531,272.768310546875
2014-05-14,7.566399574279785,52.06047821044922,87.26439666748047,279.7054138183594
2014-05-15,7.509722709655762,52.29658889770508,87.26439666748047,277.48553466796875
2014-05-16,7.509722709655762,52.41463851928711,87.26439666748047,278.5954895019531
2014-05-19,7.538061141967773,53.0048942565918,86.54913330078125,273.04571533203125
2014-05-20,7.538061141967773,53.477088928222656,86.54913330078125,273.04571533203125
2014-05-21,7.48138427734375,53.1229362487793,86.19148254394531,271.1033935546875
2014-05-22,7.566399574279785,54.3034553527832,87.26439666748047,280.2604064941406
2014-05-23,7.566399574279785,54.893699645996094,87.26439666748047,276.653076171875
2014-05-26,7.59473991394043,54.59857940673828,87.97972869873047,274.4331970214844
2014-05-27,7.73643159866333,54.77566146850586,88.33733367919922,282.4802551269531
2014-05-28,8.019817352294922,55.12980651855469,88.69497680664062,281.9253234863281
2014-05-29,7.821446895599365,55.18883514404297,87.26439666748047,276.3755798339844
2014-05-30,7.96314001083374,54.53955078125,85.47622680664062,270.2709045410156
2014-06-03,8.019817352294922,54.893699645996094,87.62207794189453,273.04571533203125
2014-06-04,8.104833602905273,54.95273208618164,88.33733367919922,272.2133483886719
2014-06-05,8.076494216918945,54.834686279296875,87.97972869873047,281.370361328125
2014-06-06,8.274864196777344,55.011756896972656,87.62207794189453,277.48553466796875
2014-06-09,8.189847946166992,55.18883514404297,87.97972869873047,282.4802551269531
2014-06-10,8.133172988891602,55.54298782348633,89.05261993408203,283.03521728515625
2014-06-11,8.21818733215332,55.36591339111328,89.41024780273438,280.8153991699219
2014-06-12,8.529911041259766,55.12980651855469,88.33733367919922,277.48553466796875
2014-06-13,8.44489574432373,55.011756896972656,87.97972869873047,277.48553466796875
2014-06-16,8.331541061401367,54.71662139892578,88.69497680664062,275.54315185546875
2014-06-17,8.331541061401367,55.48395919799805,89.41024780273438,283.03521728515625
2014-06-18,8.21818733215332,55.54298782348633,89.76790618896484,284.70013427734375
2014-06-19,8.44489574432373,55.4249382019043,90.12553405761719,287.4750061035156
2014-06-20,8.246525764465332,55.66102981567383,89.05261993408203,282.4802551269531
2014-06-23,8.21818733215332,57.6088752746582,87.97972869873047,283.59027099609375
2014-06-24,8.246525764465332,57.96303176879883,87.97972869873047,280.2604064941406
2014-06-25,8.274864196777344,56.9595947265625,88.33733367919922,280.2604064941406
2014-06-26,8.558250427246094,58.14010238647461,89.05261993408203,285.81011962890625
2014-06-27,8.416558265686035,58.199134826660156,89.76790618896484,278.0405578613281
2014-06-30,8.473234176635742,59.02549362182617,90.48316955566406,280.2604064941406
2014-07-01,8.643265724182129,60.20600128173828,91.55610656738281,281.9253234863281
2014-07-02,8.671605110168457,60.79625701904297,94.77488708496094,287.4750061035156
2014-07-03,8.869973182678223,61.38650894165039,96.20542907714844,296.9095153808594
2014-07-04,9.351731300354004,60.79625701904297,96.5630874633789,300.3353576660156
2014-07-07,9.322505950927734,61.09138107299805,97.27838134765625,303.1902770996094
2014-07-08,9.117937088012695,61.681636810302734,96.20542907714844,298.0514831542969
2014-07-09,9.059488296508789,61.97675704956055,95.84781646728516,296.33856201171875
2014-07-10,9.176385879516602,64.04265594482422,96.20542907714844,294.05462646484375
2014-07-11,8.94259262084961,64.33777618408203,97.63600158691406,286.06097412109375
2014-07-14,9.264059066772461,64.92803192138672,96.90458679199219,287.2029113769531
2014-07-15,9.176385879516602,65.51830291748047,97.27027130126953,283.20599365234375
2014-07-16,9.03026294708252,63.45240783691406,95.44186401367188,283.7769775390625
2014-07-17,8.825695991516113,62.862144470214844,91.05376434326172,282.63507080078125
2014-07-18,8.913368225097656,63.45240783691406,90.32240295410156,287.77386474609375
2014-07-21,9.088713645935059,65.22318267822266,90.32240295410156,289.48681640625
2014-07-22,9.176385879516602,64.92803192138672,91.05376434326172,295.19659423828125
2014-07-23,9.176385879516602,64.92803192138672,91.05376434326172,295.19659423828125
2014-07-24,9.147160530090332,65.22318267822266,91.41942596435547,292.91265869140625
2014-07-25,8.913368225097656,63.747528076171875,89.95674133300781,289.48681640625
2014-07-28,8.679574966430664,61.97675704956055,88.85969543457031,287.2029113769531
2014-07-29,8.562678337097168,61.97675704956055,90.68806457519531,284.34796142578125
2014-07-30,8.7087984085083,61.681636810302734,91.05376434326172,286.63189697265625
2014-07-31,8.21198844909668,61.09138107299805,88.49400329589844,267.7895202636719
2014-08-01,7.919746398925781,60.20600128173828,87.76264190673828,283.49151611328125
2014-08-04,7.948970317840576,62.27188491821289,90.32240295410156,280.922119140625
2014-08-05,7.715177536010742,60.20600128173828,87.39698028564453,278.067138671875
2014-08-06,7.802849769592285,61.09138107299805,88.12831115722656,287.2029113769531
2014-08-07,7.773624897003174,61.09138107299805,88.85969543457031,280.922119140625
2014-08-08,7.6567277908325195,60.501129150390625,88.12831115722656,280.06561279296875
2014-08-11,7.744401931762695,61.38650894165039,88.12831115722656,282.63507080078125
2014-08-12,7.627505302429199,61.681636810302734,88.85969543457031,279.4945983886719
2014-08-13,7.685952663421631,62.5670280456543,89.59103393554688,284.6334533691406
2014-08-14,7.773624897003174,64.33777618408203,90.68806457519531,285.4899597167969
2014-08-15,7.715177536010742,63.45240783691406,90.68806457519531,285.4899597167969
2014-08-18,7.6567277908325195,63.45240783691406,89.95674133300781,285.4899597167969
2014-08-19,7.715177536010742,64.04265594482422,90.68806457519531,291.19970703125
2014-08-20,7.744401931762695,64.04265594482422,91.78510284423828,292.3417053222656
2014-08-21,7.715177536010742,64.04265594482422,91.05376434326172,292.91265869140625
2014-08-22,7.8905229568481445,64.92803192138672,91.78510284423828,290.62872314453125
2014-08-25,7.861298084259033,65.22318267822266,91.41942596435547,286.06097412109375
2014-08-26,7.919746398925781,64.92803192138672,91.05376434326172,282.63507080078125
2014-08-27,7.948970317840576,66.1085433959961,91.78510284423828,286.06097412109375
2014-08-28,7.9781951904296875,68.5321273803711,91.41942596435547,283.49151611328125
2014-08-29,7.9781951904296875,68.5321273803711,90.68806457519531,285.2044677734375
2014-09-01,8.036643981933594,68.19618225097656,93.9791488647461,294.05462646484375
2014-09-02,7.832075119018555,67.5243148803711,92.15078735351562,294.05462646484375
2014-09-03,7.861298084259033,67.86024475097656,93.61348724365234,293.4836730957031
2014-09-04,7.832075119018555,67.12117767333984,93.24781799316406,294.05462646484375
2014-09-05,7.773624897003174,67.5243148803711,92.88214111328125,292.91265869140625
2014-09-09,7.802849769592285,68.5321273803711,92.88214111328125,296.9095153808594
2014-09-10,7.744401931762695,67.86024475097656,91.41942596435547,292.91265869140625
2014-09-11,7.715177536010742,67.1883544921875,91.41942596435547,291.19970703125
2014-09-12,7.569056987762451,66.78524017333984,89.95674133300781,288.91583251953125
2014-09-15,7.539833068847656,67.86024475097656,90.32240295410156,286.06097412109375
2014-09-16,7.364487171173096,66.85242462158203,89.59103393554688,283.7769775390625
2014-09-17,7.539833068847656,67.86024475097656,91.05376434326172,284.0624694824219
2014-09-18,7.5106072425842285,68.5321273803711,91.41942596435547,285.4899597167969
2014-09-19,7.569056987762451,67.86024475097656,91.41942596435547,283.7769775390625
2014-09-22,7.452160835266113,67.5243148803711,89.225341796875,282.0640563964844
2014-09-23,7.452160835266113,67.5243148803711,89.59103393554688,270.0735168457031
2014-09-24,7.48138427734375,67.5243148803711,89.95674133300781,255.79896545410156
2014-09-25,7.422935485839844,67.1883544921875,89.225341796875,257.22637939453125
2014-09-26,7.393711090087891,65.23990631103516,88.49400329589844,259.79583740234375
2014-09-29,7.364487171173096,65.57583618164062,88.12831115722656,254.08602905273438
2014-09-30,7.364487171173096,64.50082397460938,87.76264190673828,257.22637939453125
2014-10-01,7.335263729095459,66.11334991455078,88.85969543457031,261.2232971191406
2014-10-02,7.422935485839844,65.50865173339844,88.49400329589844,260.3668212890625
2014-10-03,7.539833068847656,66.7180404663086,91.05376434326172,259.79583740234375
2014-10-06,7.539833068847656,66.1805419921875,92.15078735351562,266.07659912109375
2014-10-07,7.48138427734375,65.57583618164062,91.41942596435547,260.0813293457031
2014-10-08,7.539833068847656,64.97113800048828,89.59103393554688,252.94407653808594
2014-10-09,7.539833068847656,65.57583618164062,91.41942596435547,239.81155395507812
2014-10-13,7.189143180847168,64.36644744873047,88.12831115722656,230.10488891601562
2014-10-14,7.335263729095459,64.50082397460938,88.49400329589844,238.95509338378906
2014-10-15,7.247591495513916,62.82112121582031,88.85969543457031,243.8084259033203
2014-10-16,7.189143180847168,61.947669982910156,88.85969543457031,240.95350646972656
2014-10-17,7.0430216789245605,59.797637939453125,90.32240295410156,239.81155395507812
2014-10-20,7.218368053436279,62.61955642700195,92.15078735351562,238.66958618164062
2014-10-21,7.189143180847168,62.82112121582031,91.41942596435547,239.81155395507812
2014-10-22,7.2768144607543945,63.15705490112305,94.34485626220703,242.9519805908203
2014-10-23,7.306039810180664,63.828948974609375,93.24781799316406,239.81155395507812
2014-10-24,7.218368053436279,62.61955642700195,91.78510284423828,239.24057006835938
2014-10-27,7.218368053436279,63.15705490112305,93.61348724365234,238.66958618164062
2014-10-28,7.2768144607543945,64.1648941040039,93.61348724365234,242.66644287109375
2014-10-29,7.393711090087891,63.828948974609375,94.34485626220703,248.6616973876953
2014-10-30,7.715177536010742,63.96332550048828,93.9791488647461,244.6648406982422
2014-10-31,7.832075119018555,64.50082397460938,95.44186401367188,247.2343292236328
2014-11-03,7.802849769592285,65.91178131103516,95.80754852294922,249.8037109375
2014-11-04,7.802849769592285,65.50865173339844,96.53890228271484,247.8052520751953
2014-11-05,7.832075119018555,65.97896575927734,96.53890228271484,243.52291870117188
2014-11-06,7.773624897003174,64.43363189697266,96.53890228271484,235.81466674804688
2014-11-07,7.744401931762695,64.702392578125,95.80754852294922,243.8084259033203
2014-11-10,7.948970317840576,66.0461654663086,98.36727905273438,258.0828857421875
2014-11-11,7.948970317840576,65.64302825927734,98.00162506103516,254.3715057373047
2014-11-12,7.861298084259033,64.50082397460938,96.53890228271484,255.79896545410156
2014-11-13,7.8905229568481445,65.84459686279297,98.00162506103516,259.2248229980469
2014-11-14,7.9781951904296875,65.038330078125,98.73298645019531,260.0813293457031
2014-11-17,7.802849769592285,64.23206329345703,97.27027130126953,255.79896545410156
2014-11-18,7.715177536010742,64.1648941040039,96.17321014404297,249.8037109375
2014-11-19,7.861298084259033,64.50082397460938,99.4643325805664,251.23114013671875
2014-11-20,8.21198844909668,64.97113800048828,101.65840148925781,251.23114013671875
2014-11-21,8.21198844909668,64.702392578125,101.29271697998047,254.08602905273438
2014-11-24,8.12431526184082,64.83677673339844,101.29271697998047,256.9409484863281
2014-11-25,8.18276309967041,64.76959228515625,101.65840148925781,256.9409484863281
2014-11-26,8.095090866088867,65.37427520751953,101.65840148925781,260.9377746582031
2014-11-27,8.153539657592773,65.23990631103516,102.38975524902344,265.5055847167969
2014-11-28,8.036643981933594,65.17269897460938,103.48676300048828,265.5055847167969
2014-12-01,7.9781951904296875,64.030517578125,102.38975524902344,264.3636779785156
2014-12-02,7.919746398925781,62.28361511230469,100.56134796142578,258.6538391113281
2014-12-03,8.12431526184082,63.493003845214844,100.92704772949219,263.7926940917969
2014-12-04,8.416557312011719,64.030517578125,101.65840148925781,266.6475830078125
2014-12-05,8.32888412475586,62.61955642700195,100.56134796142578,261.50872802734375
2014-12-08,8.32888412475586,61.7461051940918,100.92704772949219,248.94720458984375
2014-12-09,8.32888412475586,60.46952438354492,100.92704772949219,250.0891876220703
2014-12-10,8.095090866088867,60.200767517089844,99.4643325805664,245.52139282226562
2014-12-11,8.095090866088867,60.40234375,98.36727905273438,247.8052520751953
2014-12-12,8.065866470336914,60.200767517089844,98.73298645019531,251.51658630371094
2014-12-15,8.387333869934082,58.92420196533203,99.4643325805664,250.94564819335938
2014-12-16,8.153539657592773,57.781982421875,97.27027130126953,250.0891876220703
2014-12-17,7.948970317840576,56.63978958129883,95.44186401367188,251.23114013671875
2014-12-18,8.153539657592773,56.975738525390625,96.17321014404297,254.3715057373047
2014-12-19,8.32888412475586,57.513240814208984,100.92704772949219,260.9377746582031
2014-12-22,8.445778846740723,59.125762939453125,101.29271697998047,259.79583740234375
2014-12-23,8.621125221252441,58.65544128417969,100.56134796142578,261.50872802734375
2014-12-24,8.679574966430664,58.99138259887695,100.92704772949219,265.22015380859375
2014-12-25,8.591901779174805,58.99138259887695,100.56134796142578,263.5072021484375
2014-12-26,8.650351524353027,59.125762939453125,101.65840148925781,264.93463134765625
2014-12-29,8.591901779174805,58.99138259887695,103.12112426757812,266.93310546875
2014-12-30,8.475005149841309,58.99138259887695,102.38975524902344,263.7926940917969
2014-12-31,8.621125221252441,59.058570861816406,103.12112426757812,263.7926940917969
2015-01-05,8.913368225097656,58.58824920654297,102.02406311035156,263.7926940917969
2015-01-06,8.621125221252441,56.774166107177734,97.63593292236328,261.50872802734375
2015-01-07,8.650351524353027,57.244476318359375,98.00162506103516,277.78173828125
2015-01-08,8.7087984085083,58.386695861816406,100.92704772949219,276.9252624511719
2015-01-09,8.825695991516113,58.11793518066406,98.00162506103516,278.6381530761719
2015-01-12,9.205609321594238,57.58042526245117,96.53890228271484,278.6381530761719
2015-01-13,9.088713645935059,57.983558654785156,96.90458679199219,275.78326416015625
2015-01-14,8.913368225097656,57.311676025390625,95.07617950439453,278.6381530761719
2015-01-15,8.796470642089844,56.975738525390625,96.17321014404297,277.4961853027344
2015-01-16,8.591901779174805,56.50541687011719,100.1957015991211,271.5009765625
2015-01-19,8.796470642089844,56.236656188964844,101.65840148925781,278.067138671875
2015-01-20,8.884142875671387,56.908546447753906,100.92704772949219,279.7801513671875
2015-01-21,8.85491943359375,57.311676025390625,103.12112426757812,281.7785339355469
2015-01-22,9.03026294708252,57.4460563659668,102.38975524902344,282.9205322265625
2015-01-23,9.117937088012695,58.99138259887695,106.04652404785156,282.3494873046875
2015-01-26,9.059488296508789,59.66326141357422,106.04652404785156,287.77386474609375
2015-01-27,9.03026294708252,59.66326141357422,107.50928497314453,286.63189697265625
2015-01-28,9.147160530090332,59.058570861816406,107.1435546875,286.63189697265625
2015-01-29,8.97181510925293,58.2523078918457,104.94950866699219,284.0624694824219
2015-01-30,9.0010404586792,58.2523078918457,103.12112426757812,275.78326416015625
2015-02-02,9.03026294708252,58.11793518066406,104.21815490722656,275.4977722167969
2015-02-03,9.147160530090332,58.72262191772461,105.68083953857422,276.9252624511719
2015-02-04,9.147160530090332,58.78981018066406,106.77787780761719,276.9252624511719
2015-02-05,9.205609321594238,58.65544128417969,106.41221618652344,276.9252624511719
2015-02-06,9.147160530090332,58.65544128417969,104.58381652832031,273.49932861328125
2015-02-09,9.147160530090332,58.453887939453125,103.85244750976562,278.6381530761719
2015-02-10,9.0010404586792,57.4460563659668,104.21815490722656,259.2248229980469
2015-02-11,9.205609321594238,56.975738525390625,108.24058532714844,259.2248229980469
2015-02-12,9.147160530090332,57.9163703918457,108.60623931884766,261.50872802734375
2015-02-13,9.117937088012695,57.64760971069336,108.60623931884766,262.0797424316406
2015-02-24,9.264059066772461,57.64760971069336,110.43465423583984,268.360595703125
2015-02-25,9.380953788757324,57.983558654785156,112.9944076538086,270.35894775390625
2015-02-26,9.351730346679688,58.52107620239258,110.06900787353516,270.0735168457031
2015-03-02,9.264059066772461,58.52107620239258,108.9719467163086,272.35736083984375
2015-03-03,9.264059066772461,57.983558654785156,110.06900787353516,273.2138671875
2015-03-04,9.205609321594238,59.32732391357422,110.06900787353516,271.5009765625
2015-03-05,9.147160530090332,59.46170425415039,109.70330810546875,271.5009765625
2015-03-06,9.147160530090332,59.66326141357422,108.9719467163086,268.6460266113281
2015-03-09,9.176385879516602,58.99138259887695,106.41221618652344,262.6507568359375
2015-03-10,9.176385879516602,58.52107620239258,105.31520080566406,262.6507568359375
2015-03-11,9.147160530090332,58.65544128417969,106.77787780761719,258.9393615722656
2015-03-12,9.234833717346191,58.52107620239258,108.24058532714844,258.9393615722656
2015-03-13,9.176385879516602,59.125762939453125,108.9719467163086,255.79896545410156
2015-03-16,9.147160530090332,58.65544128417969,106.77787780761719,246.6632843017578
2015-03-17,9.147160530090332,58.65544128417969,108.9719467163086,245.52139282226562
2015-03-18,9.205609321594238,59.058570861816406,112.26306915283203,248.6616973876953
2015-03-19,9.264059066772461,61.20859909057617,112.62876892089844,247.8052520751953
2015-03-20,9.147160530090332,62.48516845703125,112.62876892089844,248.94720458984375
2015-03-23,9.205609321594238,62.82112121582031,112.26306915283203,250.3746337890625
2015-03-24,9.176385879516602,62.68674087524414,110.80033111572266,254.65704345703125
2015-03-25,9.117937088012695,63.425811767578125,110.43465423583984,252.94407653808594
2015-03-26,8.913368225097656,63.425811767578125,106.41221618652344,251.23114013671875
2015-03-27,8.884142875671387,62.48516845703125,104.21815490722656,239.24057006835938
2015-03-30,8.94259262084961,63.15705490112305,104.21815490722656,238.66958618164062
2015-03-31,9.059488296508789,61.54453659057617,106.41221618652344,241.80995178222656
2015-04-01,8.913368225097656,61.61172866821289,105.31520080566406,239.5260467529297
2015-04-02,9.059488296508789,62.61955642700195,107.50928497314453,235.24371337890625
2015-04-07,9.234833717346191,62.8883056640625,106.77787780761719,240.3825225830078
2015-04-08,9.147160530090332,62.95549011230469,104.58381652832031,240.3825225830078
2015-04-09,9.0010404586792,62.48516845703125,104.58381652832031,240.95350646972656
2015-04-10,8.913368225097656,62.552371978759766,107.50928497314453,240.66802978515625
2015-04-13,8.913368225097656,62.417991638183594,107.50928497314453,239.5260467529297
2015-04-14,8.825695991516113,63.02267837524414,105.31520080566406,236.9566192626953
2015-04-15,8.504229545593262,61.88048553466797,104.58381652832031,227.5354766845703
2015-04-16,8.591901779174805,62.68674087524414,107.50928497314453,233.53076171875
2015-04-17,8.358108520507812,62.014869689941406,104.21815490722656,228.96292114257812
2015-04-20,8.18276309967041,62.350799560546875,104.58381652832031,222.68215942382812
2015-04-21,8.21198844909668,61.88048553466797,104.21815490722656,223.25308227539062
2015-04-22,8.241211891174316,61.81329345703125,104.94950866699219,229.53387451171875
2015-04-23,8.533453941345215,62.68674087524414,107.50928497314453,230.10488891601562
2015-04-24,8.562678337097168,63.56019592285156,111.53166961669922,239.24057006835938
2015-04-27,8.7087984085083,63.627376556396484,110.80033111572266,234.38723754882812
2015-04-28,8.679574966430664,62.8883056640625,110.80033111572266,227.8209991455078
2015-04-29,8.562678337097168,61.88048553466797,108.60623931884766,228.67742919921875
2015-04-30,8.533453941345215,61.81329345703125,107.50928497314453,225.53704833984375
2015-05-04,8.358108520507812,62.552371978759766,107.87492370605469,216.97235107421875
2015-05-05,8.358108520507812,62.552371978759766,107.50928497314453,213.83192443847656
2015-05-06,8.387333869934082,62.48516845703125,107.87492370605469,211.26255798339844
2015-05-07,8.21198844909668,61.88048553466797,107.1435546875,210.4060821533203
2015-05-08,8.095090866088867,62.28361511230469,107.1435546875,214.9739532470703
2015-05-11,8.18276309967041,62.61955642700195,108.60623931884766,211.26255798339844
2015-05-12,8.036643981933594,62.28361511230469,107.87492370605469,212.11900329589844
2015-05-13,8.153539657592773,63.493003845214844,108.24058532714844,226.9644775390625
2015-05-14,8.036643981933594,62.95549011230469,106.77787780761719,224.3950958251953
2015-05-15,8.036643981933594,62.552371978759766,107.1435546875,222.68215942382812
2015-05-18,7.948970317840576,65.038330078125,107.1435546875,223.53858947753906
2015-05-19,8.153539657592773,66.11334991455078,107.1435546875,223.82411193847656
2015-05-20,8.12431526184082,65.50865173339844,107.1435546875,228.10643005371094
2015-05-21,8.065866470336914,65.17269897460938,106.41221618652344,228.3919219970703
2015-05-22,8.12431526184082,64.83677673339844,106.41221618652344,234.1017303466797
2015-05-25,8.065866470336914,65.10552215576172,107.87492370605469,226.9644775390625
2015-05-26,8.12431526184082,65.44145965576172,107.1435546875,228.10643005371094
2015-05-27,8.153539657592773,65.44145965576172,106.04652404785156,228.3919219970703
2015-05-28,8.241211891174316,66.0461654663086,107.50928497314453,233.53076171875
2015-05-29,8.12431526184082,66.58366394042969,106.77787780761719,236.671142578125
2015-06-01,8.036643981933594,65.37427520751953,106.04652404785156,234.1017303466797
2015-06-02,8.007418632507324,65.71021270751953,105.31520080566406,234.1017303466797
2015-06-03,8.065866470336914,65.17269897460938,104.58381652832031,234.1017303466797
2015-06-04,7.861298084259033,63.493003845214844,103.12112426757812,230.10488891601562
2015-06-05,7.802849769592285,63.35863494873047,102.38975524902344,228.67742919921875
2015-06-08,7.715177536010742,63.76176071166992,101.29271697998047,228.67742919921875
2015-06-09,7.627505302429199,62.61955642700195,101.65840148925781,229.2484130859375
2015-06-10,7.744401931762695,64.23206329345703,102.02406311035156,230.390380859375
2015-06-11,7.6567277908325195,64.36644744873047,104.94950866699219,230.390380859375
2015-06-12,7.6567277908325195,63.828948974609375,105.68083953857422,237.52760314941406
2015-06-15,7.715177536010742,63.15705490112305,104.58381652832031,233.53076171875
2015-06-16,7.598281383514404,63.6945686340332,103.85244750976562,235.52919006347656
2015-06-17,7.569056987762451,63.425811767578125,104.21815490722656,242.38096618652344
2015-06-18,7.598281383514404,63.56019592285156,103.85244750976562,241.2389678955078
2015-06-22,7.685952663421631,65.30709838867188,103.85244750976562,247.8052520751953
2015-06-23,7.773624897003174,65.23990631103516,105.68083953857422,243.23745727539062
2015-06-24,7.744401931762695,65.57583618164062,106.04652404785156,240.66802978515625
2015-06-25,7.919746398925781,66.5164794921875,107.1435546875,246.94879150390625
2015-06-26,7.744401931762695,66.6508560180664,106.77787780761719,242.66644287109375
2015-06-29,7.5106072425842285,65.10552215576172,104.51394653320312,243.23745727539062
2015-06-30,7.627505302429199,65.17269897460938,106.02318572998047,240.95350646972656
2015-07-01,7.744401931762695,65.84459686279297,106.40050506591797,244.0938720703125
2015-07-02,7.685952663421631,65.84459686279297,106.77776336669922,240.3825225830078
2015-07-03,7.773624897003174,65.37427520751953,107.53241729736328,243.23745727539062
2015-07-06,7.627505302429199,64.702392578125,106.02318572998047,239.24057006835938
2015-07-07,7.539833068847656,65.37427520751953,106.02318572998047,238.66958618164062
2015-07-08,7.247591495513916,63.493003845214844,104.13665008544922,230.10488891601562
2015-07-09,7.2768144607543945,62.75393295288086,103.00470733642578,228.3919219970703
2015-07-10,7.2768144607543945,62.75393295288086,103.00470733642578,228.3919219970703
2015-07-13,7.335263729095459,64.63520050048828,104.51394653320312,227.24998474121094
2015-07-14,7.426766872406006,63.627376556396484,104.51394653320312,222.11117553710938
2015-07-15,7.457328796386719,64.29927062988281,104.51394653320312,225.7423553466797
2015-07-16,7.457328796386719,64.50082397460938,103.00470733642578,223.32156372070312
2015-07-17,7.335077285766602,63.89613342285156,105.6458740234375,220.90074157714844
2015-07-20,7.304513931274414,63.89613342285156,104.8912582397461,209.7043914794922
2015-07-21,7.365640640258789,64.702392578125,106.02318572998047,216.05905151367188
2015-07-22,7.029450416564941,63.6945686340332,104.8912582397461,212.12521362304688
2015-07-23,6.81550931930542,60.80546569824219,102.62742614746094,206.98092651367188
2015-07-24,6.907198429107666,60.80546569824219,103.38204956054688,197.29759216308594
2015-07-27,6.784946441650391,60.536705017089844,101.11819458007812,192.15335083007812
2015-07-28,6.662694454193115,60.46952438354492,101.11819458007812,194.57418823242188
2015-07-29,6.57100772857666,61.47734832763672,102.2500991821289,195.1793670654297
2015-07-30,6.937760829925537,61.07423400878906,104.51394653320312,197.90280151367188
2015-07-31,6.8766350746154785,60.93984603881836,105.26854705810547,200.92886352539062
2015-08-03,6.846073150634766,59.93201446533203,101.49547576904297,180.95703125
2015-08-04,6.81550931930542,60.133583068847656,103.00470733642578,169.4580841064453
2015-08-05,6.8766350746154785,59.797637939453125,101.11819458007812,163.40599060058594
2015-08-06,6.8766350746154785,59.46170425415039,101.11819458007812,166.43202209472656
2015-08-07,6.846073150634766,59.46170425415039,100.36358642578125,168.24766540527344
2015-08-10,6.846073150634766,59.46170425415039,97.34513092041016,174.29974365234375
2015-08-11,6.846073150634766,59.46170425415039,98.47704315185547,171.87889099121094
2015-08-12,6.8766350746154785,58.11793518066406,96.9677963256836,169.4580841064453
2015-08-13,6.846073150634766,58.72262191772461,96.59050750732422,169.15548706054688
2015-08-14,6.846073150634766,59.59607696533203,95.08129119873047,163.40599060058594
2015-08-17,6.784946441650391,59.26013946533203,93.57205200195312,160.3799591064453
2015-08-18,6.81550931930542,59.32732391357422,95.08129119873047,161.5903778076172
2015-08-19,6.662694454193115,59.19294738769531,94.32667541503906,157.9591522216797
2015-08-20,6.632132530212402,58.72262191772461,95.08129119873047,157.3539276123047
2015-08-21,6.357067108154297,57.4460563659668,91.30821990966797,153.72267150878906
2015-08-24,6.14312744140625,54.825706481933594,86.7805404663086,138.5924835205078
2015-08-25,6.387630462646484,57.110107421875,93.19477081298828,142.22377014160156
2015-08-26,6.357067108154297,56.10227966308594,92.44013977050781,138.89511108398438
2015-08-27,6.448755741119385,56.84135055541992,93.57205200195312,139.1977081298828
2015-08-28,6.601569652557373,59.52888488769531,94.32667541503906,153.1174774169922
2015-08-31,6.57100772857666,62.149234771728516,97.34513092041016,151.9070587158203
2015-09-01,6.57100772857666,60.33515167236328,93.57205200195312,148.27581787109375
2015-09-02,6.601569652557373,60.872657775878906,94.70398712158203,147.06539916992188
2015-09-03,6.937760829925537,61.78083419799805,95.8359146118164,146.46018981933594
2015-09-04,6.754384517669678,61.11811065673828,94.32667541503906,146.46018981933594
2015-09-07,6.723821640014648,61.044471740722656,92.44013977050781,149.18362426757812
2015-09-08,6.784946441650391,60.97083282470703,92.8174819946289,154.327880859375
2015-09-09,6.968323707580566,62.959007263183594,97.34513092041016,169.4580841064453
2015-09-10,7.029450416564941,62.296287536621094,94.32667541503906,165.2216339111328
2015-09-11,7.029450416564941,62.36993408203125,96.21320343017578,167.6424560546875
2015-09-14,7.029450416564941,62.66447067260742,96.21320343017578,167.6424560546875
2015-09-15,6.998886585235596,62.36993408203125,95.08129119873047,164.01119995117188
2015-09-16,6.968323707580566,62.59083938598633,97.7224349975586,167.03724670410156
2015-09-17,7.060011386871338,62.959007263183594,98.8543472290039,167.6424560546875
2015-09-18,7.090575695037842,62.959007263183594,99.23162841796875,168.55027770996094
2015-09-21,6.846073150634766,62.00174331665039,97.7224349975586,159.47218322753906
2015-09-22,6.907198429107666,62.66447067260742,97.34513092041016,157.3539276123047
2015-09-23,6.693258285522461,61.92811584472656,93.94938659667969,151.9070587158203
2015-09-24,6.601569652557373,61.559932708740234,95.8359146118164,142.82894897460938
2015-09-25,6.693258285522461,62.07537841796875,95.8359146118164,143.4341583251953
2015-09-29,6.693258285522461,62.07537841796875,95.8359146118164,143.4341583251953
2015-09-30,6.601569652557373,63.03264236450195,98.09971618652344,147.3679962158203
2015-10-01,6.662694454193115,63.25356674194336,100.74087524414062,151.60446166992188
2015-10-02,6.693258285522461,63.10628890991211,99.60896301269531,150.9992218017578
2015-10-05,6.81550931930542,63.32719039916992,99.98626708984375,147.06539916992188
2015-10-06,6.8766350746154785,63.621742248535156,100.36358642578125,148.27581787109375
2015-10-07,6.907198429107666,63.98992919921875,101.87281799316406,156.14352416992188
2015-10-08,6.8766350746154785,63.842647552490234,102.62742614746094,160.68255615234375
2015-10-12,6.968323707580566,64.87355041503906,104.51394653320312,161.2877960205078
2015-10-13,6.998886585235596,64.4317398071289,103.75932312011719,167.6424560546875
2015-10-14,7.273952484130859,63.400848388671875,103.00470733642578,164.91903686523438
2015-10-15,7.518454551696777,63.842647552490234,105.6458740234375,167.03724670410156
2015-10-16,7.426766872406006,64.65264892578125,103.75932312011719,167.03724670410156
2015-10-19,7.549018383026123,64.57901000976562,104.13665008544922,165.82684326171875
2015-10-20,7.487892150878906,64.13719940185547,104.8912582397461,166.43202209472656
2015-10-21,7.365640640258789,63.621742248535156,104.51394653320312,160.0773468017578
2015-10-22,7.426766872406006,63.76899719238281,103.75932312011719,161.5903778076172
2015-10-23,7.549018383026123,64.35810089111328,105.6458740234375,161.5903778076172
2015-10-26,7.610142707824707,65.31538391113281,105.6458740234375,164.3137969970703
2015-10-27,7.640706539154053,65.24175262451172,104.8912582397461,160.0773468017578
2015-10-28,7.396204471588135,64.79991912841797,104.13665008544922,154.93309020996094
2015-10-29,7.273952484130859,63.91628646850586,103.00470733642578,153.1174774169922
2015-10-30,7.273952484130859,63.76899719238281,103.00470733642578,154.0252685546875
2015-11-02,7.365640640258789,64.35810089111328,103.75932312011719,163.40599060058594
2015-11-03,7.518454551696777,64.65264892578125,105.26854705810547,167.03724670410156
2015-11-04,7.579580307006836,65.31538391113281,109.0416259765625,183.0752410888672
2015-11-05,7.701831340789795,64.94719696044922,107.53241729736328,179.74661254882812
2015-11-06,7.579580307006836,63.76899719238281,105.6458740234375,174.29974365234375
2015-11-09,7.426766872406006,63.32719039916992,107.15509033203125,173.08929443359375
2015-11-10,7.365640640258789,62.222652435302734,105.26854705810547,172.7866973876953
2015-11-11,7.335077285766602,61.41267013549805,103.75932312011719,166.43202209472656
2015-11-12,7.304513931274414,61.78083419799805,104.51394653320312,164.61643981933594
2015-11-13,7.273952484130859,61.559932708740234,102.62742614746094,160.68255615234375
2015-11-16,7.060011386871338,60.97083282470703,101.87281799316406,163.70863342285156
2015-11-17,7.457328796386719,62.59083938598633,104.51394653320312,160.68255615234375
2015-11-18,7.396204471588135,62.44356155395508,103.38204956054688,156.14352416992188
2015-11-19,7.487892150878906,62.959007263183594,106.02318572998047,160.3799591064453
2015-11-20,7.549018383026123,63.32719039916992,106.40050506591797,158.26173400878906
2015-11-23,7.579580307006836,62.959007263183594,106.40050506591797,166.43202209472656
2015-11-24,7.304513931274414,62.07537841796875,105.26854705810547,162.19558715820312
2015-11-25,7.396204471588135,62.07537841796875,106.40050506591797,158.866943359375
2015-11-26,7.457328796386719,62.885379791259766,107.53241729736328,165.82684326171875
2015-11-27,7.365640640258789,62.59083938598633,104.8912582397461,161.5903778076172
2015-11-30,7.24338960647583,61.85447311401367,104.8912582397461,157.65652465820312
2015-12-01,7.457328796386719,63.32719039916992,107.53241729736328,157.9591522216797
2015-12-02,7.365640640258789,63.10628890991211,107.53241729736328,162.80079650878906
2015-12-03,7.487892150878906,62.36993408203125,107.53241729736328,165.82684326171875
2015-12-04,7.365640640258789,62.00174331665039,106.02318572998047,162.80079650878906
2015-12-07,7.396204471588135,62.36993408203125,108.28703308105469,166.43202209472656
2015-12-08,7.304513931274414,61.78083419799805,107.53241729736328,163.40599060058594
2015-12-09,7.090575695037842,61.339019775390625,106.02318572998047,159.77474975585938
2015-12-10,7.060011386871338,61.044471740722656,106.40050506591797,157.3539276123047
2015-12-11,7.151700019836426,61.19174575805664,105.26854705810547,155.8408966064453
2015-12-14,7.151700019836426,59.49810791015625,104.8912582397461,154.327880859375
2015-12-15,7.090575695037842,58.90900802612305,104.13665008544922,156.7487030029297
2015-12-16,7.212826728820801,59.056297302246094,108.28703308105469,153.1174774169922
2015-12-17,7.426766872406006,60.67628860473633,109.4189224243164,156.7487030029297
2015-12-18,7.335077285766602,59.79266357421875,107.15509033203125,156.7487030029297
2015-12-21,7.610142707824707,59.93992614746094,106.77776336669922,153.72267150878906
2015-12-22,7.549018383026123,59.424468994140625,107.15509033203125,157.65652465820312
2015-12-23,7.610142707824707,59.86629104614258,106.77776336669922,155.538330078125
2015-12-24,7.518454551696777,60.08720016479492,107.15509033203125,154.0252685546875
2015-12-25,7.579580307006836,60.08720016479492,107.90971374511719,155.23568725585938
2015-12-28,7.518454551696777,59.645389556884766,108.28703308105469,157.0513458251953
2015-12-29,7.426766872406006,59.424468994140625,107.15509033203125,151.30186462402344
2015-12-30,7.396204471588135,59.571754455566406,107.53241729736328,150.39404296875
2015-12-31,7.396204471588135,59.49810791015625,107.90971374511719,151.30186462402344
2016-01-04,7.212826728820801,58.17264938354492,105.26854705810547,148.27581787109375
2016-01-05,7.182262897491455,58.24629211425781,104.13665008544922,146.76280212402344
2016-01-06,7.182262897491455,58.17264938354492,102.2500991821289,137.382080078125
2016-01-07,6.998886585235596,57.65719223022461,100.36358642578125,124.6727294921875
2016-01-08,6.968323707580566,57.43628692626953,101.11819458007812,129.2117919921875
2016-01-11,6.754384517669678,55.52175521850586,100.36358642578125,126.48834228515625
2016-01-12,6.784946441650391,56.18447494506836,100.36358642578125,124.97532653808594
2016-01-13,6.754384517669678,56.4053840637207,100.74087524414062,124.97532653808594
2016-01-14,6.81550931930542,55.96356964111328,99.23162841796875,125.88313293457031
2016-01-15,6.8766350746154785,55.4481201171875,103.38204956054688,124.06752014160156
2016-01-18,6.81550931930542,55.15357208251953,103.38204956054688,127.09356689453125
2016-01-19,6.81550931930542,55.4481201171875,104.13665008544922,131.0274200439453
2016-01-20,6.784946441650391,53.82811737060547,101.49547576904297,127.09356689453125
2016-01-21,6.784946441650391,53.533573150634766,101.87281799316406,127.09356689453125
2016-01-22,6.8766350746154785,55.079933166503906,104.51394653320312,128.30397033691406
2016-01-25,6.998886585235596,55.96356964111328,105.26854705810547,129.81698608398438
2016-01-26,7.151700019836426,55.59538269042969,103.75932312011719,126.48834228515625
2016-01-27,7.151700019836426,55.4481201171875,105.26854705810547,127.6987533569336
2016-01-28,7.793521404266357,55.300846099853516,105.6458740234375,125.88313293457031
2016-01-29,7.854644775390625,57.28902816772461,107.90971374511719,129.51437377929688
2016-02-01,7.885209083557129,58.54084014892578,108.66435241699219,127.09356689453125
2016-02-02,8.00745964050293,57.73085021972656,107.53241729736328,128.30397033691406
2016-02-03,7.885209083557129,56.4053840637207,110.17355346679688,121.0414810180664
2016-02-15,8.068585395812988,55.00630187988281,109.4189224243164,124.3701400756836
2016-02-16,8.038022994995117,56.4053840637207,111.30548095703125,128.00135803222656
2016-02-17,8.09914779663086,56.47902297973633,111.68277740478516,127.09356689453125
2016-02-18,8.190837860107422,57.21538543701172,113.94660949707031,133.14564514160156
2016-02-19,8.068585395812988,56.47902297973633,113.94660949707031,133.44825744628906
2016-02-22,8.068585395812988,56.47902297973633,113.94660949707031,138.5924835205078
2016-02-23,8.068585395812988,56.6999397277832,112.81472778320312,139.80291748046875
2016-02-24,8.068585395812988,56.331756591796875,111.68277740478516,137.382080078125
2016-02-25,8.09914779663086,57.80448532104492,113.5693359375,141.92112731933594
2016-02-26,8.160273551940918,57.43628692626953,112.4373779296875,142.82894897460938
2016-03-01,8.190837860107422,57.21538543701172,114.70123291015625,140.71070861816406
2016-03-02,8.160273551940918,58.54084014892578,115.45584869384766,141.6185302734375
2016-03-03,8.221399307250977,59.277198791503906,116.21050262451172,145.24978637695312
2016-03-04,8.190837860107422,61.044471740722656,115.0785140991211,145.24978637695312
2016-03-07,8.190837860107422,60.08720016479492,114.70123291015625,142.22377014160156
2016-03-08,8.068585395812988,61.11811065673828,114.70123291015625,142.22377014160156
2016-03-09,7.885209083557129,60.97083282470703,115.45584869384766,144.34194946289062
2016-03-10,8.038022994995117,61.11811065673828,116.5877685546875,140.71070861816406
2016-03-11,8.09914779663086,61.26537322998047,116.9650650024414,145.85499572753906
2016-03-14,8.190837860107422,61.85447311401367,117.71968841552734,157.3539276123047
2016-03-15,8.09914779663086,60.602664947509766,116.5877685546875,150.09141540527344
2016-03-16,8.09914779663086,61.11811065673828,117.71968841552734,152.8148651123047
2016-03-17,8.129711151123047,60.749916076660156,119.6062240600586,152.8148651123047
2016-03-18,8.129711151123047,61.85447311401367,120.36083221435547,156.14352416992188
2016-03-21,8.160273551940918,62.222652435302734,120.73814392089844,155.538330078125
2016-03-22,8.129711151123047,62.07537841796875,119.6062240600586,150.09141540527344
2016-03-23,8.068585395812988,62.00174331665039,120.36083221435547,147.3679962158203
2016-03-24,8.09914779663086,62.222652435302734,119.6062240600586,148.88104248046875
2016-03-25,8.00745964050293,61.70719909667969,119.22894287109375,147.3679962158203
2016-03-28,8.00745964050293,62.222652435302734,119.98352813720703,145.24978637695312
2016-03-29,7.885209083557129,61.63357162475586,119.98352813720703,147.67059326171875
2016-03-30,8.09914779663086,61.63357162475586,121.87007141113281,150.9992218017578
2016-03-31,8.129711151123047,62.44356155395508,122.24736022949219,149.48623657226562
2016-04-01,8.038022994995117,61.11811065673828,119.6062240600586,145.85499572753906
2016-04-06,7.793521404266357,59.79266357421875,115.83316802978516,139.80291748046875
2016-04-07,7.701831340789795,60.01356506347656,116.5877685546875,138.5924835205078
2016-04-08,7.793521404266357,60.30811309814453,118.85157775878906,138.89511108398438
2016-04-11,7.701831340789795,59.79266357421875,119.6062240600586,140.40811157226562
2016-04-12,7.885209083557129,60.38174819946289,119.6062240600586,134.3560333251953
2016-04-13,7.885209083557129,61.63357162475586,121.87007141113281,136.47430419921875
2016-04-14,7.854644775390625,60.67628860473633,121.87007141113281,139.80291748046875
2016-04-15,7.854644775390625,61.044471740722656,120.36083221435547,141.6185302734375
2016-04-18,7.885209083557129,60.82356643676758,119.22894287109375,141.92112731933594
2016-04-19,7.732395172119141,60.01356506347656,118.85157775878906,140.71070861816406
2016-04-20,7.701831340789795,58.3199348449707,116.21050262451172,140.40811157226562
2016-04-21,7.671268939971924,59.12993621826172,118.47431945800781,141.6185302734375
2016-04-22,7.762955665588379,59.645389556884766,118.09699249267578,139.1977081298828
2016-04-25,7.762955665588379,59.12993621826172,118.85157775878906,137.98728942871094
2016-04-26,7.762955665588379,59.056297302246094,119.22894287109375,143.13157653808594
2016-04-27,7.671268939971924,58.54084014892578,118.09699249267578,146.46018981933594
2016-04-28,7.335077285766602,57.87810516357422,115.45584869384766,142.82894897460938
2016-04-29,7.335077285766602,56.7735710144043,113.19200897216797,139.1977081298828
2016-05-03,7.121138095855713,55.66903305053711,111.30548095703125,127.6987533569336
2016-05-04,6.998886585235596,55.74266052246094,110.92821502685547,121.94930267333984
2016-05-05,6.907198429107666,55.52175521850586,111.30548095703125,122.85709381103516
2016-05-06,6.907198429107666,54.343570709228516,111.68277740478516,116.19981384277344
2016-05-09,6.8766350746154785,53.45994186401367,111.30548095703125,118.62065887451172
2016-05-10,6.8766350746154785,55.079933166503906,110.92821502685547,123.46231079101562
2016-05-11,6.8766350746154785,54.4908447265625,110.92821502685547,121.0414810180664
2016-05-12,6.968323707580566,53.97538757324219,110.17355346679688,121.0414810180664
2016-05-13,6.907198429107666,54.7853889465332,108.66435241699219,121.0414810180664
2016-05-16,6.998886585235596,54.4908447265625,109.0416259765625,121.94930267333984
2016-05-17,7.060011386871338,54.71175765991211,110.92821502685547,122.55448913574219
2016-05-18,7.060011386871338,54.7853889465332,110.92821502685547,123.15969848632812
2016-05-19,7.029450416564941,54.63810729980469,110.92821502685547,121.0414810180664
2016-05-20,7.060011386871338,54.4908447265625,112.06005096435547,122.25189208984375
2016-05-23,7.212826728820801,56.99448013305664,116.21050262451172,127.09356689453125
2016-05-24,7.212826728820801,56.25811767578125,113.94660949707031,126.48834228515625
2016-05-25,7.335077285766602,57.73085021972656,116.5877685546875,127.6987533569336
2016-05-26,7.396204471588135,57.50993347167969,116.9650650024414,129.51437377929688
2016-05-27,7.426766872406006,57.73085021972656,118.09699249267578,128.6065673828125
2016-05-30,7.457328796386719,58.54084014892578,118.47431945800781,131.0274200439453
2016-05-31,7.457328796386719,58.98265075683594,118.09699249267578,133.14564514160156
2016-06-01,7.487892150878906,59.35085678100586,119.98352813720703,134.3560333251953
2016-06-02,7.487892150878906,58.393558502197266,119.98352813720703,130.11961364746094
2016-06-03,7.579580307006836,58.90900802612305,121.11544036865234,132.54043579101562
2016-06-06,7.579580307006836,59.056297302246094,121.49275970458984,138.89511108398438
2016-06-07,7.610142707824707,59.719017028808594,122.24736022949219,141.01332092285156
2016-06-08,7.579580307006836,59.86629104614258,124.8885498046875,139.1977081298828
2016-06-13,7.457328796386719,57.87810516357422,122.24736022949219,133.14564514160156
2016-06-14,7.396204471588135,58.835391998291016,122.24736022949219,136.17166137695312
2016-06-15,7.487892150878906,59.056297302246094,123.00199127197266,139.5003204345703
2016-06-16,7.335077285766602,58.025390625,121.11544036865234,136.77687072753906
2016-06-17,7.426766872406006,58.393558502197266,123.00199127197266,137.382080078125
2016-06-20,7.610142707824707,59.277198791503906,123.00199127197266,137.6846923828125
2016-06-21,7.487892150878906,59.424468994140625,124.8885498046875,138.89511108398438
2016-06-22,7.610142707824707,60.01356506347656,125.26577758789062,138.5924835205078
2016-06-23,7.671268939971924,61.044471740722656,123.75656127929688,137.98728942871094
2016-06-24,7.335077285766602,60.01356506347656,119.98352813720703,135.2638397216797
2016-06-27,7.610142707824707,60.38174819946289,121.94400024414062,137.0794677734375
2016-06-28,7.518454551696777,60.749916076660156,123.12036895751953,138.5924835205078
2016-06-29,7.671268939971924,60.749916076660156,124.68877410888672,143.7367401123047
2016-06-30,7.701831340789795,60.749916076660156,127.43350219726562,147.67059326171875
2016-07-01,7.671268939971924,60.89719772338867,130.1781768798828,148.27581787109375
2016-07-04,7.732395172119141,61.339019775390625,130.1781768798828,154.63052368164062
2016-07-05,7.701831340789795,61.11811065673828,128.6097869873047,148.27581787109375
2016-07-06,7.549018383026123,60.01356506347656,126.64927673339844,143.4341583251953
2016-07-07,7.579580307006836,60.45537567138672,129.0019073486328,144.03936767578125
2016-07-08,7.579580307006836,60.45537567138672,129.0019073486328,144.03936767578125
2016-07-11,7.915771484375,60.749916076660156,133.31503295898438,149.48623657226562
2016-07-12,7.957327842712402,61.339019775390625,134.09922790527344,150.09141540527344
2016-07-13,7.989285945892334,61.48628234863281,132.13873291015625,149.48623657226562
2016-07-14,7.989285945892334,61.48628234863281,132.53085327148438,148.88104248046875
2016-07-15,7.893414497375488,62.222652435302734,132.92295837402344,151.73194885253906
2016-07-18,7.989285945892334,63.32719039916992,132.92295837402344,152.0487060546875
2016-07-19,7.957327842712402,63.4744758605957,133.70713806152344,152.0487060546875
2016-07-20,7.893414497375488,63.32719039916992,133.31503295898438,150.78163146972656
2016-07-21,7.989285945892334,64.35810089111328,134.88345336914062,149.19778442382812
2016-07-22,7.861456394195557,64.50538635253906,134.09922790527344,149.51454162597656
2016-07-25,7.861456394195557,64.50538635253906,134.49131774902344,149.51454162597656
2016-07-26,7.925371170043945,64.65264892578125,135.66763305664062,152.6822509765625
2016-07-27,8.021241188049316,65.53628540039062,137.23605346679688,152.0487060546875
2016-07-28,7.733628273010254,65.53628540039062,138.41238403320312,154.5828399658203
2016-07-29,7.605799198150635,64.72628021240234,135.2755584716797,154.2660675048828
2016-08-01,7.605799198150635,65.38900756835938,138.80447387695312,157.7505340576172
2016-08-02,7.637755870819092,65.1681137084961,138.02024841308594,158.38406372070312
2016-08-03,7.541885852813721,64.4317398071289,135.2755584716797,157.7505340576172
2016-08-04,7.605799198150635,64.79991912841797,136.84397888183594,153.63255310058594
2016-08-05,7.605799198150635,65.09447479248047,138.80447387695312,157.7505340576172
2016-08-08,7.605799198150635,66.27265930175781,139.5886993408203,157.43377685546875
2016-08-09,7.637755870819092,66.1989974975586,139.98074340820312,158.38406372070312
2016-08-10,7.605799198150635,66.27265930175781,140.7650146484375,158.38406372070312
2016-08-11,7.637755870819092,65.90447235107422,138.41238403320312,157.43377685546875
2016-08-12,7.669714450836182,63.4744758605957,139.1966094970703,157.7505340576172
2016-08-15,7.573842525482178,64.21083068847656,140.37290954589844,157.7505340576172
2016-08-16,7.509928226470947,63.4744758605957,137.62814331054688,158.0673065185547
2016-08-17,7.509928226470947,62.59083938598633,138.80447387695312,158.70082092285156
2016-08-18,7.446013927459717,63.10628890991211,138.02024841308594,158.38406372070312
2016-08-19,7.38209867477417,62.81174087524414,136.84397888183594,155.21640014648438
2016-08-22,7.286228179931641,62.885379791259766,135.2755584716797,153.94931030273438
2016-08-23,7.318184852600098,63.179931640625,137.23605346679688,154.5828399658203
2016-08-24,7.3501434326171875,64.06356048583984,136.05975341796875,152.6822509765625
2016-08-25,7.541885852813721,65.02083587646484,138.41238403320312,153.94931030273438
2016-08-26,7.509928226470947,65.1681137084961,138.80447387695312,154.2660675048828
2016-08-29,7.38209867477417,65.90447235107422,138.02024841308594,154.8996124267578
2016-08-30,7.414056777954102,65.60992431640625,136.45188903808594,158.0673065185547
2016-08-31,7.38209867477417,64.79991912841797,138.41238403320312,158.38406372070312
2016-09-01,7.318184852600098,64.4317398071289,136.45188903808594,158.70082092285156
2016-09-02,7.414056777954102,65.52745819091797,136.45188903808594,155.21640014648438
2016-09-05,7.477970600128174,66.46115112304688,138.80447387695312,162.50204467773438
2016-09-06,7.509928226470947,67.64946746826172,139.5886993408203,160.60147094726562
2016-09-07,7.573842525482178,67.56459045410156,145.078125,160.918212890625
2016-09-08,7.509928226470947,66.71578216552734,143.50970458984375,159.01760864257812
2016-09-09,7.446013927459717,65.95186614990234,141.5491943359375,155.21640014648438
2016-09-12,7.414056777954102,65.95186614990234,137.62814331054688,151.098388671875
2016-09-13,7.38209867477417,65.61234283447266,137.62814331054688,151.73194885253906
2016-09-14,7.286228179931641,65.95186614990234,136.45188903808594,152.0487060546875
2016-09-19,7.414056777954102,68.32852172851562,143.50970458984375,153.3157958984375
2016-09-20,7.38209867477417,68.07386779785156,143.90182495117188,155.5331573486328
2016-09-21,7.541885852813721,67.90410614013672,144.29391479492188,155.8499298095703
2016-09-22,7.509928226470947,67.64946746826172,145.078125,155.5331573486328
2016-09-23,7.477970600128174,67.7343521118164,146.64651489257812,156.1666717529297
2016-09-26,7.414056777954102,67.05531311035156,143.90182495117188,154.5828399658203
2016-09-27,7.414056777954102,67.05531311035156,143.90182495117188,154.5828399658203
2016-09-28,7.414056777954102,67.05531311035156,143.90182495117188,154.5828399658203
2016-09-29,7.477970600128174,67.81922912597656,146.64651489257812,155.21640014648438
2016-09-30,7.38209867477417,67.22505950927734,144.29391479492188,152.36546325683594
2016-10-03,7.414056777954102,67.22505950927734,145.8623046875,152.6822509765625
2016-10-04,7.414056777954102,67.47970581054688,146.64651489257812,153.94931030273438
2016-10-05,7.414056777954102,67.56459045410156,145.8623046875,156.48345947265625
2016-10-06,7.414056777954102,68.07386779785156,147.0386199951172,154.2660675048828
2016-10-07,7.3501434326171875,67.90410614013672,147.4307098388672,152.6822509765625
2016-10-11,7.446013927459717,68.8377914428711,147.0386199951172,152.6822509765625
2016-10-12,7.38209867477417,69.26219940185547,148.60699462890625,152.0487060546875
2016-10-13,7.3501434326171875,69.43195343017578,147.82284545898438,150.46487426757812
2016-10-14,7.446013927459717,68.92266845703125,147.4307098388672,149.8313446044922
2016-10-17,7.38209867477417,69.51683807373047,146.25445556640625,152.6822509765625
2016-10-18,7.446013927459717,69.68659973144531,146.64651489257812,152.0487060546875
2016-10-19,7.477970600128174,69.94123840332031,148.60699462890625,150.78163146972656
2016-10-20,7.446013927459717,70.87491607666016,149.39126586914062,149.51454162597656
2016-10-21,7.477970600128174,71.55394744873047,147.82284545898438,149.19778442382812
2016-10-24,7.446013927459717,71.46907806396484,149.7833251953125,150.78163146972656
2016-10-25,7.477970600128174,72.74227142333984,151.35169982910156,153.94931030273438
2016-10-26,7.38209867477417,72.65739440917969,150.17543029785156,152.36546325683594
2016-10-27,7.3501434326171875,72.48764038085938,147.82284545898438,151.4151611328125
2016-10-28,7.477970600128174,71.97834777832031,148.60699462890625,150.46487426757812
2016-10-31,7.509928226470947,72.40275573730469,147.82284545898438,152.0487060546875
2016-11-01,7.509928226470947,71.80859375,148.60699462890625,150.46487426757812
2016-11-02,7.477970600128174,70.11099243164062,145.8623046875,149.8313446044922
2016-11-03,7.414056777954102,69.34707641601562,144.68601989746094,149.8313446044922
2016-11-04,7.414056777954102,69.6017074584961,144.68601989746094,143.17916870117188
2016-11-07,7.446013927459717,70.87491607666016,148.21493530273438,146.3468780517578
2016-11-08,7.477970600128174,70.45052337646484,147.82284545898438,144.44625854492188
2016-11-09,7.3501434326171875,68.2436294555664,142.7255096435547,139.6947479248047
2016-11-10,7.414056777954102,69.17731475830078,145.47019958496094,140.6450653076172
2016-11-11,7.254271030426025,67.05531311035156,142.3334197998047,136.21029663085938
2016-11-14,7.222313404083252,67.05531311035156,141.5491943359375,138.4276885986328
2016-11-15,7.222313404083252,67.05531311035156,141.15708923339844,136.8438262939453
2016-11-16,7.222313404083252,67.05531311035156,141.15708923339844,136.8438262939453
2016-11-17,7.254271030426025,68.41339874267578,142.3334197998047,140.3282928466797
2016-11-18,7.222313404083252,68.66803741455078,141.94131469726562,143.81272888183594
2016-11-21,7.286228179931641,68.66803741455078,141.94131469726562,141.27857971191406
2016-11-22,7.286228179931641,68.92266845703125,144.29391479492188,144.76303100585938
2016-11-23,7.318184852600098,69.6017074584961,145.47019958496094,143.17916870117188
2016-11-24,7.254271030426025,68.8377914428711,143.50970458984375,140.6450653076172
2016-11-25,7.254271030426025,68.32852172851562,142.7255096435547,140.3282928466797
2016-11-28,7.254271030426025,69.00755310058594,144.29391479492188,141.59536743164062
2016-11-29,7.254271030426025,69.6017074584961,142.7255096435547,140.3282928466797
2016-11-30,7.190357208251953,69.6017074584961,143.50970458984375,140.3282928466797
2016-12-01,7.254271030426025,69.94123840332031,143.50970458984375,142.22889709472656
2016-12-02,7.222313404083252,69.34707641601562,139.5886993408203,142.54566955566406
2016-12-05,7.15839958190918,69.00755310058594,140.37290954589844,141.59536743164062
2016-12-06,7.286228179931641,69.85635375976562,142.7255096435547,143.17916870117188
2016-12-07,7.254271030426025,70.53538513183594,142.3334197998047,142.54566955566406
2016-12-08,7.286228179931641,71.97834777832031,145.47019958496094,145.71336364746094
2016-12-09,7.254271030426025,72.14811706542969,145.8623046875,146.0301055908203
2016-12-12,7.222313404083252,70.79003143310547,145.078125,145.39659118652344
2016-12-13,7.222313404083252,71.63883972167969,145.8623046875,144.76303100585938
2016-12-14,7.15839958190918,71.044677734375,147.0386199951172,142.54566955566406
2016-12-15,7.222313404083252,71.46907806396484,146.64651489257812,144.44625854492188
2016-12-16,7.222313404083252,70.95978546142578,145.078125,143.17916870117188
2016-12-19,7.222313404083252,70.28076171875,143.11758422851562,141.91213989257812
2016-12-20,7.222313404083252,71.044677734375,143.11758422851562,139.0612030029297
2016-12-21,7.222313404083252,70.70514678955078,141.15708923339844,137.16061401367188
2016-12-22,7.222313404083252,70.28076171875,140.37290954589844,137.4773712158203
2016-12-23,7.222313404083252,70.19586944580078,139.98074340820312,137.16061401367188
2016-12-26,7.222313404083252,70.70514678955078,140.7650146484375,136.8438262939453
2016-12-27,7.222313404083252,70.87491607666016,141.15708923339844,138.1108856201172
2016-12-28,7.254271030426025,71.29933166503906,142.7255096435547,138.4276885986328
2016-12-29,7.222313404083252,70.95978546142578,141.15708923339844,137.16061401367188
2016-12-30,7.286228179931641,71.46907806396484,142.3334197998047,137.16061401367188
2017-01-03,7.286228179931641,71.55394744873047,143.50970458984375,138.1108856201172
2017-01-04,7.254271030426025,71.46907806396484,143.50970458984375,136.8438262939453
2017-01-05,7.286228179931641,71.29933166503906,143.90182495117188,138.1108856201172
2017-01-06,7.414056777954102,71.12955474853516,144.29391479492188,139.37799072265625
2017-01-09,7.414056777954102,70.87491607666016,144.29391479492188,137.4773712158203
2017-01-10,7.446013927459717,71.29933166503906,144.29391479492188,135.89353942871094
2017-01-11,7.446013927459717,71.46907806396484,142.7255096435547,136.52706909179688
2017-01-12,7.541885852813721,71.55394744873047,144.68601989746094,137.4773712158203
2017-01-13,7.541885852813721,71.46907806396484,142.3334197998047,136.21029663085938
2017-01-16,7.446013927459717,70.87491607666016,140.7650146484375,133.35939025878906
2017-01-17,7.446013927459717,71.29933166503906,141.94131469726562,135.25997924804688
2017-01-18,7.446013927459717,70.70514678955078,141.94131469726562,133.99295043945312
2017-01-19,7.414056777954102,70.87491607666016,141.5491943359375,134.94322204589844
2017-01-20,7.414056777954102,70.79003143310547,141.94131469726562,133.99295043945312
2017-01-23,7.38209867477417,71.29933166503906,145.078125,135.89353942871094
2017-01-24,7.254271030426025,71.044677734375,145.47019958496094,135.25997924804688
2017-02-02,7.222313404083252,71.38419342041016,144.68601989746094,129.55816650390625
2017-02-03,7.286228179931641,71.044677734375,144.68601989746094,131.1420135498047
2017-02-06,7.318184852600098,72.14811706542969,144.68601989746094,134.3096923828125
2017-02-07,7.3501434326171875,72.82716369628906,144.68601989746094,138.1108856201172
2017-02-08,7.318184852600098,74.2701187133789,143.90182495117188,135.25997924804688
2017-02-09,7.3501434326171875,75.45844268798828,144.29391479492188,136.21029663085938
2017-02-10,7.414056777954102,75.62820434570312,145.47019958496094,136.52706909179688
2017-02-13,7.477970600128174,76.3072509765625,147.0386199951172,137.4773712158203
2017-02-14,7.477970600128174,76.39212799072266,147.0386199951172,137.4773712158203
2017-02-15,7.509928226470947,77.15604400634766,148.21493530273438,137.16061401367188
2017-02-16,7.541885852813721,77.24092102050781,148.21493530273438,137.4773712158203
2017-02-17,7.509928226470947,76.39212799072266,148.60699462890625,142.54566955566406
2017-02-20,7.509928226470947,76.47700500488281,148.9991455078125,142.22889709472656
2017-02-21,7.509928226470947,76.81652069091797,148.9991455078125,142.8624267578125
2017-02-22,7.38209867477417,76.81652069091797,147.82284545898438,142.8624267578125
2017-02-23,7.509928226470947,76.64675903320312,147.82284545898438,142.22889709472656
2017-02-24,8.149072647094727,75.96771240234375,148.21493530273438,141.91213989257812
2017-03-01,7.925371170043945,75.5433120727539,145.8623046875,142.54566955566406
2017-03-02,7.861456394195557,76.05260467529297,145.8623046875,141.59536743164062
2017-03-03,7.765585899353027,75.37357330322266,144.29391479492188,139.0612030029297
2017-03-06,7.733628273010254,76.3072509765625,143.90182495117188,138.1108856201172
2017-03-07,7.957327842712402,76.81652069091797,145.47019958496094,138.1108856201172
2017-03-08,7.829500675201416,76.98628997802734,146.64651489257812,140.6450653076172
2017-03-09,7.733628273010254,75.7979736328125,144.68601989746094,138.1108856201172
2017-03-10,7.733628273010254,76.3072509765625,143.90182495117188,140.6450653076172
2017-03-13,7.797542095184326,76.39212799072266,146.25445556640625,140.9618377685547
2017-03-14,7.797542095184326,76.39212799072266,145.8623046875,141.27857971191406
2017-03-15,7.829500675201416,76.47700500488281,146.25445556640625,140.3282928466797
2017-03-16,7.925371170043945,77.15604400634766,148.9991455078125,142.22889709472656
2017-03-17,7.925371170043945,77.58043670654297,150.17543029785156,142.8624267578125
2017-03-20,7.861456394195557,77.49557495117188,150.17543029785156,143.17916870117188
2017-03-21,7.861456394195557,77.66532135009766,152.92018127441406,145.71336364746094
2017-03-22,7.797542095184326,77.66532135009766,151.74386596679688,144.12950134277344
2017-03-23,7.925371170043945,77.49557495117188,151.74386596679688,141.91213989257812
2017-03-24,7.829500675201416,76.90140533447266,150.9596710205078,141.27857971191406
2017-03-27,7.829500675201416,76.81652069091797,151.35169982910156,141.91213989257812
2017-03-28,7.733628273010254,77.41069030761719,152.528076171875,141.27857971191406
2017-03-29,7.733628273010254,77.66532135009766,150.17543029785156,138.7444610595703
2017-03-30,7.797542095184326,77.58043670654297,150.17543029785156,138.4276885986328
2017-03-31,7.797542095184326,77.24092102050781,148.21493530273438,136.21029663085938
2017-04-05,7.829500675201416,83.18253326416016,151.35169982910156,139.37799072265625
2017-04-06,7.797542095184326,82.58837127685547,150.17543029785156,137.4773712158203
2017-04-07,7.765585899353027,81.56980895996094,149.7833251953125,137.16061401367188
2017-04-10,7.765585899353027,81.90933227539062,148.9991455078125,137.4773712158203
2017-04-11,7.765585899353027,82.24885559082031,149.7833251953125,134.3096923828125
2017-04-12,7.669714450836182,82.58837127685547,149.7833251953125,135.57675170898438
2017-04-13,7.733628273010254,83.60692596435547,150.17543029785156,134.94322204589844
2017-04-14,7.669714450836182,82.0790786743164,148.21493530273438,134.3096923828125
2017-04-17,7.7016706466674805,82.58837127685547,147.0386199951172,133.67617797851562
2017-04-18,7.733628273010254,82.33373260498047,147.4307098388672,134.62648010253906
2017-04-19,7.637755870819092,81.31517028808594,146.25445556640625,135.57675170898438
2017-04-20,7.573842525482178,81.48493957519531,146.64651489257812,136.21029663085938
2017-04-21,7.605799198150635,81.90933227539062,148.9991455078125,136.21029663085938
2017-04-24,7.605799198150635,82.33373260498047,148.9991455078125,136.21029663085938
2017-04-25,7.669714450836182,83.09765625,150.5675811767578,136.21029663085938
2017-04-26,7.733628273010254,83.35230255126953,149.7833251953125,135.25997924804688
2017-04-27,7.733628273010254,83.43718719482422,151.35169982910156,137.4773712158203
2017-04-28,7.7016706466674805,83.86157989501953,152.528076171875,137.4773712158203
2017-05-02,7.7016706466674805,84.880126953125,154.09646606445312,140.3282928466797
2017-05-03,7.7016706466674805,85.30453491210938,155.2727813720703,138.4276885986328
2017-05-04,7.797542095184326,85.30453491210938,155.2727813720703,138.1108856201172
2017-05-05,7.733628273010254,84.880126953125,154.8806915283203,136.8438262939453
2017-05-08,7.797542095184326,85.72894287109375,158.8016815185547,134.62648010253906
2017-05-09,7.733628273010254,88.27533721923828,159.58590698242188,131.7755584716797
2017-05-10,7.829500675201416,88.27533721923828,161.15432739257812,132.40908813476562
2017-05-11,7.797542095184326,88.27533721923828,162.72271728515625,135.25997924804688
2017-05-12,7.861456394195557,87.00214385986328,161.54644775390625,135.89353942871094
2017-05-15,7.829500675201416,88.27533721923828,161.54644775390625,135.89353942871094
2017-05-16,7.765585899353027,87.85093688964844,160.37010192871094,133.99295043945312
2017-05-17,7.797542095184326,87.4265365600586,159.97804260253906,134.94322204589844
2017-05-18,7.829500675201416,86.57774353027344,159.58590698242188,134.94322204589844
2017-05-19,7.797542095184326,86.15333557128906,159.19381713867188,134.62648010253906
2017-05-22,7.829500675201416,87.00214385986328,160.7622528076172,132.40908813476562
2017-05-23,7.893414497375488,88.27533721923828,160.7622528076172,131.7755584716797
2017-05-24,7.893414497375488,88.27533721923828,161.15432739257812,137.16061401367188
2017-05-25,7.925371170043945,89.12415313720703,162.33062744140625,144.76303100585938
2017-05-26,7.957327842712402,88.69974517822266,162.33062744140625,145.39659118652344
2017-05-31,7.957327842712402,87.4265365600586,159.19381713867188,145.71336364746094
2017-06-01,7.925371170043945,88.69974517822266,162.33062744140625,144.44625854492188
2017-06-02,7.925371170043945,89.54854583740234,163.89907836914062,148.24749755859375
2017-06-05,7.957327842712402,89.54854583740234,166.25169372558594,153.94931030273438
2017-06-06,7.957327842712402,89.12415313720703,165.07537841796875,155.21640014648438
2017-06-07,7.957327842712402,89.12415313720703,165.8595733642578,159.65115356445312
2017-06-08,7.893414497375488,89.12415313720703,167.03590393066406,160.918212890625
2017-06-09,7.829500675201416,89.12415313720703,166.25169372558594,158.70082092285156
2017-06-12,7.765585899353027,86.57774353027344,162.72271728515625,157.43377685546875
2017-06-13,7.797542095184326,86.57774353027344,163.11488342285156,156.48345947265625
2017-06-14,7.765585899353027,86.57774353027344,162.33062744140625,158.38406372070312
2017-06-15,7.797542095184326,87.00214385986328,163.11488342285156,159.01760864257812
2017-06-16,7.797542095184326,89.12415313720703,165.8595733642578,160.28469848632812
2017-06-19,7.829500675201416,92.9437484741211,167.03590393066406,161.86849975585938
2017-06-20,7.861456394195557,97.18775177001953,169.7805938720703,163.1355743408203
2017-06-21,7.925371170043945,95.91456604003906,168.9963836669922,170.738037109375
2017-06-22,7.925371170043945,95.49015808105469,170.95692443847656,171.68833923339844
2017-06-23,8.181028366088867,95.49015808105469,170.1726837158203,168.203857421875
2017-06-26,8.500598907470703,101.85616302490234,174.2244415283203,170.738037109375
2017-06-27,8.404727935791016,103.1293716430664,171.3882293701172,171.05479431152344
2017-06-28,9.235612869262695,100.15857696533203,168.95718383789062,167.2535858154297
2017-06-29,9.427356719970703,101.00736236572266,170.1726837158203,169.470947265625
2017-06-30,9.427356719970703,99.30976867675781,168.95718383789062,165.03619384765625
2017-07-03,9.203656196594238,98.8853530883789,169.3623809814453,169.470947265625
2017-07-04,9.075827598571777,95.91456604003906,167.7416534423828,166.93682861328125
2017-07-05,9.203656196594238,98.46095275878906,168.95718383789062,167.88711547851562
2017-07-06,9.235612869262695,98.03656005859375,168.14682006835938,165.27410888671875
2017-07-07,9.171699523925781,97.18775177001953,166.93128967285156,163.31430053710938
2017-07-10,9.139741897583008,98.03656005859375,166.93128967285156,161.3545379638672
2017-07-11,9.338432312011719,100.58296203613281,171.7934112548828,165.92733764648438
2017-07-12,9.404662132263184,100.58296203613281,170.57791137695312,166.2539825439453
2017-07-13,9.835158348083496,101.90642547607422,173.81927490234375,164.62083435058594
2017-07-14,9.636468887329102,101.90642547607422,172.6038055419922,166.2539825439453
2017-07-17,9.570237159729004,101.90642547607422,172.6038055419922,166.2539825439453
2017-07-18,9.570237159729004,103.22988891601562,173.41407775878906,163.9675750732422
2017-07-19,9.802042961120605,103.22988891601562,173.81927490234375,170.50015258789062
2017-07-20,9.96761703491211,102.7887191772461,174.6295928955078,169.19361877441406
2017-07-21,9.768927574157715,101.46526336669922,173.41407775878906,166.90721130371094
2017-07-24,9.802042961120605,102.34757995605469,173.81927490234375,165.60073852539062
2017-07-25,9.868271827697754,103.22988891601562,173.41407775878906,167.23385620117188
2017-07-26,10.199422836303711,101.90642547607422,172.6038055419922,169.19361877441406
2017-07-27,9.437777519226074,103.6710205078125,174.6295928955078,171.80665588378906
2017-07-28,9.205972671508789,103.6710205078125,172.6038055419922,174.0930633544922
2017-07-31,9.205972671508789,103.6710205078125,173.81927490234375,173.7664337158203
2017-08-01,9.040397644042969,102.7887191772461,171.7934112548828,191.07772827148438
2017-08-02,9.040397644042969,104.55333709716797,175.03480529785156,195.9771728515625
2017-08-03,8.874822616577148,104.99449157714844,173.00892639160156,190.09788513183594
2017-08-04,9.172858238220215,105.4356460571289,172.6038055419922,189.44461059570312
2017-08-07,9.205972671508789,107.20025634765625,175.03480529785156,188.7913360595703
2017-08-08,9.272201538085938,106.75910186767578,176.2502899169922,187.48483276367188
2017-08-09,9.205972671508789,104.1121826171875,173.81927490234375,185.5250701904297
2017-08-10,9.272201538085938,102.34757995605469,173.41407775878906,182.9120330810547
2017-08-11,9.305318832397461,102.7887191772461,172.1985626220703,186.83157348632812
2017-08-14,9.305318832397461,100.58296203613281,170.98301696777344,182.9120330810547
2017-08-15,9.338432312011719,101.90642547607422,173.41407775878906,177.35934448242188
2017-08-16,9.305318832397461,101.46526336669922,172.6038055419922,178.3392333984375
2017-08-17,9.371546745300293,102.34757995605469,173.41407775878906,177.68597412109375
2017-08-18,9.338432312011719,101.90642547607422,172.1985626220703,174.74630737304688
2017-08-21,9.371546745300293,101.46526336669922,171.3882293701172,177.68597412109375
2017-08-22,9.470891952514648,101.46526336669922,173.81927490234375,176.70611572265625
2017-08-23,9.404662132263184,101.46526336669922,174.6295928955078,177.03271484375
2017-08-24,9.901387214660645,102.34757995605469,175.8450927734375,178.3392333984375
2017-08-25,9.868271827697754,102.34757995605469,176.2502899169922,175.72618103027344
2017-08-28,9.868271827697754,101.90642547607422,175.03480529785156,177.35934448242188
2017-08-29,9.868271827697754,101.90642547607422,175.03480529785156,174.41970825195312
2017-08-30,9.835158348083496,103.6710205078125,176.2502899169922,175.39956665039062
2017-08-31,9.96761703491211,103.6710205078125,175.43997192382812,176.70611572265625
2017-09-01,10.62991714477539,103.6710205078125,175.43997192382812,177.68597412109375
2017-09-04,10.927953720092773,102.7887191772461,176.2502899169922,177.03271484375
2017-09-05,10.927953720092773,102.7887191772461,176.65545654296875,182.58541870117188
2017-09-06,10.62991714477539,101.90642547607422,175.8450927734375,177.35934448242188
2017-09-07,10.795492172241211,101.90642547607422,175.8450927734375,178.01260375976562
2017-09-08,10.762377738952637,103.22988891601562,176.65545654296875,179.31912231445312
2017-09-11,10.62991714477539,102.34757995605469,175.8450927734375,182.25877380371094
2017-09-12,10.530570983886719,103.22988891601562,177.46580505371094,179.97238159179688
2017-09-13,10.398113250732422,101.90642547607422,176.65545654296875,179.645751953125
2017-09-14,10.530570983886719,101.02410888671875,177.0606689453125,187.48483276367188
2017-09-15,10.298768043518066,101.46526336669922,177.0606689453125,190.75112915039062
2017-09-18,10.530570983886719,100.58296203613281,177.87098693847656,191.07772827148438
2017-09-19,10.596802711486816,97.0537338256836,179.49166870117188,191.40438842773438
2017-09-20,10.364997863769531,93.96565246582031,179.49166870117188,189.44461059570312
2017-09-21,10.497458457946777,97.93605041503906,179.08651733398438,191.7310028076172
2017-09-22,10.265652656555176,95.28911590576172,177.0606689453125,186.83157348632812
2017-09-25,10.066963195800781,92.64220428466797,175.8450927734375,186.5049285888672
2017-09-26,10.100077629089355,91.31873321533203,173.41407775878906,184.21852111816406
2017-09-27,10.100077629089355,92.64220428466797,174.2244415283203,187.8114776611328
2017-09-28,10.232537269592285,92.2010498046875,173.41407775878906,190.09788513183594
2017-09-29,10.033846855163574,92.64220428466797,175.43997192382812,185.85166931152344
2017-10-02,10.033846855163574,94.40681457519531,178.68130493164062,188.13807678222656
2017-10-03,10.464343070983887,93.52450561523438,180.302001953125,188.13807678222656
2017-10-05,10.398113250732422,93.52450561523438,181.92271423339844,186.17831420898438
2017-10-06,10.298768043518066,93.96565246582031,181.92271423339844,190.09788513183594
2017-10-11,10.464343070983887,94.40681457519531,188.8106689453125,199.89671325683594
2017-10-12,10.530570983886719,95.28911590576172,192.4571990966797,198.26358032226562
2017-10-13,10.563687324523926,95.28911590576172,192.4571990966797,210.34884643554688
2017-10-16,10.563687324523926,96.6125717163086,192.86239624023438,212.96185302734375
2017-10-17,10.530570983886719,97.49488830566406,190.8365478515625,209.69557189941406
2017-10-18,10.563687324523926,98.377197265625,192.4571990966797,205.4494171142578
2017-10-19,10.364997863769531,99.7006607055664,193.6727294921875,206.7559051513672
2017-10-20,10.298768043518066,98.81835174560547,192.4571990966797,204.46951293945312
2017-10-23,10.331883430480957,96.6125717163086,193.6727294921875,209.3689727783203
2017-10-24,10.298768043518066,96.6125717163086,192.86239624023438,210.02218627929688
2017-10-25,10.265652656555176,97.93605041503906,192.86239624023438,214.26834106445312
2017-10-26,10.298768043518066,97.49488830566406,191.2417449951172,221.1275634765625
2017-10-27,10.232537269592285,97.0537338256836,193.6727294921875,215.57492065429688
2017-10-30,10.464343070983887,98.377197265625,196.91412353515625,218.51455688476562
2017-10-31,10.265652656555176,98.81835174560547,196.91412353515625,223.74061584472656
2017-11-01,10.265652656555176,98.81835174560547,196.5089111328125,220.8009490966797
2017-11-02,10.265652656555176,99.25950622558594,195.29342651367188,219.4944305419922
2017-11-03,10.232537269592285,99.7006607055664,193.6727294921875,218.8411407470703
2017-11-06,10.100077629089355,99.7006607055664,194.07791137695312,214.26834106445312
2017-11-07,10.199422836303711,98.81835174560547,197.72445678710938,220.4743194580078
2017-11-08,10.166306495666504,97.93605041503906,196.5089111328125,219.82106018066406
2017-11-09,10.398113250732422,95.73026275634766,195.29342651367188,216.2281494140625
2017-11-10,10.497458457946777,94.84796905517578,194.88829040527344,212.96185302734375
2017-11-13,10.364997863769531,94.40681457519531,194.07791137695312,207.4091339111328
2017-11-14,10.431227684020996,93.52450561523438,194.48306274414062,212.96185302734375
2017-11-15,10.331883430480957,90.8775863647461,192.4571990966797,210.34884643554688
2017-11-16,10.331883430480957,91.75989532470703,192.86239624023438,209.3689727783203
2017-11-17,10.364997863769531,93.0833511352539,195.69862365722656,215.248291015625
2017-11-20,10.530570983886719,91.75989532470703,193.267578125,209.04232788085938
2017-11-21,10.696146965026855,91.75989532470703,196.91412353515625,210.34884643554688
2017-11-22,10.663032531738281,91.75989532470703,196.103759765625,213.61512756347656
2017-11-23,10.563687324523926,93.52450561523438,196.5089111328125,213.61512756347656
2017-11-24,10.563687324523926,92.2010498046875,197.72445678710938,212.96185302734375
2017-11-27,10.464343070983887,90.8775863647461,192.05203247070312,215.90155029296875
2017-11-28,10.497458457946777,90.43643188476562,189.6210174560547,216.2281494140625
2017-11-29,10.398113250732422,90.8775863647461,190.0261688232422,218.51455688476562
2017-11-30,10.133193016052246,88.23065948486328,183.13821411132812,212.96185302734375
2017-12-01,10.166306495666504,87.43659210205078,187.18997192382812,205.77601623535156
2017-12-04,10.398113250732422,87.34834289550781,189.6210174560547,209.04232788085938
2017-12-05,10.298768043518066,84.34851837158203,185.97451782226562,207.73582458496094
2017-12-06,9.934502601623535,82.05451202392578,183.9486083984375,187.158203125
2017-12-07,9.70269775390625,82.58390808105469,183.54347229003906,187.8114776611328
2017-12-08,9.70269775390625,82.58390808105469,183.9486083984375,193.36416625976562
2017-12-11,10.033846855163574,84.70143127441406,184.35377502441406,195.65054321289062
2017-12-12,9.901387214660645,83.02506256103516,184.35377502441406,193.36416625976562
2017-12-13,9.802042961120605,82.67212677001953,183.9486083984375,190.09788513183594
2017-12-14,9.868271827697754,83.73089599609375,186.78480529785156,189.11798095703125
2017-12-15,9.70269775390625,82.49567413330078,186.379638671875,186.17831420898438
2017-12-18,9.603351593017578,82.58390808105469,183.9486083984375,187.8114776611328
2017-12-19,9.636468887329102,80.46636962890625,182.32791137695312,192.05763244628906
2017-12-20,9.66958236694336,81.78982543945312,181.92271423339844,191.07772827148438
2017-12-21,9.570237159729004,81.43690490722656,182.32791137695312,189.44461059570312
2017-12-22,9.53712272644043,81.9662857055664,184.35377502441406,189.77122497558594
2017-12-25,9.570237159729004,81.26044464111328,185.16407775878906,187.48483276367188
2017-12-26,9.305318832397461,80.46636962890625,183.13821411132812,182.9120330810547
2017-12-27,9.404662132263184,81.34867095947266,182.32791137695312,184.871826171875
2017-12-28,9.470891952514648,83.2015151977539,183.13821411132812,186.83157348632812
2017-12-29,9.404662132263184,83.9955825805664,185.97451782226562,192.05763244628906
2018-01-02,9.437777519226074,83.81912994384766,188.405517578125,190.42446899414062
2018-01-03,9.53712272644043,82.93683624267578,192.05203247070312,196.30380249023438
2018-01-04,9.504007339477539,81.70159912109375,194.07791137695312,200.54998779296875
2018-01-05,9.636468887329102,82.05451202392578,194.48306274414062,195.9771728515625
2018-01-08,9.73581314086914,80.99575805664062,196.103759765625,194.67063903808594
2018-01-09,9.768927574157715,80.99575805664062,196.103759765625,198.5902099609375
2018-01-10,9.404662132263184,80.11345672607422,191.64686584472656,202.18310546875
2018-01-11,9.272201538085938,80.64282989501953,190.43136596679688,199.89671325683594
2018-01-12,9.404662132263184,80.99575805664062,192.05203247070312,202.18310546875
2018-01-15,9.470891952514648,82.3192138671875,194.48306274414062,204.46951293945312
2018-01-16,9.470891952514648,82.40743255615234,194.88829040527344,203.81629943847656
2018-01-17,9.470891952514648,82.40743255615234,196.103759765625,200.22332763671875
2018-01-18,9.470891952514648,82.76036071777344,201.37100219726562,208.7156982421875
2018-01-19,9.404662132263184,85.49552154541016,207.04347229003906,208.38909912109375
2018-01-22,9.272201538085938,85.23081970214844,211.90545654296875,208.38909912109375
2018-01-23,9.66958236694336,85.49552154541016,215.55209350585938,207.73582458496094
2018-01-24,9.53712272644043,84.61320495605469,209.06939697265625,200.87664794921875
2018-01-25,9.603351593017578,84.17205047607422,209.06939697265625,199.57009887695312
2018-01-26,9.66958236694336,84.17205047607422,206.63829040527344,201.20323181152344
2018-01-29,9.636468887329102,83.554443359375,209.47451782226562,201.20323181152344
2018-01-30,9.570237159729004,82.58390808105469,205.01760864257812,195.3239288330078
2018-01-31,9.437777519226074,81.34867095947266,206.63829040527344,195.3239288330078
2018-02-01,9.53712272644043,82.49567413330078,210.2848358154297,200.54998779296875
2018-02-02,9.636468887329102,83.9955825805664,210.2848358154297,198.91685485839844
2018-02-05,9.53712272644043,81.87805938720703,205.01760864257812,195.3239288330078
2018-02-06,9.239087104797363,78.70174407958984,193.6727294921875,187.158203125
2018-02-07,9.404662132263184,79.4075927734375,194.48306274414062,185.85166931152344
2018-02-08,9.371546745300293,78.5252914428711,193.267578125,186.83157348632812
2018-02-09,9.305318832397461,77.20183563232422,188.405517578125,184.871826171875
2018-02-12,9.172858238220215,77.2900619506836,191.64686584472656,186.17831420898438
2018-02-21,9.338432312011719,77.81944274902344,196.5089111328125,198.91685485839844
2018-02-22,9.239087104797363,77.55475616455078,194.07791137695312,197.28369140625
2018-02-23,9.371546745300293,78.43706512451172,198.53480529785156,196.30380249023438
2018-02-26,9.338432312011719,78.34883117675781,199.75033569335938,193.6907958984375
2018-02-27,9.371546745300293,77.73120880126953,199.34518432617188,196.6304473876953
2018-03-01,9.272201538085938,77.55475616455078,196.91412353515625,195.65054321289062
2018-03-02,9.272201538085938,77.46652221679688,194.48306274414062,197.6103057861328
2018-03-05,9.205972671508789,76.76067352294922,195.69862365722656,192.71087646484375
2018-03-06,9.371546745300293,77.81944274902344,202.5865020751953,196.6304473876953
2018-03-07,9.305318832397461,78.0841293334961,200.15554809570312,195.9771728515625
2018-03-08,10.232537269592285,78.87822723388672,202.18133544921875,202.18310546875
2018-03-09,10.000732421875,81.08397674560547,202.99172973632812,202.83636474609375
2018-03-12,10.100077629089355,83.2015151977539,205.82798767089844,207.08258056640625
2018-03-13,10.100077629089355,83.9955825805664,209.87965393066406,208.38909912109375
2018-03-14,10.000732421875,82.3192138671875,208.2589569091797,204.79615783691406
2018-03-15,10.000732421875,82.40743255615234,206.63829040527344,207.73582458496094
2018-03-16,10.066963195800781,81.87805938720703,206.63829040527344,207.08258056640625
2018-03-19,10.100077629089355,81.9662857055664,206.63829040527344,218.1879425048828
2018-03-20,10.066963195800781,81.70159912109375,205.01760864257812,223.74061584472656
2018-03-21,10.066963195800781,81.52513122558594,204.6124267578125,219.4944305419922
2018-03-22,10.100077629089355,81.87805938720703,203.80203247070312,219.4944305419922
2018-03-23,10.066963195800781,79.76052856445312,198.53480529785156,214.26834106445312
2018-03-26,10.033846855163574,79.58406829833984,197.31932067871094,226.68026733398438
2018-03-27,10.298768043518066,80.46636962890625,203.39694213867188,223.74061584472656
2018-03-28,10.199422836303711,79.49583435058594,198.53480529785156,217.53466796875
2018-03-29,10.133193016052246,79.4075927734375,197.72445678710938,216.2281494140625
2018-03-30,10.199422836303711,80.64282989501953,199.34518432617188,222.1074981689453
2018-04-02,10.232537269592285,77.73120880126953,199.75033569335938,219.82106018066406
2018-04-03,10.199422836303711,76.93714904785156,197.72445678710938,214.26834106445312
2018-04-09,10.100077629089355,77.11360168457031,198.53480529785156,213.94175720214844
2018-04-10,10.133193016052246,76.76067352294922,198.9400177001953,213.61512756347656
2018-04-11,10.199422836303711,77.02537536621094,200.9658660888672,221.4542236328125
2018-04-12,10.232537269592285,76.58421325683594,198.53480529785156,216.55477905273438
2018-04-13,10.199422836303711,76.76067352294922,198.12965393066406,219.4944305419922
2018-04-16,10.166306495666504,77.2900619506836,197.31932067871094,223.41400146484375
2018-04-17,10.166306495666504,76.31953430175781,192.86239624023438,222.1074981689453
2018-04-18,10.331883430480957,74.8196029663086,192.86239624023438,236.4790802001953
2018-04-19,10.497458457946777,74.9960708618164,198.12965393066406,235.49923706054688
2018-04-20,10.331883430480957,74.11375427246094,185.56927490234375,231.5796661376953
2018-04-23,10.298768043518066,73.23145294189453,183.54347229003906,228.96665954589844
2018-04-24,10.166306495666504,71.1139144897461,183.9486083984375,223.0873260498047
2018-04-25,10.265652656555176,70.93745422363281,182.32791137695312,220.147705078125
2018-04-26,10.398113250732422,71.1139144897461,179.89686584472656,211.32875061035156
2018-04-27,10.398113250732422,71.90799713134766,181.1123809814453,221.7808380126953
2018-04-30,10.596802711486816,73.14321899414062,183.9486083984375,222.1074981689453
2018-05-02,10.762377738952637,72.17268371582031,180.70713806152344,216.2281494140625
2018-05-03,10.62991714477539,70.67276763916016,178.68130493164062,209.04232788085938
2018-05-04,10.596802711486816,70.93745422363281,180.70713806152344,212.63525390625
2018-05-07,10.364997863769531,71.99622344970703,181.1123809814453,208.0624237060547
2018-05-08,10.497458457946777,72.87852478027344,184.75892639160156,212.30862426757812
2018-05-09,10.729263305664062,72.17268371582031,185.97451782226562,214.26834106445312
2018-05-10,10.563687324523926,73.14321899414062,185.97451782226562,215.248291015625
2018-05-11,10.696146965026855,74.9960708618164,188.8106689453125,208.7156982421875
2018-05-14,10.861722946166992,78.5252914428711,188.8106689453125,209.04232788085938
2018-05-15,10.894838333129883,75.87837219238281,186.78480529785156,208.38909912109375
2018-05-16,10.795492172241211,74.64314270019531,186.78480529785156,208.38909912109375
2018-05-17,10.62991714477539,74.29022216796875,183.54347229003906,202.50973510742188
2018-05-18,10.62991714477539,74.02552795410156,181.1123809814453,204.46951293945312
2018-05-21,10.62991714477539,74.9960708618164,185.56927490234375,205.1227569580078
2018-05-22,10.729263305664062,74.11375427246094,185.56927490234375,209.3689727783203
2018-05-23,10.729263305664062,73.7608413696289,185.16407775878906,209.04232788085938
2018-05-24,10.729263305664062,74.20199584960938,185.56927490234375,210.34884643554688
2018-05-25,10.762377738952637,76.31953430175781,185.16407775878906,211.65533447265625
2018-05-28,10.861722946166992,78.34883117675781,183.9486083984375,208.0624237060547
2018-05-29,10.894838333129883,77.2900619506836,182.32791137695312,205.77601623535156
2018-05-30,10.861722946166992,77.11360168457031,179.08651733398438,202.50973510742188
2018-05-31,11.027297019958496,75.61368560791016,181.517578125,203.48960876464844
2018-06-01,10.894838333129883,76.40776062011719,181.517578125,208.38909912109375
2018-06-04,10.927953720092773,77.46652221679688,185.56927490234375,215.248291015625
2018-06-05,10.927953720092773,77.73120880126953,185.56927490234375,212.30862426757812
2018-06-06,10.861722946166992,78.61351776123047,186.379638671875,216.2281494140625
2018-06-07,10.994183540344238,80.46636962890625,186.379638671875,216.2281494140625
2018-06-08,10.861722946166992,77.90767669677734,183.9486083984375,215.57492065429688
2018-06-11,11.126642227172852,77.11360168457031,183.13821411132812,217.20803833007812
2018-06-12,11.159757614135742,77.37828063964844,185.56927490234375,211.65533447265625
2018-06-13,12.252553939819336,77.46652221679688,188.00030517578125,209.3689727783203
2018-06-14,11.987632751464844,75.43721008300781,183.54347229003906,205.77601623535156
2018-06-15,12.351897239685059,74.9960708618164,187.18997192382812,205.77601623535156
2018-06-19,12.053862571716309,73.23145294189453,182.32791137695312,203.81629943847656
2018-06-20,11.954517364501953,73.23145294189453,183.13821411132812,202.50973510742188
2018-06-21,11.68959903717041,72.96676635742188,183.54347229003906,203.81629943847656
2018-06-22,11.78894329071045,72.61383819580078,184.35377502441406,202.83636474609375
2018-06-25,11.78894329071045,71.90799713134766,183.09393310546875,202.50973510742188
2018-06-26,11.656484603881836,71.46683502197266,180.1543731689453,193.6907958984375
2018-06-27,11.656484603881836,71.37860870361328,178.89456176757812,193.6907958984375
2018-06-28,11.225987434387207,71.02568817138672,178.05465698242188,194.0174102783203
2018-06-29,11.225987434387207,73.40790557861328,181.83413696289062,195.9771728515625
2018-07-02,12.053862571716309,71.46683502197266,179.73439025878906,199.24343872070312
2018-07-03,11.888288497924805,71.20214080810547,180.1543731689453,198.91685485839844
2018-07-04,11.888288497924805,71.99622344970703,181.4141845703125,194.67063903808594
2018-07-05,11.888288497924805,71.64330291748047,180.1543731689453,183.8918914794922
2018-07-06,11.656484603881836,71.02568817138672,182.25404357910156,186.17831420898438
2018-07-09,11.68959903717041,71.29037475585938,186.03350830078125,184.48577880859375
2018-07-10,11.732139587402344,71.02568817138672,186.4534454345703,189.5634002685547
2018-07-11,11.663126945495605,71.99622344970703,184.77369689941406,186.85533142089844
2018-07-12,12.042695999145508,71.64330291748047,185.19363403320312,191.5944061279297
2018-07-13,12.00818920135498,73.14321899414062,188.55320739746094,192.94845581054688
2018-07-16,11.904672622680664,73.05499267578125,187.7132568359375,191.25592041015625
2018-07-17,11.904672622680664,73.14321899414062,186.03350830078125,193.2869415283203
2018-07-18,12.00818920135498,74.20199584960938,187.29335021972656,190.24038696289062
2018-07-19,12.146215438842773,75.17253112792969,188.55320739746094,192.27142333984375
2018-07-20,12.318747520446777,75.26075744628906,199.4716033935547,189.5634002685547
2018-07-23,12.59479808807373,75.43721008300781,202.41116333007812,183.80877685546875
2018-07-24,12.560291290283203,75.17253112792969,202.41116333007812,172.6380615234375
2018-07-25,12.560291290283203,74.72077941894531,201.9912567138672,177.71566772460938
2018-07-26,12.077201843261719,75.44357299804688,202.41116333007812,178.05416870117188
2018-07-27,11.939176559448242,75.17253112792969,205.35076904296875,181.10072326660156
2018-07-30,11.87016487121582,76.0760498046875,206.190673828125,176.02313232421875
2018-07-31,12.11170768737793,75.71464538574219,206.610595703125,171.96107482910156
2018-08-01,12.00818920135498,75.98568725585938,208.29034423828125,186.17831420898438
2018-08-02,11.939176559448242,74.81111907958984,205.35076904296875,182.11622619628906
2018-08-03,12.215229034423828,75.71464538574219,207.4504852294922,185.50131225585938
2018-08-06,12.3877592086792,76.43743133544922,206.190673828125,184.82432556152344
2018-08-07,12.318747520446777,76.25675201416016,202.83111572265625,186.51681518554688
2018-08-08,12.3877592086792,76.79885864257812,207.87042236328125,187.870849609375
2018-08-09,12.318747520446777,76.97956085205078,207.4504852294922,186.17831420898438
2018-08-10,12.3877592086792,77.61201477050781,205.7707061767578,185.8397979736328
2018-08-13,11.939176559448242,75.71464538574219,201.9912567138672,178.39268493652344
2018-08-14,12.00818920135498,73.45584106445312,204.51089477539062,179.40818786621094
2018-08-15,11.697633743286133,73.27513885498047,202.83111572265625,176.02313232421875
2018-08-16,11.835658073425293,73.36549377441406,200.73143005371094,167.5604705810547
2018-08-17,11.87016487121582,73.27513885498047,201.15138244628906,167.2219696044922
2018-08-20,12.11170768737793,73.18479919433594,201.15138244628906,167.2219696044922
2018-08-21,12.422266006469727,73.18479919433594,202.41116333007812,166.20648193359375
2018-08-22,12.077201843261719,73.81725311279297,203.2510986328125,167.5604705810547
2018-08-23,12.180721282958984,73.90760803222656,205.35076904296875,171.2840576171875
2018-08-24,11.939176559448242,73.27513885498047,204.51089477539062,169.2530059814453
2018-08-27,12.00818920135498,73.18479919433594,205.7707061767578,167.5604705810547
2018-08-28,12.077201843261719,73.36549377441406,209.55015563964844,170.60704040527344
2018-08-29,12.11170768737793,73.54619598388672,217.52902221679688,173.31509399414062
2018-08-30,11.973684310913086,73.09443664550781,221.30850219726562,173.31509399414062
2018-08-31,11.973684310913086,72.7330322265625,215.00938415527344,170.26853942871094
2018-09-03,11.801151275634766,72.37162017822266,215.84925842285156,168.9145050048828
2018-09-04,11.87016487121582,72.37162017822266,216.2692108154297,171.62257385253906
2018-09-05,11.732139587402344,72.37162017822266,221.72845458984375,171.96107482910156
2018-09-06,11.663126945495605,71.64881896972656,219.2087860107422,172.6380615234375
2018-09-07,11.24905014038086,70.20319366455078,221.72845458984375,167.89898681640625
2018-09-10,10.731456756591797,67.85404205322266,222.14842224121094,164.1754150390625
2018-09-11,10.800469398498535,70.20319366455078,218.3689422607422,165.19093322753906
2018-09-12,10.627938270568848,69.57073211669922,218.78884887695312,165.19093322753906
2018-09-13,10.76596450805664,68.6672134399414,214.1695098876953,163.83689880371094
2018-09-14,10.834976196289062,70.38389587402344,219.2087860107422,166.20648193359375
2018-09-17,10.76596450805664,70.29353332519531,216.68914794921875,164.85244750976562
2018-09-18,10.55892562866211,68.48650360107422,213.74952697753906,165.52944946289062
2018-09-19,10.76596450805664,69.02861785888672,216.68914794921875,165.86793518066406
2018-09-20,10.662443161010742,68.30579376220703,218.3689422607422,161.1288604736328
2018-09-21,10.938495635986328,68.48650360107422,219.62872314453125,164.51393127441406
2018-09-25,10.800469398498535,68.75756072998047,221.30850219726562,164.85244750976562
2018-09-26,10.973000526428223,69.84178161621094,221.30850219726562,163.49844360351562
2018-09-27,11.00750732421875,71.1067123413086,222.56829833984375,163.49844360351562
2018-09-28,11.145532608032227,71.5584716796875,220.4686279296875,166.8834991455078
2018-10-01,10.973000526428223,72.19092559814453,220.88851928710938,169.2530059814453
2018-10-02,10.76596450805664,70.5645980834961,216.2692108154297,165.86793518066406
2018-10-03,10.696950912475586,70.29353332519531,218.3689422607422,166.54495239257812
2018-10-04,10.420900344848633,68.84791564941406,213.3296661376953,163.83689880371094
2018-10-05,10.14484977722168,68.30579376220703,209.97010803222656,158.7593231201172
2018-10-08,10.213862419128418,68.21546173095703,204.51089477539062,158.0823211669922
2018-10-09,10.213862419128418,68.03475189208984,204.93081665039062,154.697265625
2018-10-11,9.489230155944824,63.336463928222656,191.0727996826172,142.5110321044922
2018-10-12,9.420218467712402,64.9627914428711,199.05166625976562,148.94265747070312
2018-10-15,9.213180541992188,63.697872161865234,193.59239196777344,149.61965942382812
2018-10-16,9.109661102294922,63.6075325012207,199.05166625976562,150.29669189453125
2018-10-17,9.385712623596191,61.52943420410156,200.31150817871094,151.98919677734375
2018-10-18,9.144168853759766,61.52943420410156,198.63174438476562,152.3277130126953
2018-10-19,9.17867374420166,61.52943420410156,198.21180725097656,150.63516235351562
2018-10-22,9.040648460388184,61.52943420410156,199.05166625976562,149.95819091796875
2018-10-23,8.799104690551758,61.52943420410156,193.17247009277344,144.88058471679688
2018-10-24,8.730091094970703,61.52943420410156,192.7525634765625,144.88058471679688
2018-10-25,8.488548278808594,61.52943420410156,184.35377502441406,142.17254638671875
2018-10-26,8.074472427368164,55.07832717895508,185.61358642578125,136.75643920898438
2018-10-29,8.005460739135742,54.57236862182617,186.87339782714844,140.81851196289062
2018-10-30,8.074472427368164,55.22289276123047,187.29335021972656,140.1414794921875
2018-10-31,8.143485069274902,56.9576530456543,196.53201293945312,154.02023315429688
2018-11-01,8.247004508972168,57.752742767333984,197.79183959960938,151.31219482421875
2018-11-02,8.212496757507324,58.54783248901367,198.63174438476562,154.02023315429688
2018-11-05,7.418852806091309,57.82501983642578,197.3719024658203,155.7127685546875
2018-11-06,7.522372245788574,55.87343215942383,196.95193481445312,155.7127685546875
2018-11-07,7.556878566741943,56.30712127685547,196.53201293945312,159.09783935546875
2018-11-08,7.487865924835205,55.367454528808594,198.63174438476562,159.09783935546875
2018-11-09,7.315333843231201,55.00604248046875,194.0124053955078,154.697265625
2018-11-12,7.3843464851379395,55.07832717895508,194.4323272705078,158.7593231201172
2018-11-13,7.211815357208252,53.77726745605469,191.0727996826172,156.3898162841797
2018-11-14,7.453359603881836,52.982173919677734,191.9126739501953,155.7127685546875
2018-11-15,7.7294111251831055,53.849544525146484,194.0124053955078,156.72828674316406
2018-11-16,7.5913848876953125,53.70499038696289,189.81301879882812,148.94265747070312
2018-11-19,7.660397529602051,53.05445861816406,186.4534454345703,151.31219482421875
2018-11-20,7.5913848876953125,51.319705963134766,183.09393310546875,152.3277130126953
2018-11-21,7.5913848876953125,51.030574798583984,183.93382263183594,150.9736785888672
2018-11-22,7.7294111251831055,50.23548889160156,183.93382263183594,150.63516235351562
2018-11-23,7.694903373718262,50.59688949584961,183.51388549804688,150.29669189453125
2018-11-26,7.936447620391846,51.319705963134766,187.29335021972656,154.35873413085938
2018-11-27,8.108980178833008,51.10285186767578,188.1332244873047,157.06678771972656
2018-11-28,8.108980178833008,52.837608337402344,190.23292541503906,160.1133575439453
2018-11-29,7.936447620391846,52.33164596557617,192.3326416015625,156.72828674316406
2018-11-30,7.970954418182373,51.97024154663086,189.3930206298828,160.7903594970703
2018-12-03,8.074472427368164,53.48814392089844,197.3719024658203,166.20648193359375
2018-12-04,8.143485069274902,53.05445861816406,196.53201293945312,170.60704040527344
2018-12-05,7.970954418182373,51.75339126586914,189.81301879882812,165.52944946289062
2018-12-06,7.798422336578369,49.874080657958984,184.77369689941406,155.37425231933594
2018-12-07,7.7294111251831055,49.94636154174805,185.61358642578125,158.0823211669922
2018-12-10,7.660397529602051,48.93442153930664,183.93382263183594,155.03575134277344
2018-12-11,7.5913848876953125,49.440391540527344,186.87339782714844,154.35873413085938
2018-12-12,7.798422336578369,51.464263916015625,190.23292541503906,157.74380493164062
2018-12-13,7.936447620391846,52.76533508300781,189.81301879882812,160.7903594970703
2018-12-14,7.8329291343688965,51.681114196777344,186.87339782714844,159.77487182617188
2018-12-17,7.867434978485107,51.39198684692383,187.7132568359375,159.09783935546875
2018-12-18,7.7294111251831055,51.17513656616211,186.87339782714844,158.7593231201172
2018-12-19,7.798422336578369,51.89795684814453,189.3930206298828,159.77487182617188
2018-12-20,7.798422336578369,51.681114196777344,185.61358642578125,152.3277130126953
2018-12-21,7.867434978485107,51.60883331298828,187.7132568359375,151.31219482421875
2018-12-24,7.7294111251831055,51.60883331298828,184.77369689941406,152.3277130126953
2018-12-25,7.694903373718262,51.10285186767578,182.67398071289062,149.61965942382812
2018-12-26,7.7294111251831055,50.741451263427734,181.83413696289062,148.94265747070312
2018-12-27,7.763915061950684,51.17513656616211,187.29335021972656,152.3277130126953
2018-12-28,7.763915061950684,51.17513656616211,189.3930206298828,155.37425231933594
2019-01-02,7.660397529602051,50.66917037963867,184.35377502441406,149.2811737060547
2019-01-03,7.522372245788574,49.80179977416992,180.9942626953125,151.31219482421875
2019-01-04,7.3843464851379395,48.86214065551758,174.6951446533203,146.91160583496094
2019-01-07,7.5913848876953125,50.09092330932617,178.89456176757812,148.26564025878906
2019-01-08,7.556878566741943,49.58495330810547,177.21482849121094,150.29669189453125
2019-01-09,7.660397529602051,50.52461624145508,180.9942626953125,153.00473022460938
2019-01-10,7.694903373718262,50.09092330932617,181.4141845703125,153.00473022460938
2019-01-11,7.7294111251831055,50.1632080078125,185.19363403320312,154.02023315429688
2019-01-14,7.660397529602051,49.65723419189453,183.51388549804688,156.72828674316406
2019-01-15,7.763915061950684,50.81373596191406,185.61358642578125,157.74380493164062
2019-01-16,7.798422336578369,50.741451263427734,182.67398071289062,160.4518585205078
2019-01-17,7.763915061950684,50.88602066040039,185.19363403320312,160.4518585205078
2019-01-18,7.867434978485107,51.17513656616211,183.51388549804688,165.19093322753906
2019-01-21,8.074472427368164,51.464263916015625,185.61358642578125,165.52944946289062
2019-01-22,8.074472427368164,51.10285186767578,187.29335021972656,163.83689880371094
2019-01-23,7.970954418182373,50.38005065917969,185.19363403320312,163.15992736816406
2019-01-24,8.074472427368164,50.59688949584961,186.87339782714844,165.52944946289062
2019-01-25,8.247004508972168,51.10285186767578,189.81301879882812,167.89898681640625
2019-01-28,8.17799186706543,51.17513656616211,192.3326416015625,168.23748779296875
2019-01-29,8.281510353088379,50.52461624145508,186.87339782714844,166.20648193359375
2019-01-30,7.8329291343688965,50.59688949584961,185.61358642578125,164.51393127441406
2019-02-11,7.487865924835205,50.52461624145508,191.49273681640625,175.6846160888672
2019-02-12,7.660397529602051,52.04251480102539,193.17247009277344,174.33059692382812
2019-02-13,7.660397529602051,52.04251480102539,192.3326416015625,175.3461151123047
2019-02-14,7.798422336578369,51.60883331298828,190.65289306640625,172.97657775878906
2019-02-15,7.867434978485107,50.81373596191406,190.65289306640625,170.60704040527344
2019-02-18,7.901940822601318,51.319705963134766,193.17247009277344,171.62257385253906
2019-02-19,7.901940822601318,52.04251480102539,192.3326416015625,169.2530059814453
2019-02-20,7.867434978485107,52.90989303588867,196.95193481445312,172.97657775878906
2019-02-21,7.901940822601318,53.34358596801758,198.63174438476562,175.3461151123047
2019-02-22,7.936447620391846,53.126739501953125,198.63174438476562,178.73117065429688
2019-02-25,8.039966583251953,53.05445861816406,199.8915252685547,191.25592041015625
2019-02-26,8.039966583251953,52.62076950073242,201.15138244628906,187.19383239746094
2019-02-27,7.901940822601318,52.548484802246094,200.73143005371094,189.5634002685547
2019-03-04,7.901940822601318,52.187076568603516,197.79183959960938,187.5323486328125
2019-03-05,8.005460739135742,51.97024154663086,195.692138671875,184.82432556152344
2019-03-06,8.074472427368164,52.40392303466797,196.53201293945312,189.5634002685547
2019-03-07,8.17799186706543,51.75339126586914,196.53201293945312,185.50131225585938
2019-03-08,8.005460739135742,51.10285186767578,193.17247009277344,181.10072326660156
2019-03-11,7.901940822601318,50.88602066040039,193.59239196777344,182.79324340820312
2019-03-12,8.039966583251953,51.464263916015625,197.79183959960938,183.13177490234375
2019-03-13,7.970954418182373,51.10285186767578,199.05166625976562,184.82432556152344
2019-03-14,7.901940822601318,51.39198684692383,196.95193481445312,184.48577880859375
2019-03-15,8.039966583251953,51.030574798583984,200.73143005371094,186.85533142089844
2019-03-18,8.074472427368164,52.04251480102539,202.41116333007812,188.2093505859375
2019-03-19,8.074472427368164,52.25936508178711,201.9912567138672,186.51681518554688
2019-03-20,7.970954418182373,52.33164596557617,203.2510986328125,185.8397979736328
2019-03-21,8.005460739135742,52.76533508300781,206.190673828125,187.870849609375
2019-03-22,8.143485069274902,52.76533508300781,208.7102813720703,192.27142333984375
2019-03-25,8.039966583251953,51.464263916015625,202.83111572265625,187.19383239746094
2019-03-26,8.039966583251953,51.89795684814453,204.93081665039062,190.24038696289062
2019-03-27,8.039966583251953,51.97024154663086,202.83111572265625,189.224853515625
2019-03-28,8.039966583251953,51.89795684814453,203.2510986328125,187.19383239746094
2019-03-29,8.039966583251953,53.126739501953125,206.190673828125,191.25592041015625
2019-04-01,7.970954418182373,58.40327453613281,206.190673828125,193.2869415283203
2019-04-02,8.005460739135742,59.270633697509766,206.610595703125,196.67198181152344
2019-04-03,7.970954418182373,59.198368072509766,207.03054809570312,196.67198181152344
2019-04-08,8.212496757507324,59.55976486206055,212.4897003173828,199.3800506591797
2019-04-09,8.488548278808594,59.632049560546875,213.3296661376953,202.76513671875
2019-04-10,8.454041481018066,59.99346160888672,213.3296661376953,203.1035919189453
2019-04-11,8.350522994995117,60.571720123291016,211.64988708496094,197.3489990234375
2019-04-12,8.419535636901855,62.5233039855957,211.64988708496094,198.70303344726562
2019-04-15,8.316017150878906,64.54718017578125,214.58944702148438,200.73406982421875
2019-04-16,8.350522994995117,64.98087310791016,215.84925842285156,203.1035919189453
2019-04-17,8.419535636901855,66.35421752929688,219.62872314453125,195.31797790527344
2019-04-18,8.281510353088379,66.20964813232422,222.14842224121094,197.01052856445312
2019-04-19,8.350522994995117,64.258056640625,222.14842224121094,196.33349609375
2019-04-22,8.212496757507324,63.46295166015625,223.4082489013672,195.65646362304688
2019-04-23,8.247004508972168,63.82435989379883,225.0879364013672,196.33349609375
2019-04-24,8.247004508972168,62.81242752075195,225.92782592773438,195.9949951171875
2019-04-25,9.040648460388184,62.74014663696289,224.66799926757812,194.97946166992188
2019-04-26,9.28219223022461,63.173828125,218.3689422607422,196.33349609375
2019-04-29,9.213180541992188,63.46295166015625,217.948974609375,194.64096069335938
2019-04-30,9.28219223022461,62.81242752075195,217.52902221679688,200.05706787109375
2019-05-02,9.351204872131348,62.81242752075195,217.52902221679688,201.74960327148438
2019-05-03,9.558243751525879,63.75208282470703,222.56829833984375,209.1967315673828
2019-05-06,9.109661102294922,61.366798400878906,217.52902221679688,207.16567993164062
2019-05-07,9.385712623596191,62.5955810546875,220.4686279296875,210.55075073242188
2019-05-08,9.28219223022461,62.089622497558594,218.3689422607422,209.87371826171875
2019-05-09,9.075156211853027,60.9331169128418,215.4293212890625,203.1035919189453
2019-05-10,9.109661102294922,60.49942398071289,215.00938415527344,202.08810424804688
2019-05-13,8.937129974365234,58.6923942565918,210.39002990722656,193.96395874023438
2019-05-14,8.971635818481445,57.608177185058594,208.7102813720703,195.65646362304688
2019-05-15,8.902623176574707,56.23482894897461,209.13023376464844,196.33349609375
2019-05-16,8.937129974365234,54.86148452758789,207.4504852294922,194.97946166992188
2019-05-17,8.971635818481445,53.99410629272461,202.83111572265625,197.01052856445312
2019-05-20,8.799104690551758,54.21095275878906,199.8915252685547,196.33349609375
2019-05-21,8.937129974365234,54.21095275878906,196.53201293945312,196.67198181152344
2019-05-22,8.971635818481445,53.48814392089844,199.8915252685547,194.64096069335938
2019-05-23,8.868118286132812,51.681114196777344,193.17247009277344,197.68753051757812
2019-05-24,8.937129974365234,51.60883331298828,195.692138671875,194.30245971679688
2019-05-27,8.833611488342285,51.60883331298828,194.0124053955078,190.24038696289062
2019-05-28,8.592066764831543,51.464263916015625,193.59239196777344,189.90187072753906
2019-05-29,8.695587158203125,52.187076568603516,192.7525634765625,189.90187072753906
2019-05-30,8.799104690551758,53.05445861816406,194.0124053955078,200.73406982421875
2019-05-31,8.902623176574707,53.415863037109375,197.79183959960938,210.55075073242188
2019-06-03,9.109661102294922,53.05445861816406,199.8915252685547,212.58175659179688
2019-06-04,8.971635818481445,51.89795684814453,195.692138671875,210.55075073242188
2019-06-05,8.902623176574707,51.319705963134766,197.3719024658203,211.90476989746094
2019-06-06,9.006143569946289,51.39198684692383,194.8522491455078,207.8426971435547
2019-06-10,9.17867374420166,52.11479949951172,201.57130432128906,213.93580627441406
2019-06-11,9.247685432434082,52.33164596557617,205.35076904296875,208.51971435546875
2019-06-12,9.351204872131348,53.271297454833984,206.610595703125,209.53521728515625
2019-06-13,9.489230155944824,53.6327018737793,201.57130432128906,209.53521728515625
2019-06-14,9.45472526550293,54.28323745727539,198.21180725097656,207.8426971435547
2019-06-17,9.420218467712402,55.22289276123047,195.692138671875,203.442138671875
2019-06-18,9.144168853759766,54.86148452758789,197.79183959960938,208.8582305908203
2019-06-19,9.420218467712402,55.801143646240234,204.93081665039062,208.8582305908203
2019-06-20,9.247685432434082,56.16255187988281,205.7707061767578,209.87371826171875
2019-06-21,9.45472526550293,55.512020111083984,208.7102813720703,212.24327087402344
2019-06-24,9.489230155944824,55.728858947753906,209.14422607421875,213.5972900390625
2019-06-25,9.45472526550293,55.22289276123047,206.97463989257812,210.88922119140625
2019-06-26,9.523737907409668,55.15061569213867,203.5033721923828,210.2122344970703
2019-06-27,9.661762237548828,55.94570541381836,208.7102813720703,211.90476989746094
2019-06-28,9.6272554397583,55.94570541381836,207.40855407714844,212.58175659179688
2019-07-01,9.903306007385254,57.39133071899414,215.65283203125,212.58175659179688
2019-07-02,9.8342924118042,57.174476623535156,216.0867156982422,215.9668426513672
2019-07-03,9.696268081665039,56.01799011230469,210.44590759277344,214.9513702392578
2019-07-04,9.765280723571777,56.16255187988281,211.74765014648438,215.9668426513672
2019-07-05,9.730775833129883,56.52396011352539,210.8798065185547,217.3208770751953
2019-07-08,9.6272554397583,57.102203369140625,210.44590759277344,218.71392822265625
2019-07-09,9.661762237548828,56.30712127685547,210.01206970214844,218.36569213867188
2019-07-10,10.110343933105469,56.30712127685547,214.3511505126953,221.5000762939453
2019-07-11,10.317381858825684,56.52396011352539,216.95457458496094,224.63455200195312
2019-07-12,10.075838088989258,56.09026336669922,217.3884735107422,221.5000762939453
2019-07-15,10.282875061035156,56.45167541503906,220.85972595214844,219.0622100830078
2019-07-16,10.060040473937988,57.82501983642578,222.16148376464844,218.71392822265625
2019-07-17,9.880395889282227,57.31904983520508,218.69020080566406,215.92776489257812
2019-07-18,9.916325569152832,57.102203369140625,220.4258575439453,210.35546875
2019-07-19,9.916325569152832,57.31904983520508,224.76492309570312,212.09683227539062
2019-07-22,9.772610664367676,58.25870895385742,229.10400390625,214.88299560546875
2019-07-23,9.772610664367676,58.47555160522461,229.10400390625,219.0622100830078
2019-07-24,9.952254295349121,58.76468276977539,229.9718475341797,214.5347137451172
2019-07-25,9.736681938171387,59.752952575683594,229.9718475341797,218.01742553710938
2019-07-26,9.485180854797363,59.60091781616211,226.50057983398438,218.36569213867188
2019-07-29,9.628894805908203,59.60091781616211,226.50057983398438,222.1966552734375
2019-07-30,9.772610664367676,59.14478302001953,225.63278198242188,226.7241668701172
2019-07-31,9.916325569152832,59.752952575683594,225.19882202148438,219.0622100830078
2019-08-01,9.628894805908203,59.2208137512207,222.5953826904297,218.71392822265625
2019-08-02,9.59296703338623,57.39628982543945,218.25631713867188,220.1070098876953
2019-08-05,9.413323402404785,55.34370803833008,213.91722106933594,217.3208770751953
2019-08-06,9.341465950012207,55.723812103271484,215.65283203125,215.2312469482422
2019-08-07,9.413323402404785,55.41973114013672,215.21893310546875,221.5000762939453
2019-08-08,9.557038307189941,55.5717658996582,219.99191284179688,220.45529174804688
2019-08-12,9.341465950012207,56.027896881103516,217.82240295410156,224.98284912109375
2019-08-13,9.305537223815918,55.41973114013672,213.91722106933594,221.5000762939453
2019-08-14,9.413323402404785,55.19165802001953,216.52066040039062,222.54493713378906
2019-08-15,9.269608497619629,54.43144607543945,215.21893310546875,220.45529174804688
2019-08-16,9.59296703338623,54.735530853271484,216.95457458496094,224.28628540039062
2019-08-19,9.664823532104492,55.03961944580078,218.69020080566406,245.87905883789062
2019-08-20,9.700752258300781,55.03961944580078,220.85972595214844,244.48602294921875
2019-08-21,9.700752258300781,55.875858306884766,220.85972595214844,241.6997833251953
2019-08-22,9.521110534667969,56.1799430847168,220.4258575439453,240.3067169189453
2019-08-23,9.59296703338623,55.723812103271484,220.4258575439453,238.56541442871094
2019-08-26,9.341465950012207,54.735530853271484,215.65283203125,238.9136199951172
2019-08-27,9.377395629882812,54.8875732421875,216.95457458496094,240.65504455566406
2019-08-28,9.44925308227539,55.03961944580078,218.69020080566406,254.93411254882812
2019-08-29,9.485180854797363,54.659515380859375,220.4258575439453,254.5858154296875
2019-08-30,9.664823532104492,56.40800476074219,224.76492309570312,255.97894287109375
2019-09-02,9.59296703338623,56.25596618652344,223.4631805419922,258.0685729980469
2019-09-03,9.485180854797363,55.95187759399414,220.4258575439453,253.54098510742188
2019-09-04,9.772610664367676,56.48402786254883,223.4631805419922,254.23757934570312
2019-09-05,9.772610664367676,56.94015884399414,228.23619079589844,255.97894287109375
2019-09-06,9.736681938171387,57.01617431640625,228.67010498046875,260.85467529296875
2019-09-10,9.772610664367676,56.33198928833008,226.9345245361328,263.2926025390625
2019-09-11,9.844468116760254,56.63606643676758,228.23619079589844,260.85467529296875
2019-09-12,9.844468116760254,57.77639389038086,227.8022918701172,261.2029724121094
2019-09-16,9.772610664367676,57.77639389038086,230.40576171875,266.0787353515625
2019-09-17,9.736681938171387,56.712093353271484,229.9718475341797,266.7752990722656
2019-09-18,9.736681938171387,56.56005859375,231.7074737548828,266.0787353515625
2019-09-19,9.772610664367676,55.875858306884766,231.70750427246094,265.033935546875
2019-09-20,9.916325569152832,56.63606643676758,230.83309936523438,269.21319580078125
2019-09-23,9.844468116760254,56.78811264038086,230.83309936523438,270.2579650878906
2019-09-24,9.808539390563965,56.94015884399414,231.70750427246094,269.5614318847656
2019-09-25,9.772610664367676,56.8641357421875,232.58187866210938,264.6856994628906
2019-09-26,9.772610664367676,56.25596618652344,234.33055114746094,261.8995361328125
2019-09-27,9.628894805908203,55.64778518676758,237.82798767089844,257.0237121582031
2019-10-01,9.808539390563965,55.19165802001953,244.822998046875,262.24774169921875
2019-10-02,9.700752258300781,54.963600158691406,244.38580322265625,259.11334228515625
2019-10-03,9.628894805908203,54.735530853271484,241.76268005371094,264.33740234375
2019-10-04,9.664823532104492,55.26768493652344,241.76268005371094,268.5166320800781
2019-10-07,9.59296703338623,55.79983139038086,243.07427978515625,267.4718322753906
2019-10-08,9.59296703338623,56.25596618652344,250.50640869140625,267.82012939453125
2019-10-09,9.44925308227539,55.41973114013672,246.57176208496094,259.11334228515625
2019-10-14,9.700752258300781,56.63606643676758,253.5667266845703,258.0685729980469
2019-10-15,9.844468116760254,56.78811264038086,256.6270446777344,255.63064575195312
2019-10-16,9.880395889282227,57.01617431640625,259.25006103515625,250.75485229492188
2019-10-17,9.916325569152832,58.68865203857422,256.6270446777344,258.4167785644531
2019-10-18,10.0241117477417,58.46059036254883,256.1897277832031,257.7202453613281
2019-10-21,9.98818302154541,58.99274444580078,253.5667266845703,257.0237121582031
2019-10-22,10.060040473937988,60.43715286254883,257.0641174316406,258.76513671875
2019-10-23,10.095969200134277,61.197364807128906,256.1897277832031,259.11334228515625
2019-10-24,10.455256462097168,61.197364807128906,256.1897277832031,265.7304992675781
2019-10-25,10.3474702835083,60.969295501708984,256.6270446777344,263.9891662597656
2019-10-28,10.239683151245117,60.89327621459961,257.5013732910156,269.5614318847656
2019-10-29,10.419328689575195,61.425437927246094,260.99884033203125,273.74072265625
2019-10-30,10.3474702835083,60.969295501708984,261.8731994628906,276.1786193847656
2019-10-31,10.060040473937988,61.27338790893555,260.99884033203125,284.1888122558594
2019-11-01,10.419328689575195,64.46629333496094,261.4359130859375,282.0992126464844
2019-11-04,10.52711296081543,67.6592025756836,268.4309387207031,286.9749755859375
2019-11-05,10.419328689575195,68.41941833496094,271.4912414550781,296.0299987792969
2019-11-06,10.419328689575195,68.72350311279297,271.9284362792969,302.29888916015625
2019-11-07,10.239683151245117,69.027587890625,270.1796569824219,296.0299987792969
2019-11-08,10.239683151245117,69.10359954833984,267.1194152832031,288.3680725097656
2019-11-11,10.239683151245117,66.82296752929688,263.1847229003906,281.05438232421875
2019-11-12,10.275612831115723,69.17962646484375,266.6822509765625,285.5818786621094
2019-11-13,10.203755378723145,68.19134521484375,265.807861328125,284.1888122558594
2019-11-14,10.419328689575195,67.88726043701172,265.3705749511719,285.9302062988281
2019-11-15,10.275612831115723,68.49543762207031,268.4309387207031,293.9403991699219
2019-11-18,10.419328689575195,68.79953002929688,271.9284362792969,292.19903564453125
2019-11-19,10.455256462097168,70.54801940917969,275.42578125,293.2438659667969
2019-11-20,10.598971366882324,69.86382293701172,274.1142883300781,288.7163391113281
2019-11-21,10.52711296081543,70.31995391845703,271.9284362792969,283.49224853515625
2019-11-22,10.491185188293457,69.48371887207031,270.1796569824219,286.2784423828125
2019-11-25,10.778614044189453,68.11532592773438,268.4309387207031,291.5024719238281
2019-11-26,10.92232894897461,68.34339141845703,268.4309387207031,292.5473327636719
2019-11-27,10.92232894897461,68.87554931640625,271.9284362792969,294.2886657714844
2019-11-28,10.850471496582031,68.26737976074219,270.6167297363281,300.55755615234375
2019-11-29,10.74268627166748,67.27908325195312,266.6822509765625,293.5921325683594
2019-12-02,10.850471496582031,67.35511779785156,268.86810302734375,290.10943603515625
2019-12-03,11.030115127563477,68.41941833496094,268.4309387207031,291.154296875
2019-12-04,11.389403343200684,68.039306640625,267.5566101074219,295.6817321777344
2019-12-05,11.892404556274414,68.34339141845703,272.80279541015625,292.5473327636719
2019-12-06,11.640904426574707,68.79953002929688,273.67718505859375,289.06463623046875
2019-12-09,11.67683219909668,69.17962646484375,276.3002624511719,297.0748291015625
2019-12-10,11.820548057556152,68.64749145507812,274.1142883300781,296.0299987792969
2019-12-11,11.67683219909668,69.40769958496094,278.9233093261719,298.8161926269531
2019-12-12,11.928333282470703,69.17962646484375,289.8529052734375,297.7713928222656
2019-12-13,11.928333282470703,69.17962646484375,296.41064453125,301.2540588378906
2019-12-16,11.964262962341309,69.63575744628906,293.7876281738281,307.8712158203125
2019-12-17,12.215763092041016,69.63575744628906,301.65692138671875,320.75726318359375
2019-12-18,12.072047233581543,70.24392700195312,301.2196960449219,317.9710998535156
2019-12-19,12.000189781188965,70.09188079833984,295.0543212890625,316.5779724121094
2019-12-20,12.000189781188965,69.25564575195312,289.76983642578125,310.6573486328125
2019-12-23,11.892404556274414,69.55973815917969,294.17352294921875,312.74700927734375
2019-12-24,11.892404556274414,69.10359954833984,292.4120788574219,309.9608459472656
2019-12-25,11.964262962341309,69.17962646484375,293.29278564453125,314.8366394042969
2019-12-26,11.892404556274414,69.027587890625,293.29278564453125,312.74700927734375
2019-12-27,12.000189781188965,69.55973815917969,297.6966247558594,311.0056457519531
2019-12-30,11.892404556274414,69.10359954833984,294.614013671875,311.0056457519531
2019-12-31,11.820548057556152,69.027587890625,291.5313415527344,308.916015625
2020-01-02,11.892404556274414,69.027587890625,298.5773620605469,307.5229797363281
2020-01-03,11.712759971618652,69.63575744628906,299.017822265625,302.64715576171875
2020-01-06,11.533117294311523,68.79953002929688,292.4120788574219,295.3334655761719
2020-01-07,11.49718952178955,67.73522186279297,290.2102355957031,296.7265625
2020-01-08,11.317545890808105,65.75865173339844,290.2102355957031,299.86102294921875
2020-01-09,11.533117294311523,66.21479034423828,297.25628662109375,304.3885192871094
2020-01-10,11.604974746704102,67.6592025756836,299.017822265625,300.9057922363281
2020-01-13,11.533117294311523,68.11532592773438,300.77935791015625,293.9403991699219
2020-01-14,11.67683219909668,68.41941833496094,304.7427062988281,289.76116943359375
2020-01-15,11.604974746704102,68.34339141845703,299.4581604003906,289.76116943359375
2020-01-16,11.604974746704102,68.41941833496094,294.614013671875,293.2438659667969
2020-01-17,11.49718952178955,70.16790771484375,293.29278564453125,292.8955993652344
2020-01-20,11.533117294311523,70.16790771484375,293.29278564453125,291.8507995605469
2020-01-30,10.850471496582031,63.17393112182617,278.76031494140625,267.1235656738281
2020-01-31,10.706756591796875,63.24995422363281,281.84295654296875,270.2579650878906
2020-02-03,10.778614044189453,62.489723205566406,277.439208984375,266.0787353515625
2020-02-04,10.92232894897461,62.489723205566406,286.2467956542969,271.99932861328125
2020-02-05,11.137901306152344,62.489723205566406,288.4486999511719,265.3822326660156
2020-02-06,11.67683219909668,63.55403518676758,292.8525085449219,266.0787353515625
2020-02-07,11.748690605163574,63.021881103515625,288.8890686035156,265.3822326660156
2020-02-10,11.784619331359863,62.337684631347656,288.4486999511719,264.6856994628906
2020-02-11,12.000189781188965,63.021881103515625,291.9718017578125,271.6510925292969
2020-02-12,12.143905639648438,64.99844360351562,295.0543212890625,279.6612854003906
2020-02-13,12.107976913452148,64.3902816772461,295.0543212890625,284.537109375
2020-02-14,11.856475830078125,64.54232025146484,295.0543212890625,282.447509765625
2020-02-17,11.784619331359863,63.7821044921875,291.9718017578125,277.223388671875
2020-02-18,11.604974746704102,63.40199279785156,283.6045227050781,273.044189453125
2020-02-19,11.569046974182129,63.70608139038086,287.5679626464844,270.60626220703125
2020-02-20,11.712759971618652,62.945865631103516,286.68719482421875,274.437255859375
2020-02-21,11.533117294311523,62.109619140625,286.2467956542969,270.2579650878906
2020-02-24,11.353475570678711,61.349403381347656,281.84295654296875,262.5960693359375
2020-02-25,11.425331115722656,62.56574630737305,283.6045227050781,263.640869140625
2020-02-26,11.209759712219238,61.653499603271484,280.5218505859375,261.2029724121094
2020-02-27,10.994186401367188,61.04533004760742,278.3199768066406,250.75485229492188
2020-03-02,10.958258628845215,60.209083557128906,273.91619873046875,252.844482421875
2020-03-03,11.137901306152344,61.57746887207031,279.64105224609375,259.11334228515625
2020-03-04,11.353475570678711,62.109619140625,282.28338623046875,258.0685729980469
2020-03-05,11.281617164611816,62.869842529296875,284.48529052734375,268.1683654785156
2020-03-06,11.101971626281738,61.425437927246094,277.439208984375,263.640869140625
2020-03-09,10.814542770385742,60.133060455322266,269.072021484375,255.28237915039062
2020-03-10,10.74268627166748,60.361122131347656,270.3930969238281,260.158203125
2020-03-11,10.634899139404297,59.752952575683594,265.9894104003906,252.844482421875
2020-03-12,10.311541557312012,56.78811264038086,258.9431457519531,234.03785705566406
2020-03-13,10.095969200134277,56.712093353271484,255.42022705078125,237.5205841064453
2020-03-16,9.98818302154541,54.05133056640625,243.5299530029297,222.89320373535156
2020-03-17,9.880395889282227,53.67123031616211,236.04348754882812,219.75872802734375
2020-03-18,9.916325569152832,53.21509552001953,228.99749755859375,210.0071563720703
2020-03-19,9.844468116760254,50.402305603027344,220.5489959716797,190.85227966308594
2020-03-20,9.952254295349121,53.82327651977539,240.1138153076172,209.658935546875
2020-03-23,9.880395889282227,51.31455993652344,226.774169921875,214.5347137451172
2020-03-24,9.952254295349121,52.758975982666016,237.89047241210938,229.85861206054688
2020-03-25,10.131898880004883,54.27940368652344,246.33900451660156,232.99302673339844
2020-03-26,10.131898880004883,53.97531509399414,249.0069122314453,239.2619171142578
2020-03-27,10.060040473937988,53.29112243652344,242.78173828125,236.8240509033203
2020-03-30,10.0241117477417,53.21509552001953,237.89047241210938,234.38607788085938
2020-03-31,9.808539390563965,53.13908386230469,243.67105102539062,228.11729431152344
2020-04-01,9.916325569152832,53.21509552001953,241.4477996826172,232.64476013183594
2020-04-06,10.131898880004883,53.36714172363281,245.00502014160156,237.5205841064453
2020-04-07,10.167826652526855,54.12735366821289,251.6748809814453,241.6997833251953
2020-04-08,10.203755378723145,57.01617431640625,253.45343017578125,243.44114685058594
2020-04-09,10.203755378723145,56.25596618652344,251.6748809814453,244.83421325683594
2020-04-10,10.275612831115723,56.1799430847168,248.56228637695312,243.78944396972656
2020-04-13,10.634899139404297,55.5717658996582,247.67294311523438,244.83421325683594
2020-04-14,10.88640022277832,56.56005859375,253.45343017578125,254.5858154296875
2020-04-15,10.850471496582031,56.33198928833008,255.6766815185547,254.5858154296875
2020-04-16,10.706756591796875,56.25596618652344,254.78746032714844,251.79965209960938
2020-04-17,10.814542770385742,57.62435531616211,272.5736999511719,256.3271484375
2020-04-20,10.88640022277832,57.92843246459961,270.3503723144531,257.7202453613281
2020-04-21,10.634899139404297,55.875858306884766,262.34661865234375,246.22735595703125
2020-04-22,10.92232894897461,56.1799430847168,261.45721435546875,241.0032501220703
2020-04-23,11.353475570678711,56.25596618652344,262.7912902832031,244.48602294921875
2020-04-24,11.425331115722656,56.10392379760742,261.45721435546875,242.74464416503906
2020-04-27,11.604974746704102,56.94015884399414,265.0145568847656,259.11334228515625
2020-04-28,10.778614044189453,57.1682243347168,263.6805419921875,261.2029724121094
2020-04-29,10.994186401367188,57.47230529785156,265.9037170410156,277.223388671875
2020-04-30,11.173830032348633,58.53661346435547,270.7950134277344,289.06463623046875
2020-05-04,11.030115127563477,56.63606643676758,262.34661865234375,278.2682189941406
2020-05-05,10.958258628845215,56.33198928833008,262.7912902832031,279.6612854003906
2020-05-06,10.994186401367188,56.48402786254883,263.2358703613281,284.1888122558594
2020-05-07,11.209759712219238,57.1682243347168,264.5697937011719,286.2784423828125
2020-05-08,11.245687484741211,57.92843246459961,264.5697937011719,286.62677001953125
2020-05-11,11.209759712219238,59.981021881103516,267.6824645996094,285.5818786621094
2020-05-12,11.101971626281738,58.76468276977539,262.34661865234375,283.49224853515625
2020-05-13,11.209759712219238,59.905006408691406,264.1252136230469,292.5473327636719
2020-05-14,11.030115127563477,59.44886779785156,260.5679626464844,286.2784423828125
2020-05-15,11.066043853759766,58.61263656616211,265.0145568847656,286.2784423828125
2020-05-18,10.850471496582031,57.01617431640625,257.8999938964844,306.826416015625
2020-05-19,10.74268627166748,56.8641357421875,259.23406982421875,321.80206298828125
2020-05-20,10.670828819274902,56.63606643676758,261.45721435546875,327.3743896484375
2020-05-21,10.994186401367188,56.78811264038086,264.5697937011719,323.54339599609375
2020-05-22,10.850471496582031,55.95187759399414,259.67864990234375,307.8712158203125
2020-05-25,10.850471496582031,55.95187759399414,259.67864990234375,320.4089660644531
2020-05-26,10.92232894897461,56.8641357421875,262.7912902832031,320.4089660644531
2020-05-27,10.850471496582031,57.24424743652344,263.6805419921875,323.54339599609375
2020-05-28,11.030115127563477,57.24424743652344,261.45721435546875,320.4089660644531
2020-05-29,11.101971626281738,57.62435531616211,259.67864990234375,322.49859619140625
2020-06-01,11.245687484741211,57.92843246459961,262.7912902832031,321.45379638671875
2020-06-02,11.389403343200684,58.61263656616211,263.6805419921875,337.82244873046875
2020-06-03,11.640904426574707,59.37285232543945,267.6824645996094,341.3052062988281
2020-06-04,11.712759971618652,59.60091781616211,272.12896728515625,341.3052062988281
2020-06-05,11.856475830078125,59.676937103271484,277.0201416015625,344.09136962890625
2020-06-08,12.251690864562988,60.58919143676758,282.80072021484375,344.4396667480469
2020-06-09,12.107976913452148,60.43715286254883,283.6900329589844,346.5292663574219
2020-06-10,11.928333282470703,60.74123764038086,286.8026123046875,348.2706298828125
2020-06-11,11.533117294311523,59.752952575683594,285.0239562988281,345.8327331542969
2020-06-12,11.281617164611816,59.29682922363281,281.02215576171875,343.0465393066406
2020-06-15,11.066043853759766,58.53661346435547,275.2415466308594,343.0465393066406
2020-06-16,11.137901306152344,59.60091781616211,280.1327819824219,355.2359924316406
2020-06-17,10.994186401367188,59.44886779785156,280.1327819824219,355.2359924316406
2020-06-18,11.030115127563477,59.676937103271484,281.9256286621094,357.3256530761719
2020-06-19,11.066043853759766,59.905006408691406,281.9256286621094,380.3115539550781
2020-06-22,11.281617164611816,59.981021881103516,279.6846008300781,401.207763671875
2020-06-23,11.101971626281738,60.969295501708984,282.3739013671875,399.8147277832031
2020-06-24,11.317545890808105,63.478023529052734,284.6148681640625,403.993896484375
2020-06-29,11.173830032348633,64.77037048339844,279.6846008300781,393.5458068847656
2020-06-30,11.425331115722656,65.60662078857422,280.5809326171875,403.2973937988281
2020-07-01,11.569046974182129,65.30253601074219,284.6148681640625,401.9043273925781
2020-07-02,11.748690605163574,65.37854766845703,288.6488342285156,399.8147277832031
2020-07-03,11.820548057556152,64.84638977050781,295.3720703125,407.47662353515625
2020-07-06,11.964262962341309,65.6826400756836,302.9916076660156,417.7616882324219
2020-07-07,11.928333282470703,66.1387710571289,303.4398193359375,438.33062744140625
2020-07-08,11.964262962341309,66.1387710571289,305.680908203125,468.8293151855469
2020-07-09,11.820548057556152,65.53060150146484,309.2666320800781,461.7366027832031
2020-07-10,11.820548057556152,64.46629333496094,312.4040832519531,436.91204833984375
2020-07-13,12.251690864562988,65.91069793701172,317.7826232910156,446.1325988769531
2020-07-14,12.072047233581543,65.60662078857422,325.8504333496094,433.3656311035156
2020-07-15,12.075034141540527,65.83467864990234,325.40228271484375,431.9471740722656
2020-07-16,12.527848243713379,66.59490966796875,320.4718933105469,424.8544006347656
2020-07-17,12.376910209655762,66.89897918701172,328.98797607421875,430.5285949707031
2020-07-20,12.490113258361816,65.98672485351562,328.0915832519531,426.2729797363281
2020-07-21,12.942927360534668,64.84638977050781,343.330810546875,451.8067932128906
2020-07-22,13.20706844329834,65.30253601074219,344.2271728515625,470.9571838378906
2020-07-23,14.527775764465332,65.62223815917969,341.9861145019531,480.1777648925781
2020-07-24,14.905118942260742,63.943729400634766,346.0200500488281,478.7591552734375
2020-07-27,16.37676429748535,62.345130920410156,380.53240966796875,516.3506469726562
2020-07-28,16.79184341430664,62.66485595703125,389.9447937011719,482.3055419921875
2020-07-29,16.90505027770996,62.345130920410156,378.29132080078125,483.7240905761719
2020-07-30,16.75411033630371,62.345130920410156,389.0484619140625,484.433349609375
2020-07-31,16.867313385009766,62.66485595703125,381.4288635253906,497.2001647949219
2020-08-03,17.961612701416016,61.625770568847656,372.91278076171875,493.65386962890625
2020-08-04,18.527629852294922,62.4250602722168,381.4288635253906,519.1876831054688
2020-08-05,18.791772842407227,62.26521301269531,384.5663146972656,517.7691650390625
2020-08-06,20.074745178222656,63.14442443847656,389.9447937011719,519.1876831054688
2020-08-07,19.32005500793457,62.584922790527344,388.1520080566406,500.037353515625
2020-08-10,19.093645095825195,64.34337615966797,390.39312744140625,500.7466125488281
2020-08-11,18.86724090576172,63.78386688232422,384.5663146972656,491.5260314941406
2020-08-12,18.07481575012207,65.06273651123047,375.6019592285156,482.3055419921875
2020-08-13,17.92388153076172,63.5440788269043,384.5663146972656,485.142578125
2020-08-14,17.77294158935547,64.2634506225586,382.7734375,482.3055419921875
2020-08-17,18.225753784179688,64.10357666015625,389.9447937011719,485.8519592285156
2020-08-18,18.188020706176758,63.78386688232422,388.1520080566406,437.621337890625
2020-08-19,17.65973663330078,63.384212493896484,383.22174072265625,431.9471740722656
2020-08-20,16.452234268188477,61.625770568847656,372.0162658691406,400.7391357421875
2020-08-21,16.452234268188477,62.50498580932617,380.53240966796875,428.4007568359375
2020-08-24,17.055984497070312,62.02541732788086,383.66986083984375,414.92462158203125
2020-08-25,16.71637725830078,62.584922790527344,389.4966735839844,417.7616882324219
2020-08-26,16.867313385009766,62.50498580932617,396.2198486328125,409.9596252441406
2020-08-27,16.56543731689453,61.94548416137695,398.0127258300781,395.77423095703125
2020-08-28,16.5277042388916,61.94548416137695,389.9447937011719,407.1225891113281
2020-08-31,15.999420166015625,61.46590805053711,382.32525634765625,394.3556823730469
2020-09-01,16.5277042388916,61.545841217041016,389.9447937011719,408.5411376953125
2020-09-02,16.37676429748535,62.185272216796875,388.1520080566406,422.72662353515625
2020-09-03,16.263561248779297,62.10533905029297,390.84130859375,427.69146728515625
2020-09-04,16.188091278076172,61.46590805053711,384.5663146972656,427.69146728515625
2020-09-07,17.77294158935547,61.78563690185547,381.8770751953125,424.1451416015625
2020-09-08,17.13145637512207,61.94548416137695,386.35919189453125,428.4007568359375
2020-09-09,17.886144638061523,62.26521301269531,382.7734375,422.01727294921875
2020-09-10,17.62200164794922,62.744781494140625,389.9447937011719,424.8544006347656
2020-09-11,17.35786247253418,62.744781494140625,391.2894592285156,422.01727294921875
2020-09-14,18.037080764770508,63.46413803100586,395.3233947753906,431.9471740722656
2020-09-15,19.093645095825195,63.22434997558594,398.9090576171875,433.3656311035156
2020-09-16,19.395524978637695,62.98457717895508,410.56268310546875,437.621337890625
2020-09-17,19.433258056640625,62.4250602722168,404.2532043457031,424.8544006347656
2020-09-18,19.470991134643555,62.02541732788086,400.1972351074219,433.3656311035156
2020-09-21,18.980443954467773,61.86555099487305,396.59173583984375,436.91204833984375
2020-09-22,18.942710876464844,61.385982513427734,393.8877868652344,427.69146728515625
2020-09-23,19.621931076049805,61.30604553222656,390.7330627441406,437.621337890625
2020-09-24,19.584197998046875,59.94723892211914,381.2688903808594,425.56365966796875
2020-09-25,18.86724090576172,59.387733459472656,382.1702575683594,414.92462158203125
2020-09-28,20.753963470458984,61.46590805053711,388.93035888671875,427.69146728515625
2020-09-29,20.753963470458984,61.545841217041016,388.47967529296875,432.6564025878906
2020-09-30,21.546388626098633,61.86555099487305,390.2823791503906,430.5285949707031
2020-10-05,21.65959358215332,62.10533905029297,389.8317565917969,433.3656311035156
2020-10-06,21.395450592041016,62.185272216796875,396.1410217285156,436.2027282714844
2020-10-07,22.26334571838379,61.86555099487305,399.2957763671875,458.8995361328125
2020-10-08,24.301006317138672,62.345130920410156,408.3092956542969,475.2127685546875
2020-10-12,24.187801361083984,62.90464401245117,414.61865234375,506.4207458496094
2020-10-13,23.810457229614258,63.06450271606445,416.42138671875,495.78167724609375
2020-10-14,24.301006317138672,62.345130920410156,413.7173767089844,488.6889953613281
2020-10-15,23.810457229614258,62.4250602722168,408.3092956542969,488.6889953613281
2020-10-16,23.131235122680664,62.82470703125,404.7039489746094,482.3055419921875
2020-10-19,23.3953800201416,64.9828109741211,412.3653869628906,490.81683349609375
2020-10-20,23.54631805419922,65.06273651123047,406.5065612792969,494.3631896972656
2020-10-21,23.659521102905273,64.2634506225586,408.3092956542969,490.1075439453125
2020-10-22,24.904756546020508,64.58316802978516,410.11187744140625,487.97967529296875
2020-10-23,24.716083526611328,64.50322723388672,407.4079895019531,480.88690185546875
2020-10-26,24.904756546020508,64.10357666015625,405.6052551269531,478.0498962402344
2020-10-27,25.2821044921875,63.943729400634766,402.90118408203125,485.8519592285156
2020-10-28,24.6406192779541,62.584922790527344,400.1972351074219,483.0148010253906
2020-10-29,24.86702537536621,62.345130920410156,393.8877868652344,485.142578125
2020-10-30,23.16897201538086,61.94548416137695,389.3810119628906,480.88690185546875
2020-11-02,22.376548767089844,62.584922790527344,392.5357360839844,463.1551208496094
2020-11-03,22.489749908447266,62.584922790527344,397.4931335449219,471.6664123535156
2020-11-04,23.885927200317383,62.98457717895508,405.6052551269531,480.1777648925781
2020-11-05,23.055768966674805,63.14442443847656,406.5065612792969,493.65386962890625
2020-11-06,23.018033981323242,63.70393371582031,407.85858154296875,496.490966796875
2020-11-09,23.999130249023438,64.90288543701172,413.2666931152344,497.9095764160156
2020-11-10,23.3953800201416,64.58316802978516,406.5065612792969,486.56109619140625
2020-11-11,23.3953800201416,65.22260284423828,411.9146423339844,479.4683532714844
2020-11-12,23.470848083496094,65.46239471435547,412.8160400390625,477.3405456542969
2020-11-13,23.621784210205078,65.06273651123047,416.42138671875,478.7591552734375
2020-11-16,24.301006317138672,66.02188110351562,436.2509460449219,492.2353210449219
2020-11-17,24.26327133178711,66.34161376953125,437.60296630859375,493.65386962890625
2020-11-18,24.414207458496094,66.50147247314453,447.9684753417969,516.3506469726562
2020-11-19,24.225536346435547,66.26168060302734,441.6590270996094,519.8970336914062
2020-11-20,24.942493438720703,65.94196319580078,439.8563232421875,529.8267822265625
2020-11-23,27.432966232299805,66.26168060302734,447.5177307128906,526.9896850585938
2020-11-24,28.791410446166992,65.54231262207031,443.46173095703125,526.2803955078125
2020-11-25,29.0178165435791,65.54231262207031,438.955078125,513.5135498046875
2020-11-26,29.810237884521484,66.34161376953125,440.7577209472656,517.7691650390625
2020-11-27,29.546100616455078,66.02188110351562,440.7577209472656,514.2228393554688
2020-11-30,30.56492805480957,65.7821044921875,433.09619140625,499.3280029296875
2020-12-01,31.357349395751953,66.26168060302734,441.6590270996094,494.3631896972656
2020-12-02,31.281885147094727,66.10182189941406,449.77117919921875,505.002197265625
2020-12-03,32.678062438964844,65.54231262207031,447.9684753417969,496.490966796875
2020-12-04,35.92322540283203,66.26168060302734,453.3764953613281,500.037353515625
2020-12-07,37.73448181152344,70.25817108154297,463.291259765625,499.3280029296875
2020-12-08,38.4137077331543,70.01837921142578,472.3048400878906,517.7691650390625
2020-12-09,37.65901565551758,71.13739013671875,468.6994934082031,520.606201171875
2020-12-10,35.69681930541992,70.09830474853516,461.4887390136719,502.8743896484375
2020-12-11,34.79119110107422,70.01837921142578,465.09405517578125,501.45587158203125
2020-12-14,34.82892990112305,70.09830474853516,457.88330078125,497.9095764160156
2020-12-15,33.20634460449219,69.61873626708984,454.2778625488281,497.2001647949219
2020-12-16,33.88556671142578,70.49795532226562,461.4887390136719,497.2001647949219
2020-12-17,34.75345993041992,70.1782455444336,460.1300354003906,499.3280029296875
2020-12-18,34.60251998901367,70.09830474853516,461.9415283203125,495.78167724609375
2020-12-21,35.81002426147461,70.33809661865234,467.37615966796875,502.1651611328125
2020-12-22,34.489315032958984,70.09830474853516,461.03570556640625,498.61871337890625
2020-12-23,34.79119110107422,70.9775390625,461.03570556640625,510.67645263671875
2020-12-24,35.13079833984375,71.6169662475586,461.9415283203125,506.4207458496094
2020-12-25,35.281742095947266,73.37543487548828,462.84722900390625,507.1300964355469
2020-12-28,36.677913665771484,73.37543487548828,466.4703674316406,524.8618774414062
2020-12-29,35.77228927612305,72.25641632080078,466.4703674316406,520.606201171875
2020-12-30,36.451507568359375,73.21556854248047,475.5280456542969,529.1174926757812
2020-12-31,35.5836181640625,73.5352783203125,480.0569152832031,529.8267822265625
2021-01-04,34.37611389160156,79.84972381591797,485.4914245605469,561.7440795898438
2021-01-05,34.979862213134766,83.12683868408203,490.926025390625,565.2904663085938
2021-01-06,35.432674407958984,83.9261474609375,497.2663879394531,561.7440795898438
2021-01-07,34.866661071777344,85.52473449707031,511.75860595703125,566.708984375
2021-01-08,36.11189651489258,86.32403564453125,525.3453369140625,594.37060546875
2021-01-11,37.73448181152344,85.92438507080078,528.9682006835938,603.5911865234375
2021-01-12,36.56471633911133,83.12683868408203,535.3087768554688,600.0447998046875
2021-01-13,37.73448181152344,85.12508392333984,547.9894409179688,626.9971313476562
2021-01-14,37.65901565551758,92.7184066772461,536.2144165039062,610.6839599609375
2021-01-15,36.79112243652344,92.3187484741211,544.366455078125,602.8818969726562
2021-01-18,37.470340728759766,91.11981201171875,549.8009643554688,598.626220703125
2021-01-19,39.99855422973633,91.91909790039062,567.9163208007812,623.4507446289062
2021-01-20,39.31932830810547,91.51947021484375,586.0316772460938,618.4859008789062
2021-01-21,40.753238677978516,93.5177001953125,609.5816650390625,662.4608154296875
2021-01-22,42.63996505737305,97.11453247070312,587.8432006835938,650.4031372070312
2021-01-25,43.16824722290039,98.3134765625,573.350830078125,645.4382934570312
2021-01-26,41.35699462890625,97.5141830444336,558.858642578125,617.776611328125
2021-01-27,41.35699462890625,98.3134765625,557.0470581054688,636.2177734375
2021-01-28,38.64011001586914,94.71663665771484,544.366455078125,616.3580322265625
2021-01-29,37.73448181152344,89.12156677246094,535.3087768554688,620.6137084960938
2021-02-01,38.33823013305664,90.32051086425781,553.424072265625,641.8919067382812
2021-02-02,39.696678161621094,93.11804962158203,572.4453125,660.3330078125
2021-02-03,39.24386215209961,93.11804962158203,570.6336669921875,673.8092041015625
2021-02-04,39.16839599609375,91.11981201171875,567.9163208007812,670.9720458984375
2021-02-05,39.9230842590332,90.72015380859375,572.4453125,673.8092041015625
2021-02-17,43.470123291015625,91.11981201171875,600.5239868164062,695.0873413085938
2021-02-18,43.922935485839844,90.32051086425781,597.806640625,693.6687622070312
2021-02-19,43.16824722290039,87.92262268066406,590.5606079101562,683.7390747070312
2021-02-22,42.866371154785156,88.721923828125,588.7490234375,674.5184936523438
2021-02-23,42.11167907714844,89.12156677246094,580.5971069335938,684.4482421875
2021-02-24,41.281524658203125,88.32227325439453,566.1046752929688,666.7164306640625
2021-02-25,42.03621292114258,93.11804962158203,575.1624145507812,669.5535278320312
2021-02-26,40.904178619384766,89.5212173461914,548.8951416015625,635.5084228515625
2021-03-02,39.77214431762695,89.5212173461914,551.612548828125,638.3455810546875
2021-03-03,39.16839599609375,92.3187484741211,563.3875732421875,659.623779296875
2021-03-04,37.01752853393555,91.51947021484375,544.366455078125,636.2177734375
2021-03-05,35.50814437866211,91.91909790039062,544.366455078125,626.2879028320312
2021-03-08,34.79119110107422,90.72015380859375,541.64892578125,614.9395141601562
2021-03-09,34.979862213134766,91.91909790039062,538.9317016601562,623.4507446289062
2021-03-10,35.13079833984375,92.3187484741211,540.7433471679688,612.811767578125
2021-03-11,36.71564865112305,93.5177001953125,551.612548828125,629.834228515625
2021-03-12,37.055259704589844,95.91558837890625,556.1412963867188,637.6363525390625
2021-03-15,36.33830642700195,96.71488189697266,553.424072265625,643.3104248046875
2021-03-16,36.451507568359375,98.3134765625,555.235595703125,651.8217163085938
2021-03-17,36.225101470947266,100.71137237548828,549.323974609375,644.0197143554688
2021-03-18,35.50814437866211,103.5089111328125,547.5050048828125,640.4732666015625
2021-03-19,34.75345993041992,98.71312713623047,537.5009155273438,627.7064819335938
2021-03-22,36.376041412353516,103.9085464477539,539.31982421875,624.869384765625
2021-03-23,36.602447509765625,104.30819702148438,540.2293090820312,617.0672607421875
2021-03-24,35.5836181640625,102.3099594116211,523.858642578125,634.0899658203125
2021-03-25,36.71564865112305,101.11101531982422,522.9491577148438,673.0999145507812
2021-03-26,37.545806884765625,101.11101531982422,536.5913696289062,668.8442993164062
2021-03-29,37.24393081665039,102.70960235595703,544.7765502929688,667.4257202148438
2021-03-30,38.18729019165039,103.5089111328125,542.9577026367188,688.703857421875
2021-03-31,37.88542175292969,99.1127700805664,533.863037109375,687.285400390625
2021-04-01,38.11182403564453,97.11453247070312,547.5050048828125,681.6112060546875
2021-04-07,38.86651611328125,98.71312713623047,554.781005859375,707.854248046875
2021-04-08,40.753238677978516,97.91383361816406,557.5093383789062,723.4581909179688
2021-04-09,39.99855422973633,95.91558837890625,554.781005859375,708.5635986328125
2021-04-12,40.45136260986328,96.31523895263672,550.2335205078125,680.9019165039062
2021-04-13,41.05511474609375,97.91383361816406,550.2335205078125,681.6112060546875
2021-04-14,39.77214431762695,97.11453247070312,556.5999145507812,684.4482421875
2021-04-15,40.07402038574219,96.71488189697266,562.966064453125,698.6337280273438
2021-04-16,40.753238677978516,98.71312713623047,554.781005859375,691.5409545898438
2021-04-19,41.2060546875,97.11453247070312,548.41455078125,683.0297241210938
2021-04-20,40.82870864868164,97.5141830444336,547.5050048828125,707.854248046875
2021-04-21,40.3004264831543,95.91558837890625,538.4102783203125,700.7615356445312
2021-04-22,41.35699462890625,93.9173583984375,537.5009155273438,697.9244995117188
2021-04-23,43.01730728149414,95.11628723144531,547.5050048828125,734.097412109375
2021-04-26,46.63981628417969,93.9173583984375,554.781005859375,758.921875
2021-04-27,45.658721923828125,94.71663665771484,554.781005859375,755.3755493164062
2021-04-28,45.281375885009766,93.5177001953125,547.5050048828125,766.0145874023438
2021-04-29,42.79090118408203,92.7184066772461,545.68603515625,840.48828125
2021-05-03,39.99855422973633,89.92086791992188,534.7723388671875,783.7464599609375
2021-05-04,41.2060546875,86.72367858886719,537.5009155273438,769.56103515625
2021-05-05,39.09292221069336,87.92262268066406,532.0439453125,712.8191528320312
2021-05-06,38.715576171875,89.92086791992188,533.863037109375,748.2827758789062
2021-05-07,40.753238677978516,93.9173583984375,544.7765502929688,751.8292846679688
2021-05-10,39.62120819091797,90.32051086425781,535.681884765625,694.3780517578125
2021-05-11,36.979793548583984,85.52473449707031,519.3112182617188,646.1475219726562
2021-05-12,34.979862213134766,81.52825164794922,509.3069763183594,629.834228515625
2021-05-13,35.88549041748047,82.32754516601562,497.48388671875,619.1951293945312
2021-05-14,35.31947326660156,83.52649688720703,506.5784912109375,634.7991333007812
2021-05-17,33.16860580444336,78.49092864990234,499.302734375,648.275390625
2021-05-18,36.451507568359375,85.52473449707031,520.220703125,705.0172729492188
2021-05-19,36.451507568359375,83.9261474609375,515.6732788085938,668.8442993164062
2021-05-20,35.09307098388672,84.72543334960938,515.6732788085938,659.623779296875
2021-05-21,35.432674407958984,87.5229721069336,521.1302490234375,677.3555297851562
2021-05-24,36.753387451171875,87.5229721069336,516.582763671875,668.8442993164062
2021-05-25,39.16839599609375,89.5212173461914,530.22509765625,675.2277221679688
2021-05-26,38.715576171875,89.12156677246094,532.0439453125,674.5184936523438
2021-05-27,38.18729019165039,87.5229721069336,529.3155517578125,663.1701049804688
2021-05-28,39.545738220214844,88.721923828125,536.5913696289062,681.6112060546875
2021-05-31,39.99855422973633,90.72015380859375,542.9577026367188,705.7263793945312
2021-06-01,39.39480209350586,91.51947021484375,543.8670043945312,692.9595947265625
2021-06-02,39.24386215209961,89.5212173461914,541.1387329101562,680.1926879882812
2021-06-03,41.50792694091797,88.721923828125,542.048095703125,695.796630859375
2021-06-04,39.99855422973633,89.5212173461914,541.1387329101562,692.9595947265625
2021-06-07,39.47026443481445,88.32227325439453,538.4102783203125,690.1224365234375
2021-06-08,39.39480209350586,88.32227325439453,535.681884765625,685.1575927734375
2021-06-09,38.26276397705078,87.5229721069336,532.9533081054688,685.8668212890625
2021-06-10,38.86651611328125,88.32227325439453,544.7765502929688,707.854248046875
2021-06-11,39.09292221069336,90.72015380859375,547.5050048828125,695.0873413085938
2021-06-15,40.526832580566406,90.32051086425781,553.871337890625,701.4708862304688
2021-06-16,39.545738220214844,89.12156677246094,550.2335205078125,698.6337280273438
2021-06-17,40.224952697753906,90.32051086425781,553.4297485351562,693.6687622070312
2021-06-18,39.39480209350586,89.12156677246094,550.690185546875,684.4482421875
2021-06-21,38.64011001586914,86.72367858886719,532.425048828125,651.1124877929688
2021-06-22,38.48917007446289,86.72367858886719,527.8587646484375,640.4732666015625
2021-06-23,39.99855422973633,89.12156677246094,543.384033203125,667.4257202148438
2021-06-24,39.99855422973633,90.32051086425781,538.81787109375,658.9144287109375
2021-06-25,39.9230842590332,90.32051086425781,539.731201171875,657.4959716796875
2021-06-28,39.696678161621094,89.12156677246094,538.81787109375,663.1701049804688
2021-06-29,39.99855422973633,89.12156677246094,543.384033203125,663.1701049804688
2021-06-30,40.07402038574219,89.5212173461914,543.384033203125,682.3203735351562
2021-07-01,39.31932830810547,89.5212173461914,541.5576171875,677.3555297851562
2021-07-02,39.696678161621094,89.12156677246094,536.9912109375,678.7740478515625
2021-07-05,41.05511474609375,93.5177001953125,539.731201171875,678.7740478515625
2021-07-06,40.3004264831543,93.11804962158203,540.6444091796875,680.2496948242188
2021-07-07,40.45136260986328,91.91909790039062,542.470947265625,676.5606689453125
2021-07-08,40.07402038574219,92.3187484741211,536.9912109375,678.7740478515625
2021-07-09,39.39480209350586,91.11981201171875,533.3381958007812,678.0363159179688
2021-07-12,40.14949035644531,91.91909790039062,541.5576171875,689.841064453125
2021-07-13,40.677772521972656,93.11804962158203,554.343017578125,683.2008666992188
2021-07-14,40.753238677978516,92.7184066772461,559.8225708007812,686.152099609375
2021-07-15,41.58340072631836,95.51595306396484,560.7359008789062,701.6458740234375
2021-07-16,40.526832580566406,95.51595306396484,537.9046020507812,706.0725708007812
2021-07-19,39.696678161621094,93.11804962158203,531.5119018554688,678.0363159179688
2021-07-20,39.545738220214844,91.51947021484375,530.5986328125,678.7740478515625
2021-07-21,38.33823013305664,89.92086791992188,534.2516479492188,672.8716430664062
2021-07-22,40.51999282836914,91.5783920288086,539.731201171875,678.0363159179688
2021-07-23,41.065452575683594,91.5783920288086,534.2516479492188,688.365478515625
2021-07-26,41.84468460083008,91.16400909423828,529.6854248046875,680.9874267578125
2021-07-27,41.37714385986328,92.40715026855469,529.6854248046875,692.0545043945312
2021-07-28,40.36414337158203,91.5783920288086,528.7720336914062,656.64013671875
2021-07-29,42.54599380493164,91.9927749633789,532.425048828125,688.365478515625
2021-07-30,45.039527893066406,91.16400909423828,529.6854248046875,671.3961181640625
2021-08-02,44.80575942993164,93.65030670166016,538.81787109375,689.1033325195312
2021-08-03,46.28629684448242,92.40715026855469,542.470947265625,692.0545043945312
2021-08-04,47.14344787597656,92.82154083251953,544.2973022460938,700.9080200195312
2021-08-05,49.40322494506836,92.82154083251953,544.2973022460938,709.0238037109375
2021-08-06,48.390220642089844,93.23590850830078,539.731201171875,690.5789184570312
2021-08-09,48.234375,92.82154083251953,543.384033203125,679.5119018554688
2021-08-10,46.59798812866211,89.92086791992188,539.731201171875,680.2496948242188
2021-08-11,46.6759147644043,90.33524322509766,538.81787109375,671.3961181640625
2021-08-12,46.83175277709961,90.33524322509766,535.1647338867188,666.9693603515625
2021-08-13,44.88368225097656,90.33524322509766,530.5986328125,671.3961181640625
2021-08-16,44.49406814575195,89.09209442138672,533.3381958007812,664.7559814453125
2021-08-17,44.49406814575195,89.09209442138672,533.3381958007812,664.7559814453125
2021-08-18,45.27329635620117,88.67771911621094,524.205810546875,672.8716430664062
2021-08-19,43.24729919433594,85.36266326904297,510.50701904296875,655.16455078125
2021-08-20,43.40314483642578,86.60581970214844,504.1144104003906,644.0975341796875
2021-08-23,45.66291427612305,89.09209442138672,516.89990234375,672.1339111328125
2021-08-24,45.50706481933594,90.33524322509766,522.3792724609375,670.6583251953125
2021-08-25,46.75383377075195,89.92086791992188,534.2516479492188,672.1339111328125
2021-08-26,47.68891525268555,89.09209442138672,542.470947265625,655.16455078125
2021-08-27,48.078529357910156,89.50648498535156,547.0369873046875,661.0670166015625
2021-08-30,48.93568420410156,90.33524322509766,552.5166015625,672.8716430664062
2021-08-31,49.16944885253906,91.9927749633789,560.7359008789062,664.7559814453125
2021-09-01,49.94868087768555,91.9927749633789,559.8225708007812,683.9385986328125
2021-09-02,49.870758056640625,92.40715026855469,554.343017578125,688.365478515625
2021-09-03,54.546142578125,93.23590850830078,566.21533203125,678.0363159179688
2021-09-06,54.46821594238281,91.9927749633789,576.26123046875,661.0670166015625
2021-09-07,53.143524169921875,89.92086791992188,568.955078125,666.2315063476562
2021-09-08,51.27337646484375,89.09209442138672,565.302001953125,672.8716430664062
2021-09-09,52.59806823730469,88.67771911621094,565.302001953125,664.7559814453125
2021-09-10,53.143524169921875,89.50648498535156,568.0418701171875,682.4630737304688
2021-09-13,52.05260467529297,88.26333618164062,561.649169921875,683.9385986328125
2021-09-14,51.42921829223633,89.09209442138672,559.8225708007812,698.6946411132812
2021-09-15,51.117523193359375,89.92086791992188,554.343017578125,689.841064453125
2021-09-16,51.58506393432617,89.09209442138672,550.4439697265625,690.5789184570312
2021-09-17,51.117523193359375,89.92086791992188,550.4439697265625,693.530029296875
2021-09-22,50.33829879760742,88.67771911621094,537.6002807617188,672.1339111328125
2021-09-23,50.80583190917969,88.26333618164062,539.4351196289062,675.0850830078125
2021-09-24,52.20845031738281,89.09209442138672,548.6091918945312,678.7740478515625
2021-09-27,51.66299057006836,89.09209442138672,552.2788696289062,707.5482177734375
2021-09-28,50.883758544921875,88.26333618164062,544.9397583007812,706.0725708007812
2021-09-29,49.091529846191406,87.02018737792969,532.0960693359375,673.6094970703125
2021-09-30,49.870758056640625,87.02018737792969,532.0960693359375,667.7071533203125
2021-10-01,48.77983474731445,85.36266326904297,526.591552734375,652.951171875
2021-10-04,47.377220153808594,85.36266326904297,524.7567749023438,658.11572265625
2021-10-05,47.610984802246094,84.11951446533203,524.7567749023438,639.6707763671875
2021-10-06,46.6759147644043,85.36266326904297,523.83935546875,642.6220092773438
2021-10-07,48.7019157409668,88.67771911621094,532.0960693359375,672.1339111328125
2021-10-08,47.610984802246094,89.50648498535156,527.5089721679688,671.3961181640625
2021-10-12,45.58498764038086,87.02018737792969,527.5089721679688,654.4266967773438
2021-10-13,43.948604583740234,87.43457794189453,523.83935546875,635.9818115234375
2021-10-14,44.182376861572266,88.26333618164062,525.6741333007812,619.750244140625
2021-10-15,46.052528381347656,90.7496337890625,550.4439697265625,632.2927856445312
2021-10-18,45.50706481933594,89.09209442138672,541.2701416015625,639.6707763671875
2021-10-19,46.44214630126953,88.67771911621094,550.4439697265625,662.5425415039062
2021-10-20,45.74083709716797,89.09209442138672,548.6091918945312,664.7559814453125
2021-10-21,45.195369720458984,89.50648498535156,546.7744750976562,673.6094970703125
2021-10-22,45.42914581298828,89.09209442138672,550.4439697265625,683.2008666992188
2021-10-25,46.28629684448242,89.50648498535156,544.0223388671875,692.0545043945312
2021-10-26,46.59798812866211,90.33524322509766,549.5265502929688,697.9568481445312
2021-10-27,48.234375,89.50648498535156,549.5265502929688,695.005615234375
2021-10-28,46.59798812866211,89.92086791992188,545.8571166992188,690.5789184570312
2021-10-29,45.195369720458984,88.67771911621094,541.2701416015625,673.6094970703125
2021-11-01,44.88368225097656,88.26333618164062,541.2701416015625,680.2496948242188
2021-11-02,45.97460174560547,89.09209442138672,543.1049194335938,684.6763916015625
2021-11-03,46.130455017089844,89.09209442138672,543.1049194335938,687.627685546875
2021-11-04,45.66291427612305,89.50648498535156,538.5178833007812,684.6763916015625
2021-11-05,47.065528869628906,90.33524322509766,550.4439697265625,693.530029296875
2021-11-08,48.7019157409668,89.09209442138672,552.2788696289062,723.0419921875
2021-11-09,49.16944885253906,89.50648498535156,560.53564453125,721.56640625
2021-11-10,49.16944885253906,90.33524322509766,561.4530029296875,706.8103637695312
2021-11-11,48.468143463134766,89.09209442138672,555.9485473632812,703.8591918945312
2021-11-12,48.77983474731445,90.33524322509766,554.1137084960938,725.25537109375
2021-11-15,49.40322494506836,89.50648498535156,557.7833862304688,756.242919921875
2021-11-16,49.091529846191406,89.50648498535156,559.6182250976562,763.620849609375
2021-11-17,49.55906677246094,88.67771911621094,559.6182250976562,759.9318237304688
2021-11-18,49.16944885253906,88.67771911621094,562.3704223632812,800.5107421875
2021-11-19,50.727909088134766,88.26333618164062,566.9574584960938,804.1997680664062
2021-11-22,50.41621780395508,88.26333618164062,564.2052612304688,796.82177734375
2021-11-23,49.24737548828125,87.84895324707031,561.4530029296875,778.3767700195312
2021-11-24,49.16944885253906,87.43457794189453,553.1964111328125,767.3097534179688
2021-11-25,49.091529846191406,87.02018737792969,553.1964111328125,763.620849609375
2021-11-26,48.7019157409668,85.77704620361328,546.7744750976562,741.4868774414062
2021-11-29,48.623992919921875,85.77704620361328,544.0223388671875,759.9318237304688
2021-11-30,49.63698959350586,85.77704620361328,546.7744750976562,745.1759033203125
2021-12-01,52.20845031738281,87.43457794189453,550.4439697265625,785.7548217773438
2021-12-02,51.97467803955078,87.02018737792969,564.2052612304688,796.82177734375
2021-12-03,53.22145080566406,87.02018737792969,557.7833862304688,782.0657958984375
2021-12-06,52.44221878051758,88.26333618164062,550.4439697265625,800.5107421875
2021-12-07,51.8188362121582,87.84895324707031,556.8660278320312,785.7548217773438
2021-12-08,51.8188362121582,87.02018737792969,552.2788696289062,807.8887329101562
2021-12-09,49.870758056640625,87.84895324707031,557.7833862304688,800.5107421875
2021-12-10,49.481143951416016,87.02018737792969,555.0311889648438,793.1328125
2021-12-13,48.93568420410156,86.60581970214844,551.3615112304688,793.1328125
2021-12-14,48.623992919921875,86.60581970214844,549.5265502929688,789.4437866210938
2021-12-15,48.857757568359375,87.02018737792969,550.4439697265625,782.0657958984375
2021-12-16,49.091529846191406,85.77704620361328,557.5867919921875,804.1997680664062
2021-12-17,48.54606628417969,85.77704620361328,559.4300537109375,793.1328125
2021-12-20,48.468143463134766,85.36266326904297,551.1351928710938,778.3767700195312
2021-12-21,49.01361083984375,86.60581970214844,550.2137451171875,804.1997680664062
2021-12-22,49.63698959350586,85.77704620361328,552.9785766601562,800.5107421875
2021-12-23,49.79283905029297,86.1914291381836,558.50830078125,807.8887329101562
2021-12-24,50.104530334472656,86.1914291381836,556.6651000976562,826.333740234375
2021-12-27,50.104530334472656,86.60581970214844,558.50830078125,844.7786254882812
2021-12-28,50.41621780395508,87.43457794189453,566.8031005859375,866.9126586914062
2021-12-29,50.64999008178711,87.02018737792969,567.7247924804688,874.29052734375
2021-12-30,50.64999008178711,86.1914291381836,566.8031005859375,877.9794311523438
2022-01-03,49.40322494506836,85.36266326904297,581.5492553710938,848.4675903320312
2022-01-04,49.091529846191406,85.77704620361328,604.5897827148438,859.5346069335938
2022-01-05,49.16944885253906,90.33524322509766,599.0601806640625,866.9126586914062
2022-01-06,48.857757568359375,88.67771911621094,593.5303955078125,837.400634765625
2022-01-07,48.77983474731445,88.26333618164062,584.3140869140625,811.5778198242188
2022-01-10,48.390220642089844,86.60581970214844,592.6088256835938,807.8887329101562
2022-01-11,48.390220642089844,86.60581970214844,599.9818115234375,796.82177734375
2022-01-12,48.234375,86.60581970214844,608.2764282226562,800.5107421875
2022-01-13,49.32529830932617,87.43457794189453,609.1980590820312,811.5778198242188
2022-01-14,48.857757568359375,85.77704620361328,619.3360595703125,785.7548217773438
2022-01-17,50.104530334472656,85.77704620361328,629.4740600585938,822.6446533203125
2022-01-18,49.71491622924805,85.77704620361328,610.1197509765625,815.2667236328125
2022-01-19,48.93568420410156,85.77704620361328,602.7467651367188,811.5778198242188
2022-01-20,49.481143951416016,85.36266326904297,599.9818115234375,804.1997680664062
2022-01-21,48.93568420410156,84.53390502929688,590.7655029296875,789.4437866210938
2022-01-24,48.77983474731445,85.36266326904297,601.8251342773438,804.1997680664062
2022-01-25,47.92267990112305,85.36266326904297,590.7655029296875,800.5107421875
2022-01-26,44.6499137878418,84.53390502929688,586.1572875976562,793.1328125
2022-02-07,42.46807098388672,85.36266326904297,585.235595703125,811.5778198242188
2022-02-08,43.169376373291016,87.43457794189453,578.7842407226562,807.8887329101562
2022-02-09,43.63691329956055,88.26333618164062,583.392333984375,833.711669921875
2022-02-10,43.4810676574707,88.26333618164062,598.1384887695312,855.8455810546875
2022-02-11,43.169376373291016,87.84895324707031,599.0601806640625,848.4675903320312
2022-02-14,41.299224853515625,86.1914291381836,587.0789184570312,815.2667236328125
2022-02-15,41.688838958740234,86.1914291381836,583.392333984375,811.5778198242188
2022-02-16,42.156375885009766,87.43457794189453,595.37353515625,833.711669921875
2022-02-17,42.39014434814453,87.84895324707031,594.4520874023438,833.711669921875
2022-02-18,41.84468460083008,87.43457794189453,587.0789184570312,826.333740234375
2022-02-21,41.922607421875,87.84895324707031,582.470947265625,833.711669921875
2022-02-22,41.143375396728516,86.60581970214844,577.862548828125,818.9556884765625
2022-02-23,41.766761779785156,87.02018737792969,576.0193481445312,826.333740234375
2022-02-24,40.36414337158203,84.94827270507812,556.6651000976562,782.0657958984375
2022-02-25,40.59791564941406,85.36266326904297,556.6651000976562,800.5107421875
2022-03-01,42.156375885009766,86.60581970214844,556.6651000976562,811.5778198242188
2022-03-02,41.766761779785156,86.60581970214844,553.900390625,796.82177734375
2022-03-03,42.23429870605469,86.60581970214844,554.8219604492188,796.82177734375
2022-03-04,41.61091232299805,87.02018737792969,548.3704833984375,756.242919921875
2022-03-07,40.20829772949219,84.94827270507812,530.859375,717.1396484375
2022-03-08,38.727760314941406,84.11951446533203,518.8782958984375,710.4993896484375
2022-03-09,40.36414337158203,84.11951446533203,523.486328125,712.7127685546875
2022-03-10,41.143375396728516,85.36266326904297,540.9973754882812,734.10888671875
2022-03-11,40.909610748291016,85.77704620361328,529.93798828125,710.4993896484375
2022-03-14,40.909610748291016,84.94827270507812,527.1729736328125,696.4812622070312
2022-03-15,39.273223876953125,83.70513916015625,514.2701416015625,666.9693603515625
2022-03-16,39.58491134643555,84.11951446533203,516.817138671875,669.1826782226562
2022-03-17,40.98752975463867,86.1914291381836,539.0458984375,714.1883544921875
2022-03-18,41.143375396728516,87.84895324707031,538.11962890625,714.9261474609375
2022-03-21,41.688838958740234,86.60581970214844,542.7506103515625,721.56640625
2022-03-22,41.688838958740234,86.1914291381836,539.97216796875,719.3529663085938
2022-03-23,41.922607421875,87.43457794189453,546.4554443359375,720.82861328125
2022-03-24,41.45507049560547,88.26333618164062,547.3816528320312,717.1396484375
2022-03-25,41.53299331665039,87.84895324707031,553.864990234375,716.4017944335938
2022-03-28,41.766761779785156,87.84895324707031,540.8980102539062,711.2371826171875
2022-03-29,41.84468460083008,87.43457794189453,545.5291137695312,672.8716430664062
2022-03-30,42.46807098388672,87.43457794189453,555.7173461914062,675.0850830078125
2022-03-31,42.07845687866211,87.84895324707031,552.9388427734375,667.7071533203125
2022-04-01,41.2213020324707,86.60581970214844,545.5291137695312,664.0181884765625
2022-04-06,39.81867980957031,87.02018737792969,535.3410034179688,650.7377319335938
2022-04-07,38.96153259277344,85.36266326904297,524.2267456054688,627.1282348632812
2022-04-08,38.96153259277344,85.36266326904297,525.1527709960938,619.750244140625
2022-04-11,37.55891418457031,84.53390502929688,516.817138671875,616.799072265625
2022-04-12,36.857608795166016,84.53390502929688,515.890869140625,621.225830078125
2022-04-13,37.79268264770508,86.1914291381836,530.7100219726562,649.26220703125
2022-04-14,37.597877502441406,86.1914291381836,530.7100219726562,635.2440795898438
2022-04-15,36.66279983520508,85.36266326904297,520.5220336914062,613.8478393554688
2022-04-18,36.00045394897461,84.94827270507812,519.595703125,614.585693359375
2022-04-19,36.35110855102539,84.53390502929688,523.3004150390625,618.274658203125
2022-04-20,37.130340576171875,85.36266326904297,527.9315185546875,631.5549926757812
2022-04-21,37.44203567504883,85.36266326904297,523.3004150390625,640.4086303710938
2022-04-22,37.130340576171875,85.77704620361328,516.817138671875,630.0794067382812
2022-04-25,35.45499038696289,83.2907485961914,506.6289978027344,617.5368041992188
2022-04-26,35.64979934692383,83.70513916015625,505.7027893066406,614.585693359375
2022-04-27,34.597843170166016,82.8763656616211,487.1788635253906,596.1407470703125
2022-04-28,37.79268264770508,84.11951446533203,491.8098449707031,610.8966674804688
2022-04-29,37.247222900390625,84.53390502929688,498.29315185546875,612.372314453125
2022-05-03,36.81864547729492,84.94827270507812,491.8098449707031,604.9942626953125
2022-05-04,37.6368408203125,86.1914291381836,494.5884704589844,611.6344604492188
2022-05-05,38.26021957397461,86.60581970214844,501.9981384277344,620.4880981445312
2022-05-06,37.83164596557617,86.1914291381836,489.0312805175781,615.3234252929688
2022-05-09,37.32514953613281,86.1914291381836,481.621826171875,599.8297729492188
2022-05-10,38.10437774658203,86.1914291381836,479.7693176269531,604.9942626953125
2022-05-11,37.90957260131836,85.36266326904297,482.5478515625,611.6344604492188
2022-05-12,37.247222900390625,84.53390502929688,467.7287292480469,604.9942626953125
2022-05-13,38.06541442871094,86.1914291381836,473.28594970703125,621.9636840820312
2022-05-16,38.53295135498047,86.60581970214844,481.621826171875,608.683349609375
2022-05-17,39.03944778442383,87.02018737792969,490.8836364746094,620.4880981445312
2022-05-18,39.662837982177734,88.67771911621094,498.29315185546875,630.8172607421875
2022-05-19,39.58491134643555,89.09209442138672,483.47412109375,623.439208984375
2022-05-20,39.50699234008789,88.67771911621094,490.8836364746094,624.1770629882812
2022-05-23,39.19529724121094,89.50648498535156,489.0312805175781,621.9636840820312
2022-05-24,38.18230056762695,89.50648498535156,481.621826171875,612.372314453125
2022-05-25,38.45503234863281,90.7496337890625,485.3265380859375,621.9636840820312
2022-05-26,38.49399185180664,90.33524322509766,476.06451416015625,614.585693359375
2022-05-27,39.117374420166016,91.16400909423828,490.8836364746094,627.8660888671875
2022-05-30,39.740760803222656,91.5783920288086,506.6289978027344,647.7865600585938
2022-05-31,40.052452087402344,93.65030670166016,518.6694946289062,667.7071533203125
2022-06-01,39.8966064453125,94.89344787597656,508.4813537597656,667.7071533203125
2022-06-02,39.50699234008789,94.47906494140625,500.1456604003906,662.5425415039062
2022-06-06,40.51999282836914,95.72221374511719,500.1456604003906,667.7071533203125
2022-06-07,40.28622055053711,94.06468200683594,495.51458740234375,656.64013671875
2022-06-08,40.83168411254883,94.47906494140625,503.85028076171875,686.152099609375
2022-06-09,40.36414337158203,95.72221374511719,501.0718078613281,681.7252807617188
2022-06-10,39.8966064453125,94.47906494140625,490.8836364746094,686.152099609375
2022-06-13,38.96153259277344,92.40715026855469,477.91693115234375,654.4266967773438
2022-06-14,38.649837493896484,92.40715026855469,475.138427734375,649.26220703125
2022-06-15,38.688804626464844,92.82154083251953,471.43353271484375,652.2133178710938
2022-06-16,38.26021957397461,92.40715026855469,473.063232421875,644.0975341796875
2022-06-17,37.130340576171875,90.7496337890625,466.54461669921875,613.1100463867188
2022-06-20,37.44203567504883,90.33524322509766,463.7509460449219,619.750244140625
2022-06-21,38.41606903076172,92.82154083251953,470.2694396972656,640.4086303710938
2022-06-22,36.59068298339844,90.7496337890625,460.49169921875,595.4029541015625
2022-06-23,34.848270416259766,89.50648498535156,452.1105651855469,558.9008178710938
2022-06-24,34.516380310058594,91.16400909423828,453.04180908203125,543.4884643554688
2022-06-27,35.59502029418945,91.9927749633789,464.2165832519531,549.9778442382812
2022-06-28,34.723812103271484,92.82154083251953,463.28533935546875,528.0761108398438
2022-06-29,33.935577392578125,91.9927749633789,457.23236083984375,536.1878662109375
2022-06-30,32.48356246948242,90.33524322509766,443.2638854980469,528.0761108398438
2022-07-01,31.570871353149414,87.84895324707031,422.3113098144531,496.4402160644531
2022-07-04,31.653846740722656,87.1517333984375,409.73974609375,495.6289978027344
2022-07-05,32.2761344909668,89.33053588867188,415.3271179199219,498.87371826171875
2022-07-06,30.824125289916992,87.5875015258789,405.54925537109375,490.7620544433594
2022-07-07,33.064369201660156,90.2020492553711,426.0362854003906,515.9083862304688
2022-07-08,32.93991470336914,88.89478302001953,434.8829650878906,528.0761108398438
2022-07-11,32.027217864990234,88.02325439453125,430.2267761230469,516.7196655273438
2022-07-12,30.492238998413086,87.5875015258789,418.5863952636719,498.0626220703125
2022-07-13,31.570871353149414,89.33053588867188,438.1422119140625,514.2860717773438
2022-07-14,32.19316482543945,91.50932312011719,442.3327331542969,524.0202026367188
2022-07-15,32.317623138427734,91.50932312011719,458.62921142578125,525.6425170898438
2022-07-18,33.1888313293457,91.50932312011719,461.4228515625,536.1878662109375
2022-07-19,33.10585403442383,90.63780975341797,457.23236083984375,536.9990844726562
2022-07-20,33.811119079589844,90.2020492553711,460.957275390625,544.2996215820312
2022-07-21,35.51204299926758,91.94508361816406,466.54461669921875,580.8026123046875
2022-07-22,35.22164535522461,92.38084411621094,468.4070739746094,571.8796997070312
2022-07-25,33.60368728637695,93.68811798095703,465.1477966308594,558.089599609375
2022-07-26,32.027217864990234,94.1238784790039,460.957275390625,552.4114379882812
2022-07-27,32.73248291015625,94.1238784790039,467.4758605957031,549.1668090820312
2022-07-28,32.19316482543945,94.55963897705078,466.54461669921875,553.2225952148438
2022-07-29,33.31328582763672,94.99539947509766,473.9944152832031,554.0337524414062
2022-08-01,33.437744140625,94.99539947509766,469.3382873535156,562.956787109375
2022-08-02,32.442081451416016,94.1238784790039,458.16357421875,554.0337524414062
2022-08-03,32.6080207824707,94.55963897705078,466.54461669921875,556.4672241210938
2022-08-04,33.1888313293457,94.1238784790039,465.6134033203125,554.8449096679688
2022-08-05,34.97272872924805,94.1238784790039,480.5130615234375,581.61376953125
2022-08-08,34.060035705566406,94.1238784790039,476.7881164550781,575.1243286132812
2022-08-09,34.060035705566406,94.99539947509766,474.9256591796875,562.956787109375
2022-08-10,33.437744140625,95.86691284179688,465.6134033203125,541.8661499023438
2022-08-11,34.59935760498047,98.48146057128906,478.65057373046875,543.4884643554688
2022-08-12,35.138671875,98.04570007324219,481.4442443847656,554.8449096679688
2022-08-15,36.09284973144531,97.60994720458984,487.0316467285156,572.6908569335938
2022-08-16,35.719478607177734,96.7384262084961,488.89410400390625,572.6908569335938
2022-08-17,35.553531646728516,98.04570007324219,490.7564697265625,570.2572631835938
2022-08-18,35.263126373291016,97.60994720458984,484.23797607421875,569.4462280273438
2022-08-19,35.6779899597168,96.7384262084961,483.306640625,562.1455688476562
2022-08-22,34.806785583496094,95.86691284179688,476.7881164550781,549.1668090820312
2022-08-23,33.85260772705078,95.86691284179688,469.3382873535156,548.3555297851562
2022-08-24,33.935577392578125,95.43115997314453,468.4070739746094,541.054931640625
2022-08-25,34.350440979003906,95.43115997314453,473.063232421875,543.4884643554688
2022-08-26,34.26746368408203,96.30267333984375,476.7881164550781,549.9778442382812
2022-08-29,33.147342681884766,94.1238784790039,464.2165832519531,529.6984252929688
2022-08-30,33.52071762084961,94.55963897705078,461.8884582519531,532.9432373046875
2022-08-31,34.101524353027344,94.99539947509766,470.2694396972656,541.054931640625
2022-09-01,33.56220626831055,93.68811798095703,456.7667541503906,525.6425170898438
2022-09-02,33.60368728637695,93.68811798095703,451.6449279785156,502.9295959472656
2022-09-05,33.022884368896484,94.1238784790039,452.576171875,511.8525390625
2022-09-06,33.147342681884766,94.55963897705078,455.36993408203125,510.230224609375
2022-09-07,32.52505111694336,92.38084411621094,440.00469970703125,502.1184997558594
2022-09-08,32.6080207824707,93.25236511230469,442.3327331542969,505.3631591796875
2022-09-12,33.31328582763672,94.55963897705078,453.04180908203125,508.60791015625
2022-09-13,33.811119079589844,95.86691284179688,459.0947570800781,507.7967529296875
2022-09-14,33.31328582763672,93.68811798095703,446.98883056640625,498.87371826171875
2022-09-15,33.52071762084961,94.1238784790039,446.2864074707031,499.6849365234375
2022-09-16,33.147342681884766,93.68811798095703,442.0716857910156,486.7060546875
2022-09-19,33.147342681884766,93.25236511230469,437.3888244628906,489.9508056640625
2022-09-20,33.31328582763672,94.55963897705078,446.2864074707031,490.7620544433594
2022-09-21,32.856937408447266,93.25236511230469,441.1351013183594,490.7620544433594
2022-09-22,32.15167999267578,93.25236511230469,435.0472717285156,479.4055480957031
2022-09-23,31.778301239013672,92.81659698486328,426.149658203125,470.4825439453125
2022-09-26,30.575204849243164,90.63780975341797,418.1886901855469,461.5596618652344
2022-09-27,30.948579788208008,90.2020492553711,419.593505859375,460.74847412109375
2022-09-28,30.035890579223633,87.5875015258789,410.2276306152344,442.0914001464844
2022-09-29,30.3262882232666,88.45901489257812,407.41778564453125,440.4690246582031
2022-09-30,29.662517547607422,88.89478302001953,395.2420654296875,446.9584655761719
2022-10-03,29.330625534057617,88.02325439453125,390.55914306640625,444.52490234375
2022-10-04,31.280471801757812,89.33053588867188,401.79827880859375,464.8043212890625
2022-10-05,31.778301239013672,93.25236511230469,416.7837219238281,485.8949279785156
2022-10-06,32.317623138427734,93.68811798095703,422.4032897949219,476.1608581542969
2022-10-07,31.570871353149414,93.68811798095703,410.2276306152344,459.1260986328125
2022-10-11,29.372116088867188,90.63780975341797,376.04193115234375,448.580810546875
2022-10-12,30.45075035095215,89.76628875732422,372.2955627441406,445.3360900878906
2022-10-13,30.201833724975586,90.2020492553711,369.9541015625,441.2801818847656
2022-10-14,32.110191345214844,91.50932312011719,385.87615966796875,474.5384521484375
2022-10-17,31.321958541870117,91.50932312011719,371.8273010253906,468.86016845703125
2022-10-18,31.736818313598633,90.2020492553711,381.1932067871094,476.97198486328125
2022-10-19,31.695329666137695,89.76628875732422,370.4223327636719,468.049072265625
2022-10-20,32.77396774291992,89.33053588867188,372.2955627441406,462.3708190917969
2022-10-21,32.40059280395508,90.2020492553711,364.8028259277344,459.937255859375
2022-10-24,32.69099807739258,89.76628875732422,362.4613037109375,476.97198486328125
2022-10-25,32.73248291015625,90.2020492553711,347.47589111328125,456.6925048828125
2022-10-26,31.61236000061035,90.63780975341797,352.1588134765625,469.6714172363281
2022-10-27,32.5665397644043,90.63780975341797,361.0564880371094,477.7831726074219
2022-10-28,31.778301239013672,90.63780975341797,355.4368896484375,458.3149108886719
2022-10-31,32.442081451416016,89.33053588867188,365.2710876464844,478.59429931640625
2022-11-01,32.40059280395508,88.45901489257812,366.6760559082031,485.8949279785156
2022-11-02,32.64950942993164,88.89478302001953,369.9541015625,485.8949279785156
2022-11-03,32.359107971191406,88.02325439453125,359.6515197753906,486.7060546875
2022-11-04,32.2761344909668,87.5875015258789,357.7784118652344,484.2725830078125
2022-11-07,33.23031234741211,87.1517333984375,365.2710876464844,502.9295959472656
2022-11-08,33.31328582763672,87.1517333984375,373.7004699707031,502.9295959472656
2022-11-09,34.39192581176758,89.33053588867188,390.55914306640625,527.264892578125
2022-11-10,34.55786895751953,87.5875015258789,381.6615905761719,535.3768310546875
2022-11-11,36.50770950317383,87.1517333984375,413.50567626953125,567.8237915039062
2022-11-14,37.254459381103516,88.45901489257812,416.7837219238281,565.3903198242188
2022-11-15,38.664981842041016,88.45901489257812,449.5644226074219,585.669677734375
2022-11-16,37.54486083984375,88.45901489257812,456.1206970214844,591.347900390625
2022-11-17,37.835262298583984,88.45901489257812,454.2474060058594,588.1031494140625
2022-11-18,37.835262298583984,87.5875015258789,456.1206970214844,585.669677734375
2022-11-21,37.87675094604492,87.1517333984375,451.4376525878906,584.0473022460938
2022-11-22,38.250125885009766,87.5875015258789,459.86700439453125,578.3690795898438
2022-11-23,38.250125885009766,87.5875015258789,460.8035583496094,571.8796997070312
2022-11-24,38.33309555053711,88.02325439453125,464.5499267578125,590.5366821289062
2022-11-25,38.0012092590332,87.5875015258789,466.42315673828125,589.7255859375
2022-11-28,36.839603424072266,87.1517333984375,450.03271484375,570.2572631835938
2022-11-29,37.04703140258789,87.1517333984375,456.1206970214844,578.3690795898438
2022-11-30,38.0012092590332,87.5875015258789,458.9303894042969,594.5927124023438
2022-12-01,37.835262298583984,89.76628875732422,466.8914794921875,601.08203125
2022-12-02,37.75229263305664,91.94508361816406,461.27191162109375,599.4596557617188
2022-12-05,37.6693229675293,91.94508361816406,457.99383544921875,599.4596557617188
2022-12-06,36.922569274902344,89.76628875732422,447.6912536621094,588.1031494140625
2022-12-07,36.21731185913086,88.89478302001953,444.88153076171875,580.8026123046875
2022-12-08,35.263126373291016,88.45901489257812,441.6034240722656,571.8796997070312
2022-12-09,36.09284973144531,88.89478302001953,450.9693603515625,591.347900390625
2022-12-12,36.09284973144531,88.89478302001953,444.88153076171875,577.5579223632812
2022-12-13,36.341766357421875,88.02325439453125,441.6034240722656,575.1243286132812
2022-12-14,36.88108444213867,89.33053588867188,450.03271484375,582.4249267578125
2022-12-15,36.71514129638672,88.45901489257812,452.62322998046875,552.4114379882812
2022-12-16,36.75662612915039,87.5875015258789,443.6743469238281,535.3768310546875
2022-12-19,35.636505126953125,88.45901489257812,439.4354553222656,532.132080078125
2022-12-20,34.723812103271484,87.1517333984375,430.95758056640625,524.0202026367188
2022-12-21,34.848270416259766,87.1517333984375,432.3705749511719,530.5096435546875
2022-12-22,35.553531646728516,88.02325439453125,440.84844970703125,536.1878662109375
2022-12-23,34.806785583496094,88.02325439453125,428.6026611328125,535.3768310546875
2022-12-26,34.765296936035156,88.02325439453125,430.0155944824219,528.0761108398438
2022-12-27,34.723812103271484,87.5875015258789,430.4866027832031,532.132080078125
2022-12-28,33.85260772705078,87.5875015258789,424.834716796875,517.5308227539062
2022-12-29,33.811119079589844,86.8902816772461,420.1247863769531,510.230224609375
2022-12-30,33.76963424682617,87.06458282470703,422.479736328125,506.9854736328125
2023-01-03,34.350440979003906,86.36737060546875,426.7186279296875,522.3978881835938
2023-01-04,34.060035705566406,85.495849609375,423.4217834472656,515.9083862304688
2023-01-05,34.22597885131836,85.40869903564453,431.8995666503906,511.8525390625
2023-01-06,35.18016052246094,85.75731658935547,431.8995666503906,535.3768310546875
2023-01-09,36.922569274902344,86.36737060546875,453.09423828125,547.5443725585938
2023-01-10,37.337432861328125,86.62882995605469,457.8040771484375,562.956787109375
2023-01-11,37.461891174316406,86.36737060546875,456.3911437988281,573.5020141601562
2023-01-12,37.461891174316406,85.93161010742188,458.275146484375,579.991455078125
2023-01-13,37.6693229675293,85.93161010742188,470.9919128417969,562.956787109375
2023-01-16,37.254459381103516,85.495849609375,475.7017517089844,571.0684814453125
2023-01-17,38.125667572021484,85.495849609375,473.8178405761719,562.1455688476562
2023-01-30,40.49037170410156,85.495849609375,511.4972839355469,599.4596557617188
2023-01-31,40.49037170410156,86.8902816772461,491.7154846191406,582.4249267578125
2023-02-01,40.863746643066406,87.1517333984375,499.2513732910156,587.2919921875
2023-02-02,41.81792449951172,87.1517333984375,508.6712951660156,605.9490966796875
2023-02-03,41.56900405883789,86.80313110351562,510.55511474609375,609.1937866210938
2023-02-06,40.69780349731445,88.45901489257812,495.48345947265625,592.9702758789062
2023-02-07,40.7807731628418,87.5875015258789,492.657470703125,581.61376953125
2023-02-08,41.90089416503906,87.5875015258789,508.6712951660156,603.515625
2023-02-09,41.90089416503906,88.02325439453125,508.6712951660156,607.5714721679688
2023-02-10,42.149810791015625,88.45901489257812,513.3811645507812,600.2708740234375
2023-02-13,41.278602600097656,88.02325439453125,509.6133117675781,592.9702758789062
2023-02-14,41.81792449951172,88.89478302001953,513.3811645507812,593.7814331054688
2023-02-15,41.4030647277832,89.33053588867188,494.5414733886719,575.9356079101562
2023-02-16,41.56900405883789,90.2020492553711,497.3674621582031,576.7467041015625
2023-02-17,41.48603820800781,90.2020492553711,487.9476013183594,586.4808959960938
2023-02-20,41.90089416503906,89.76628875732422,487.00567626953125,588.914306640625
2023-02-21,41.98386764526367,89.33053588867188,486.06365966796875,588.1031494140625
2023-02-22,41.11266326904297,88.89478302001953,477.5857238769531,578.3690795898438
2023-02-23,41.6519775390625,89.76628875732422,487.9476013183594,604.3267211914062
2023-02-24,41.444549560546875,88.02325439453125,481.353759765625,586.4808959960938
2023-03-01,42.56467056274414,88.89478302001953,491.7154846191406,641.640869140625
2023-03-02,42.06684112548828,89.33053588867188,488.8894958496094,628.6620483398438
2023-03-03,42.56467056274414,89.33053588867188,486.06365966796875,628.6620483398438
2023-03-06,43.06250762939453,90.2020492553711,490.7735595703125,635.962646484375
2023-03-07,42.8135871887207,91.50932312011719,493.5995178222656,639.2073974609375
2023-03-08,43.22844696044922,90.63780975341797,490.7735595703125,622.9838256835938
2023-03-09,43.56033706665039,89.33053588867188,491.7154846191406,622.172607421875
2023-03-10,43.14548110961914,88.89478302001953,483.2377014160156,613.2496337890625
2023-03-13,43.56033706665039,89.76628875732422,486.06365966796875,619.739013671875
2023-03-14,42.06684112548828,88.89478302001953,480.4117431640625,617.3055419921875
2023-03-15,42.89656448364258,89.33053588867188,481.353759765625,614.8720703125
2023-03-16,43.14548110961914,88.89478302001953,478.2755126953125,613.2496337890625
2023-03-17,44.141143798828125,90.2020492553711,490.5875244140625,627.0397338867188
2023-03-20,44.141143798828125,89.33053588867188,484.90509033203125,624.6061401367188
2023-03-21,43.80924987792969,90.2020492553711,489.6405334472656,625.4172973632812
2023-03-22,44.39006042480469,90.2020492553711,504.7938232421875,633.529052734375
2023-03-23,44.22411346435547,90.2020492553711,509.5291748046875,643.2632446289062
2023-03-24,44.05816650390625,91.94508361816406,510.4761962890625,640.8297729492188
2023-03-27,43.97520065307617,90.2020492553711,502.8996276855469,632.7179565429688
2023-03-28,43.31142044067383,89.76628875732422,497.2171630859375,621.3614501953125
2023-03-29,42.73061752319336,90.2020492553711,501.9524841308594,627.0397338867188
2023-03-30,43.22844696044922,91.07356262207031,506.6878662109375,631.0955810546875
2023-03-31,43.89222717285156,90.63780975341797,504.7938232421875,638.3961791992188
2023-04-06,43.80924987792969,90.2020492553711,501.9524841308594,610.816162109375
2023-04-07,43.47736358642578,89.76628875732422,502.8996276855469,607.5714721679688
2023-04-10,43.22844696044922,89.76628875732422,501.00543212890625,601.8931884765625
2023-04-11,42.8135871887207,90.2020492553711,496.27008056640625,613.2496337890625
2023-04-12,43.22844696044922,89.33053588867188,492.4817810058594,614.8720703125
2023-04-13,42.8135871887207,89.76628875732422,483.0109558105469,608.3826293945312
2023-04-14,42.56467056274414,91.07356262207031,488.69342041015625,606.7603759765625
2023-04-17,43.14548110961914,90.63780975341797,492.4817810058594,575.1243286132812
2023-04-18,43.22844696044922,91.07356262207031,487.746337890625,558.089599609375
2023-04-19,42.4817008972168,90.63780975341797,483.0109558105469,547.5443725585938
2023-04-20,42.06684112548828,91.07356262207031,485.8521728515625,545.9219360351562
2023-04-21,41.56900405883789,90.63780975341797,483.9580383300781,539.4326171875
2023-04-24,41.154144287109375,90.2020492553711,480.1696472167969,548.3555297851562
2023-04-25,40.241455078125,89.76628875732422,471.64593505859375,527.264892578125
2023-04-26,40.15848159790039,90.2020492553711,465.4898986816406,526.4537353515625
2023-04-27,40.53185272216797,90.2020492553711,467.3841247558594,536.9990844726562
2023-04-28,40.73928451538086,91.07356262207031,475.434326171875,539.4326171875
2023-05-02,41.361576080322266,92.38084411621094,474.4871520996094,544.2996215820312
2023-05-03,41.444549560546875,91.94508361816406,469.7518005371094,551.6002807617188
2023-05-04,41.19563674926758,91.50932312011719,471.64593505859375,541.8661499023438
2023-05-05,41.154144287109375,91.50932312011719,473.54010009765625,547.5443725585938
2023-05-08,41.48603820800781,91.50932312011719,477.3283996582031,547.5443725585938
2023-05-09,41.444549560546875,92.81659698486328,483.0109558105469,549.1668090820312
2023-05-10,41.029685974121094,92.81659698486328,476.38134765625,541.8661499023438
2023-05-11,40.82225799560547,91.50932312011719,472.5930480957031,541.8661499023438
2023-05-12,40.40739822387695,89.33053588867188,469.7518005371094,545.9219360351562
2023-05-15,39.90956115722656,88.89478302001953,469.2782897949219,551.6002807617188
2023-05-16,40.49037170410156,88.89478302001953,478.2755126953125,551.6002807617188
2023-05-17,40.863746643066406,89.33053588867188,491.5345458984375,555.6561889648438
2023-05-18,41.6519775390625,89.76628875732422,501.9524841308594,558.9008178710938
2023-05-19,41.48603820800781,89.76628875732422,503.8466796875,566.2014770507812
2023-05-22,40.57334518432617,89.76628875732422,502.8996276855469,571.8796997070312
2023-05-23,40.57334518432617,89.33053588867188,501.9524841308594,580.8026123046875
2023-05-24,40.7807731628418,89.76628875732422,497.2171630859375,576.7467041015625
2023-05-25,40.57334518432617,89.33053588867188,514.2646484375,574.3131713867188
2023-05-26,41.81792449951172,89.33053588867188,536.0474853515625,592.1591186523438
2023-05-29,42.4817008972168,91.94508361816406,537.941650390625,598.6485595703125
2023-05-30,42.8135871887207,93.25236511230469,536.0474853515625,618.9279174804688
2023-05-31,42.979530334472656,92.81659698486328,528.4708251953125,615.6831665039062
2023-06-01,42.149810791015625,94.1238784790039,521.8411254882812,606.7603759765625
2023-06-02,42.64764404296875,94.1238784790039,532.2592163085938,609.1937866210938
2023-06-05,42.2327880859375,93.68811798095703,525.629638671875,615.6831665039062
2023-06-06,41.90089416503906,93.25236511230469,530.3649291992188,614.0608520507812
2023-06-07,42.56467056274414,94.1238784790039,537.941650390625,622.9838256835938
2023-06-08,42.73061752319336,93.25236511230469,529.41796875,622.9838256835938
2023-06-09,43.39439392089844,94.1238784790039,535.1004028320312,619.739013671875
2023-06-12,43.643310546875,96.30267333984375,543.6239624023438,622.172607421875
2023-06-13,44.141143798828125,98.04570007324219,561.61865234375,631.90673828125
2023-06-14,44.39006042480469,98.04570007324219,558.7774047851562,632.7179565429688
2023-06-15,45.21977996826172,97.17418670654297,562.3453369140625,621.3614501953125
2023-06-16,45.21977996826172,96.7384262084961,560.4423828125,609.1937866210938
2023-06-19,44.638973236083984,98.04570007324219,554.7333374023438,636.7738647460938
2023-06-20,44.555999755859375,98.04570007324219,554.7333374023438,620.61328125
2023-06-21,44.721946716308594,98.48146057128906,552.8301391601562,622.4095458984375
2023-06-26,44.22411346435547,100.66026306152344,546.1696166992188,615.224365234375
2023-06-27,43.64613342285156,99.35298156738281,544.2665405273438,611.6318969726562
2023-06-28,43.69062423706055,100.22449493408203,546.1696166992188,624.2058715820312
2023-06-29,43.15673065185547,98.48146057128906,545.218017578125,625.1039428710938
2023-06-30,43.15673065185547,98.48146057128906,548.0726318359375,617.9188842773438
2023-07-03,42.93427276611328,100.22449493408203,550.9271240234375,620.61328125
2023-07-04,43.42367935180664,100.49858856201172,556.6363525390625,628.696533203125
2023-07-05,43.02325439453125,99.12815856933594,553.78173828125,626.0021362304688
2023-07-06,42.84529113769531,96.38728332519531,537.6058959960938,619.7151489257812
2023-07-07,43.02325439453125,96.38728332519531,537.6058959960938,612.5299682617188
2023-07-10,42.80079650878906,95.4736557006836,537.6058959960938,604.44677734375
2023-07-11,43.15673065185547,95.93046569824219,549.0241088867188,616.12255859375
2023-07-12,42.489356994628906,98.21453094482422,549.9756469726562,615.224365234375
2023-07-13,42.26689910888672,97.75772094726562,556.6363525390625,610.7337036132812
2023-07-14,42.93427276611328,100.04177856445312,562.3453369140625,621.5113525390625
2023-07-17,43.112239837646484,100.95539855957031,562.3453369140625,613.4281005859375
2023-07-18,42.8897819519043,102.32583618164062,552.8301391601562,613.4281005859375
2023-07-19,42.26689910888672,99.12815856933594,552.8301391601562,625.1039428710938
2023-07-20,41.02113723754883,98.67134094238281,550.9271240234375,621.5113525390625
2023-07-21,40.22029113769531,98.21453094482422,532.8483276367188,612.5299682617188
2023-07-24,40.08681869506836,98.67134094238281,530.9454345703125,606.2430419921875
2023-07-25,40.62071990966797,102.32583618164062,541.4119262695312,597.2616577148438
2023-07-26,40.131309509277344,101.8690185546875,538.5575561523438,588.2802734375
2023-07-27,41.06563186645508,100.95539855957031,541.4119262695312,590.9747314453125
2023-07-28,41.866477966308594,100.04177856445312,539.509033203125,590.9747314453125
2023-07-31,41.82198715209961,99.12815856933594,537.6058959960938,619.7151489257812
2023-08-01,41.82198715209961,100.95539855957031,539.509033203125,640.3723754882812
2023-08-02,41.51054763793945,98.67134094238281,533.7997436523438,636.77978515625
2023-08-04,41.377071380615234,101.4122085571289,527.1392822265625,634.0853271484375
2023-08-07,41.288089752197266,100.04177856445312,530.9454345703125,634.0853271484375
2023-08-08,40.53173065185547,100.95539855957031,525.2362670898438,619.7151489257812
2023-08-09,40.57622528076172,100.95539855957031,527.1392822265625,629.5946655273438
2023-08-10,40.175804138183594,100.49858856201172,524.2847290039062,622.4095458984375
2023-08-11,40.35376739501953,99.12815856933594,519.5270385742188,609.8355712890625
2023-08-14,40.042327880859375,100.49858856201172,514.7697143554688,603.5487060546875
2023-08-15,40.442752838134766,97.75772094726562,515.7210693359375,608.9373779296875
2023-08-16,38.9300422668457,96.38728332519531,515.7210693359375,618.8169555664062
2023-08-17,38.79656219482422,97.3009033203125,517.6240844726562,605.3450317382812
2023-08-18,38.97453308105469,96.8440933227539,512.8666381835938,605.3450317382812
2023-08-21,38.84105682373047,96.8440933227539,510.9635925292969,600.8541870117188
2023-08-22,38.79656219482422,97.3009033203125,514.7697143554688,603.5487060546875
2023-08-23,38.61860275268555,97.3009033203125,525.2362670898438,602.6504516601562
2023-08-24,39.46393966674805,100.04177856445312,536.6544799804688,620.61328125
2023-08-25,38.707584381103516,98.67134094238281,519.5270385742188,623.3076782226562
2023-08-28,39.86436080932617,98.67134094238281,522.3817138671875,629.5946655273438
2023-08-29,40.30927658081055,96.8440933227539,525.2362670898438,637.6777954101562
2023-08-30,41.288089752197266,96.8440933227539,528.0908203125,636.77978515625
2023-08-31,40.487239837646484,97.3009033203125,522.3817138671875,633.1871948242188
2023-09-01,40.88766860961914,98.21453094482422,521.4302368164062,637.6777954101562
2023-09-04,40.932159423828125,97.3009033203125,529.9938354492188,638.5760498046875
2023-09-05,41.42156219482422,97.75772094726562,525.2362670898438,644.8629760742188
2023-09-06,41.55503845214844,96.8440933227539,523.333251953125,639.47412109375
2023-09-07,40.70969772338867,96.38728332519531,515.7210693359375,643.96484375
2023-09-08,40.66521072387695,96.8440933227539,512.8666381835938,636.77978515625
2023-09-11,40.976646423339844,95.93046569824219,510.0119934082031,641.2703857421875
2023-09-12,41.644020080566406,98.21453094482422,517.6240844726562,653.8442993164062
2023-09-13,41.91096878051758,96.8440933227539,514.7697143554688,657.4368896484375
2023-09-14,42.133426666259766,97.3009033203125,526.2513427734375,658.3350219726562
2023-09-15,42.35588455200195,96.8440933227539,533.9059448242188,685.2791748046875
2023-09-18,41.377071380615234,97.3009033203125,516.6832275390625,702.3438110351562
2023-09-19,41.11012268066406,97.3009033203125,514.7696533203125,694.2606201171875
2023-09-20,40.84317398071289,96.8440933227539,511.89910888671875,681.6866455078125
2023-09-21,40.62071990966797,95.93046569824219,504.24462890625,670.0108642578125
2023-09-22,40.35376739501953,95.93046569824219,499.4604797363281,670.0108642578125
2023-09-25,40.62071990966797,96.38728332519531,502.3309020996094,678.0940551757812
2023-09-26,39.81986999511719,95.016845703125,496.5899353027344,661.9276123046875
2023-09-27,39.50843048095703,95.016845703125,499.4604797363281,661.9276123046875
2023-09-28,40.22029113769531,95.016845703125,500.41729736328125,660.1312866210938
2023-10-02,40.70969772338867,95.4736557006836,509.9854431152344,669.1127319335938
2023-10-03,40.2647819519043,95.016845703125,506.15826416015625,693.3624267578125
2023-10-04,39.241477966308594,94.10321807861328,497.5469055175781,700.5475463867188
2023-10-05,40.175804138183594,94.5600357055664,505.2013244628906,705.9363403320312
2023-10-06,40.22029113769531,96.38728332519531,509.0286560058594,705.9363403320312
2023-10-11,41.73300552368164,96.8440933227539,520.5105590820312,731.084228515625
2023-10-12,41.82198715209961,97.75772094726562,526.2513427734375,731.9823608398438
2023-10-13,41.82198715209961,98.21453094482422,529.121826171875,756.2321166992188
2023-10-16,41.95545959472656,97.75772094726562,521.46728515625,754.4358520507812
2023-10-17,42.8897819519043,97.3009033203125,527.208251953125,740.9636840820312
2023-10-18,43.112239837646484,96.38728332519531,516.6832275390625,730.18603515625
2023-10-19,43.86859130859375,94.5600357055664,522.4241943359375,745.4544067382812
2023-10-20,43.33469772338867,94.5600357055664,531.992431640625,743.6580810546875
2023-10-23,43.24571228027344,91.81916809082031,520.5105590820312,737.3712158203125
2023-10-24,42.978763580322266,89.80919647216797,520.5105590820312,732.8804931640625
2023-10-25,43.64613342285156,90.44873046875,520.5105590820312,738.2693481445312
2023-10-26,41.644020080566406,89.9919204711914,508.07183837890625,733.7786254882812
2023-10-27,41.4660530090332,89.71783447265625,509.9854431152344,719.408447265625
2023-10-30,41.288089752197266,86.3374252319336,509.0286560058594,769.7041015625
2023-10-31,41.11012268066406,88.16466522216797,506.15826416015625,756.2321166992188
2023-11-01,41.82198715209961,87.3424072265625,505.2013244628906,759.8246459960938
2023-11-02,42.93427276611328,88.6214828491211,523.3809814453125,779.5836791992188
2023-11-03,43.957576751708984,87.52513885498047,525.2945556640625,781.3799438476562
2023-11-06,43.957576751708984,88.07331085205078,526.2513427734375,792.1575927734375
2023-11-07,43.957576751708984,87.79922485351562,531.0355834960938,797.54638671875
2023-11-08,43.15673065185547,88.6214828491211,531.992431640625,820.8980102539062
2023-11-09,43.24571228027344,89.4437484741211,532.9490966796875,812.8147583007812
2023-11-10,43.20122146606445,88.80419921875,532.9490966796875,793.9539184570312
2023-11-13,43.55715560913086,89.26101684570312,546.3447265625,813.712890625
2023-11-14,43.20122146606445,91.36235046386719,547.301513671875,812.8147583007812
2023-11-15,43.69062423706055,91.81916809082031,555.9129638671875,815.5091552734375
2023-11-16,43.42367935180664,92.2759780883789,557.8265991210938,802.0371704101562
2023-11-17,44.26901626586914,93.64641571044922,554.9560546875,811.9166259765625
2023-11-20,44.7584228515625,92.2759780883789,552.0855712890625,819.1017456054688
2023-11-21,44.7584228515625,93.64641571044922,559.740234375,831.6755981445312
2023-11-22,44.49147415161133,93.18960571289062,552.0855712890625,846.0458984375
2023-11-23,44.9363899230957,92.7327880859375,553.04248046875,835.2681884765625
2023-11-24,44.7584228515625,92.7327880859375,550.171875,848.7402954101562
2023-11-27,44.04656219482422,92.7327880859375,543.4741821289062,836.1663208007812
2023-11-28,43.64613342285156,93.64641571044922,550.171875,846.0458984375
2023-11-29,43.77961349487305,93.18960571289062,549.215087890625,851.4346923828125
2023-11-30,43.512664794921875,92.7327880859375,552.0855712890625,848.7402954101562
2023-12-01,44.224525451660156,91.81916809082031,553.999267578125,850.5365600585938
2023-12-04,44.66944122314453,92.2759780883789,549.215087890625,837.9625854492188
2023-12-05,43.77961349487305,92.2759780883789,545.387939453125,834.3701171875
2023-12-06,43.512664794921875,92.2759780883789,545.387939453125,832.5737915039062
2023-12-07,43.112239837646484,92.2759780883789,541.5606689453125,836.1663208007812
2023-12-08,43.20122146606445,92.7327880859375,545.387939453125,846.9440307617188
2023-12-11,43.64613342285156,92.2759780883789,549.215087890625,845.147705078125
2023-12-12,44.40249252319336,92.2759780883789,553.04248046875,843.3514404296875
2023-12-13,44.66944122314453,92.2759780883789,552.0855712890625,857.7216796875
2023-12-14,44.84740447998047,93.18960571289062,559.7802124023438,867.6011962890625
2023-12-15,45.11435317993164,92.7327880859375,562.6655883789062,894.5453491210938
2023-12-18,45.02537155151367,93.18960571289062,562.6655883789062,888.2584228515625
2023-12-19,44.49147415161133,93.64641571044922,562.6655883789062,890.9527587890625
2023-12-20,44.35799789428711,95.4736557006836,562.6655883789062,882.8695068359375
2023-12-21,43.957576751708984,94.5600357055664,554.9710693359375,876.5825805664062
2023-12-22,44.49147415161133,94.5600357055664,559.7802124023438,889.156494140625
2023-12-25,44.66944122314453,94.5600357055664,558.818359375,893.6471557617188
2023-12-26,45.203338623046875,95.016845703125,563.62744140625,898.1378784179688
2023-12-27,47.60587692260742,94.5600357055664,569.3983154296875,934.0634155273438
2023-12-28,46.71604919433594,95.016845703125,570.3602905273438,920.5912475585938
2023-12-29,46.80502700805664,95.4736557006836,570.3602905273438,911.6099853515625
2024-01-02,46.182151794433594,95.93046569824219,570.3602905273438,881.0731811523438
2024-01-03,45.02537155151367,95.4736557006836,555.9329223632812,855.9253540039062
2024-01-04,45.203338623046875,95.016845703125,557.8565673828125,855.5565795898438
2024-01-05,45.203338623046875,95.016845703125,554.0092163085938,849.1030883789062
2024-01-08,44.9363899230957,92.7327880859375,560.7420043945312,848.18115234375
2024-01-09,44.5804557800293,92.2759780883789,563.62744140625,855.5565795898438
2024-01-10,44.5804557800293,91.36235046386719,561.7037963867188,851.8687744140625
2024-01-11,44.5804557800293,91.81916809082031,563.62744140625,848.18115234375
2024-01-12,44.5804557800293,91.81916809082031,561.7037963867188,853.7127075195312
2024-01-15,45.203338623046875,91.36235046386719,563.62744140625,850.0250244140625
2024-01-16,45.203338623046875,91.36235046386719,557.8565673828125,825.1327514648438
2024-01-17,43.24571228027344,90.0832748413086,558.818359375,810.3817138671875
2024-01-18,42.80079650878906,91.27098846435547,565.5510864257812,826.9766235351562
2024-01-19,43.77961349487305,91.81916809082031,602.100341796875,848.18115234375
2024-01-22,44.7584228515625,91.27098846435547,602.100341796875,850.0250244140625
2024-01-23,44.66944122314453,92.2759780883789,604.0239868164062,839.8837280273438
2024-01-24,45.02537155151367,91.81916809082031,603.0621948242188,862.93212890625
2024-01-25,46.53807830810547,93.18960571289062,617.4894409179688,869.3856811523438
2024-01-26,44.31351089477539,93.64641571044922,619.4130859375,862.93212890625
2024-01-29,44.002071380615234,93.64641571044922,623.2604370117188,864.7760009765625
2024-01-30,44.13554000854492,93.18960571289062,617.4894409179688,887.8243408203125
2024-01-31,43.601646423339844,93.64641571044922,604.0239868164062,890.5901489257812
2024-02-01,43.64613342285156,94.10321807861328,604.0239868164062,857.4005126953125
2024-02-02,43.20122146606445,93.18960571289062,610.7567749023438,862.93212890625
2024-02-05,42.80079650878906,92.7327880859375,621.336669921875,863.8540649414062
2024-02-15,43.77961349487305,92.2759780883789,670.3897094726562,896.121826171875
2024-02-16,43.468170166015625,92.7327880859375,656.9241333007812,894.2778930664062
2024-02-19,43.73512268066406,94.10321807861328,652.1150512695312,887.8243408203125
2024-02-20,43.82410430908203,94.5600357055664,660.771484375,905.3411865234375
2024-02-21,43.15673065185547,94.10321807861328,655.0006103515625,904.419189453125
2024-02-22,43.24571228027344,94.5600357055664,665.5805053710938,935.7650756835938
2024-02-23,42.84529113769531,94.10321807861328,670.3897094726562,1014.129638671875
2024-02-26,42.711814880371094,94.5600357055664,671.3515014648438,1027.9586181640625
2024-02-27,42.84529113769531,94.5600357055664,671.3515014648438,1027.9586181640625
2024-02-29,43.468170166015625,94.10321807861328,663.6568603515625,1051.007080078125
2024-03-01,42.978763580322266,93.18960571289062,662.6951904296875,1018.7393798828125
2024-03-04,43.468170166015625,97.3009033203125,697.3207397460938,1060.226318359375
2024-03-05,43.37918472290039,97.3009033203125,702.1298217773438,1064.836181640625
2024-03-06,43.77961349487305,97.3009033203125,706.9388427734375,1097.1038818359375
2024-03-07,44.66944122314453,98.21453094482422,730.984375,1133.9813232421875
2024-03-08,46.182151794433594,95.93046569824219,754.068115234375,1133.9813232421875
2024-03-11,45.915199279785156,100.04177856445312,736.7553100585938,1129.3717041015625
2024-03-12,46.71604919433594,108.72119903564453,740.6026000976562,1120.1522216796875
2024-03-13,47.16096496582031,110.09163665771484,749.259033203125,1120.1522216796875
2024-03-14,46.80502700805664,110.54844665527344,754.068115234375,1060.226318359375
2024-03-15,46.182151794433594,120.59830474853516,724.2516479492188,1046.397216796875
2024-03-18,46.09316635131836,124.25279998779297,738.2630615234375,1078.6651611328125
2024-03-19,47.16096496582031,124.25279998779297,736.3303833007812,1060.226318359375
2024-03-20,47.07197952270508,126.08004760742188,732.465087890625,1041.78759765625
2024-03-21,47.427913665771484,130.19134521484375,757.5892333984375,1051.007080078125
2024-03-22,46.62706756591797,132.93222045898438,758.5556640625,1037.1781005859375
2024-03-25,46.09316635131836,132.93222045898438,753.7239990234375,1032.568359375
2024-03-26,46.004188537597656,129.7345428466797,755.6566162109375,1041.78759765625
2024-03-27,45.82621765136719,135.673095703125,752.7577514648438,1074.055419921875
2024-03-28,46.27113342285156,142.06845092773438,743.0946044921875,1069.44580078125
2024-03-29,45.915199279785156,138.41397094726562,749.8587646484375,1092.4940185546875
2024-04-01,46.004188537597656,137.50035095214844,744.0608520507812,1069.44580078125
2024-04-02,46.36011505126953,145.2661590576172,763.3871459960938,1074.055419921875
2024-04-03,45.915199279785156,145.2661590576172,753.7239990234375,1069.44580078125
2024-04-08,46.36011505126953,144.35252380371094,756.6229858398438,1060.226318359375
2024-04-09,46.62706756591797,144.35252380371094,791.4102172851562,1069.44580078125
2024-04-10,47.33892822265625,141.15481567382812,787.5450439453125,1101.7135009765625
2024-04-11,46.71604919433594,137.04351806640625,792.3765869140625,1106.3231201171875
2024-04-12,46.89401626586914,137.50035095214844,790.4439086914062,1087.8843994140625
2024-04-15,45.915199279785156,133.3890380859375,778.8482055664062,1023.3489379882812
2024-04-16,44.5804557800293,128.8209228515625,761.4545288085938,972.6424560546875
2024-04-17,44.7584228515625,133.84585571289062,776.91552734375,968.0328369140625
2024-04-18,44.66944122314453,135.21627807617188,776.91552734375,968.0328369140625
2024-04-19,43.69062423706055,130.64816284179688,724.7347412109375,915.482421875
2024-04-22,43.512664794921875,130.64816284179688,717.0040893554688,890.5901489257812
2024-04-23,43.33469772338867,131.56179809570312,728.599853515625,896.121826171875
2024-04-24,44.66944122314453,142.5252685546875,756.6229858398438,931.1553344726562
2024-04-25,44.04656219482422,138.41397094726562,740.1956176757812,904.419189453125
2024-04-26,44.31351089477539,141.6116485595703,755.6566162109375,926.545654296875
2024-04-29,44.84740447998047,144.809326171875,768.2186889648438,935.7650756835938
2024-04-30,45.11435317993164,142.5252685546875,763.3871459960938,914.5604858398438
2024-05-02,44.7584228515625,140.69802856445312,745.9934692382812,921.93603515625
2024-05-03,45.737239837646484,142.5252685546875,753.7239990234375,958.8134765625
2024-05-06,46.004188537597656,153.0319366455078,759.5218505859375,954.2037963867188
2024-05-07,45.915199279785156,154.8591766357422,773.0503540039062,963.4231567382812
2024-05-08,46.182151794433594,154.8591766357422,774.98291015625,1009.5198364257812
2024-05-09,46.182151794433594,155.77281188964844,769.18505859375,1009.5198364257812
2024-05-10,46.449100494384766,154.8591766357422,774.98291015625,1009.5198364257812
2024-05-13,46.62706756591797,154.8591766357422,791.4102172851562,1027.9586181640625
2024-05-14,46.36011505126953,157.14324951171875,797.2080688476562,1064.836181640625
2024-05-15,46.09316635131836,155.77281188964844,810.736572265625,1064.836181640625
2024-05-16,46.36011505126953,156.68643188476562,812.669189453125,1097.1038818359375
2024-05-17,46.98299789428711,155.3159942626953,806.8712158203125,1074.055419921875
2024-05-20,47.24994659423828,153.0319366455078,806.8712158203125,1097.1038818359375
2024-05-21,47.96181106567383,151.6614990234375,812.669189453125,1083.27490234375
2024-05-22,48.94062423706055,154.4023895263672,834.894287109375,1092.4940185546875
2024-05-23,49.83045196533203,158.05686950683594,845.523681640625,1110.932861328125
2024-05-24,48.58469009399414,160.7977294921875,837.7932739257812,1101.7135009765625
2024-05-27,50.364349365234375,169.02035522460938,839.7258911132812,1184.6876220703125
2024-05-28,50.18638229370117,169.47715759277344,835.860595703125,1207.736083984375
2024-05-29,49.74147033691406,164.9090576171875,828.1300659179688,1189.2974853515625
2024-05-30,49.65248489379883,161.2545623779297,809.7702026367188,1189.2974853515625
2024-05-31,48.94062423706055,157.14324951171875,793.3427734375,1138.5908203125
2024-06-03,48.94062423706055,161.2545623779297,817.5007934570312,1170.858642578125
2024-06-04,48.31774139404297,156.22962951660156,810.736572265625,1143.20068359375
2024-06-05,47.60587692260742,160.34092712402344,825.231201171875,1133.9813232421875
2024-06-06,48.228755950927734,162.1681671142578,863.8837890625,1189.2974853515625
2024-06-07,49.02960205078125,162.1681671142578,849.388916015625,1175.468505859375
2024-06-11,49.02960205078125,164.9090576171875,853.2542724609375,1170.858642578125
2024-06-12,48.85164260864258,171.3043975830078,878.37841796875,1198.516845703125
2024-06-13,50.18638229370117,175.41571044921875,891.4738159179688,1276.88134765625
2024-06-14,50.0974006652832,180.8974609375,894.3839721679688,1286.1007080078125
2024-06-17,50.453330993652344,182.72470092773438,893.413818359375,1272.271728515625
2024-06-18,50.54231643676758,181.35426330566406,914.7549438476562,1295.3201904296875
2024-06-19,50.54231643676758,185.465576171875,951.6168212890625,1369.0748291015625
2024-06-20,51.16519546508789,198.71310424804688,951.6168212890625,1382.904052734375
2024-06-21,51.343162536621094,193.6881866455078,940.9462890625,1373.6846923828125
2024-06-24,50.54231643676758,188.20643615722656,911.8447875976562,1299.9296875
2024-06-25,50.18638229370117,192.77456665039062,916.6950073242188,1276.88134765625
2024-06-26,50.364349365234375,191.86093139648438,931.2457275390625,1295.3201904296875
2024-06-27,50.18638229370117,194.14500427246094,931.2457275390625,1286.1007080078125
2024-06-28,49.56350326538086,195.51544189453125,937.0660400390625,1290.71044921875
2024-07-01,50.63130187988281,197.34268188476562,939.006103515625,1304.5394287109375
2024-07-02,49.504180908203125,191.6266632080078,931.2457275390625,1299.9296875
2024-07-03,49.504180908203125,190.22109985351562,949.6765747070312,1295.3201904296875
2024-07-04,50.725345611572266,200.99717712402344,974.8978881835938,1295.7020263671875
2024-07-05,50.25566482543945,200.99717712402344,974.8978881835938,1272.143798828125
2024-07-08,51.946510314941406,212.24176025390625,1003.9993286132812,1338.106689453125
2024-07-09,51.946510314941406,211.30471801757812,1008.8496704101562,1375.7999267578125
2024-07-10,51.382896423339844,209.43060302734375,1013.7000122070312,1352.24169921875
2024-07-11,51.382896423339844,211.30471801757812,1047.6514892578125,1338.106689453125
2024-07-12,49.785987854003906,202.40274047851562,1008.8496704101562,1281.5670166015625
2024-07-15,50.1617317199707,202.87127685546875,1008.8496704101562,1276.85546875
2024-07-16,49.785987854003906,199.5915985107422,1023.4002685546875,1267.43212890625
2024-07-17,49.785987854003906,198.65455627441406,999.1491088867188,1248.585693359375
2024-07-18,49.504180908203125,191.1581573486328,974.8978881835938,1206.1807861328125
2024-07-19,48.75269317626953,191.1581573486328,940.9462890625,1187.3341064453125
2024-07-22,47.155784606933594,180.382080078125,910.8748168945312,1154.352783203125
2024-07-23,48.1890754699707,188.81552124023438,949.6765747070312,1201.46923828125
2024-07-26,47.62546157836914,179.91354370117188,896.3240356445312,1173.19921875
2024-07-29,47.155784606933594,180.85060119628906,915.7249755859375,1168.4876708984375
2024-07-30,46.96791076660156,183.6617431640625,911.8447875976562,1182.62255859375
2024-07-31,47.34365463256836,185.53585815429688,906.0244750976562,1149.64111328125
2024-08-01,50.63140869140625,189.75257873535156,931.2457275390625,1111.9478759765625
2024-08-02,49.69205093383789,174.75978088378906,875.9530029296875,1027.1383056640625
2024-08-05,46.92094421386719,157.4243621826172,790.5889282226562,933.8477783203125
2024-08-06,48.564823150634766,156.95582580566406,853.641845703125,1013.0033569335938
2024-08-07,49.785987854003906,159.76698303222656,892.44384765625,1083.677978515625
2024-08-08,49.598114013671875,153.2076416015625,869.1627807617188,1050.696533203125
2024-08-09,50.63140869140625,157.89288330078125,906.0244750976562,1060.119873046875
2024-08-12,51.382896423339844,164.92076110839844,911.8447875976562,1107.236328125
2024-08-13,51.476829528808594,169.6060028076172,912.8148193359375,1093.101318359375
2024-08-14,52.3222541809082,173.82272338867188,919.605224609375,1116.659423828125
2024-08-15,51.382896423339844,169.6060028076172,914.7549438476562,1088.3897705078125
2024-08-16,52.41618728637695,172.41714477539062,939.9762573242188,1159.0643310546875
2024-08-19,52.604061126708984,175.22830200195312,943.8563842773438,1182.62255859375
2024-08-20,52.604061126708984,174.75978088378906,943.8563842773438,1177.910888671875
2024-08-21,52.604061126708984,171.94862365722656,929.3056640625,1149.64111328125
2024-08-22,52.510128021240234,168.20042419433594,922.5153198242188,1159.0643310546875
2024-08-23,52.22831726074219,168.66896057128906,920.5751953125,1154.352783203125
2024-08-26,51.758636474609375,170.5430450439453,921.54541015625,1144.929443359375
2024-08-27,50.725345611572266,169.13748168945312,913.7848510742188,1140.2177734375
2024-08-28,51.85257339477539,173.82272338867188,935.1259765625,1130.79443359375
2024-08-29,51.28895950317383,172.88568115234375,914.7549438476562,1177.910888671875
2024-08-30,52.13438034057617,172.88568115234375,915.7249755859375,1168.4876708984375
2024-09-02,52.04044723510742,171.4801025390625,919.605224609375,1154.352783203125
2024-09-03,51.758636474609375,173.3542022705078,911.8447875976562,1149.64111328125
2024-09-04,50.06779479980469,168.20042419433594,862.3723754882812,1069.54296875
2024-09-05,50.63140869140625,163.9837188720703,874.9830322265625,1045.98486328125
2024-09-06,51.19502258300781,165.38926696777344,890.5037231445312,1078.96630859375
2024-09-09,50.537471771240234,161.1725616455078,872.0728149414062,1041.2733154296875
2024-09-10,50.06779479980469,158.3614044189453,876.9231567382812,1064.8314208984375
2024-09-11,50.725345611572266,158.82994079589844,874.0130615234375,1045.98486328125
2024-09-12,51.85257339477539,166.3263397216797,915.9111938476562,1088.3897705078125
2024-09-13,51.28895950317383,164.92076110839844,922.7318115234375,1060.119873046875
2024-09-16,51.19502258300781,169.6060028076172,922.7318115234375,1064.8314208984375
2024-09-18,50.537471771240234,163.04664611816406,916.885498046875,1041.2733154296875
2024-09-19,50.443538665771484,165.38926696777344,935.3985595703125,1055.408203125
2024-09-20,50.537471771240234,165.85780334472656,948.0654907226562,1060.119873046875
2024-09-23,50.725345611572266,168.66896057128906,951.9629516601562,1078.96630859375
2024-09-24,50.63140869140625,171.4801025390625,961.706787109375,1126.082763671875
2024-09-25,51.19502258300781,176.63388061523438,979.245361328125,1154.352783203125
2024-09-26,51.570770263671875,177.5709228515625,988.9891357421875,1196.7574462890625
2024-09-27,51.664703369140625,178.97650146484375,974.3735961914062,1187.3341064453125
2024-09-30,50.537471771240234,175.69683837890625,932.4754028320312,1107.236328125
2024-10-01,50.443538665771484,175.22830200195312,947.0911254882812,1140.2177734375
2024-10-04,49.410240173339844,181.78765869140625,951.9629516601562,1159.0643310546875
2024-10-07,49.69205093383789,185.06732177734375,979.245361328125,1177.910888671875
2024-10-08,49.410240173339844,181.78765869140625,984.1173095703125,1154.352783203125
2024-10-09,48.75269317626953,186.472900390625,993.8610229492188,1173.19921875
2024-10-11,48.658756256103516,187.40994262695312,1018.2202758789062,1225.02734375
2024-10-14,49.316307067871094,186.472900390625,1018.2202758789062,1215.6041259765625
2024-10-15,49.410240173339844,193.9692840576172,1042.5797119140625,1225.02734375
2024-10-16,48.564823150634766,192.09519958496094,1018.2202758789062,1201.46923828125
2024-10-17,48.564823150634766,195.37486267089844,1008.4766235351562,1201.46923828125
2024-10-18,47.437591552734375,194.4378204345703,1057.1954345703125,1229.739013671875
2024-10-21,47.81333541870117,196.7804412841797,1057.1954345703125,1253.2972412109375
2024-10-22,47.62546157836914,201.93421936035156,1047.451416015625,1234.4505615234375
2024-10-23,47.155784606933594,202.40274047851562,1032.8360595703125,1225.02734375
2024-10-24,46.87397766113281,198.18601989746094,1032.8360595703125,1196.7574462890625
2024-10-25,46.7800407409668,202.40274047851562,1037.7078857421875,1239.1622314453125
2024-10-28,46.26339340209961,201.4656982421875,1023.0922241210938,1258.0087890625
2024-10-29,45.46493911743164,196.31192016601562,1013.3485717773438,1225.02734375
2024-10-30,45.230098724365234,198.18601989746094,1003.604736328125,1215.6041259765625
2024-11-01,43.77409362792969,194.90635681152344,998.7328491210938,1215.6041259765625
2024-11-04,43.210479736328125,200.5286407470703,1013.3485717773438,1220.315673828125
2024-11-05,42.59989547729492,200.5286407470703,1023.0922241210938,1215.6041259765625
2024-11-06,43.06957244873047,200.06011962890625,1032.8360595703125,1229.739013671875
2024-11-07,44.290740966796875,203.3397979736328,1037.7078857421875,1229.739013671875
2024-11-08,43.82106399536133,204.27684020996094,1062.0672607421875,1206.1807861328125
2024-11-11,43.72712326049805,206.15093994140625,1057.1954345703125,1220.315673828125
2024-11-12,43.304412841796875,200.5286407470703,1023.0922241210938,1192.0457763671875
2024-11-13,43.022605895996094,200.99717712402344,1008.4766235351562,1182.62255859375
2024-11-14,42.271121978759766,198.18601989746094,1008.4766235351562,1163.77587890625
2024-11-15,42.271121978759766,193.9692840576172,1008.4766235351562,1196.7574462890625
2024-11-18,42.365055084228516,189.75257873535156,998.7328491210938,1168.4876708984375
2024-11-19,42.45899200439453,190.6896209716797,1013.3485717773438,1210.892333984375
2024-11-20,42.17718505859375,193.03224182128906,998.7328491210938,1201.46923828125
2024-11-21,41.7075080871582,189.75257873535156,984.1173095703125,1192.0457763671875
2024-11-22,41.75447463989258,190.22109985351562,1013.3485717773438,1234.4505615234375
2024-11-25,42.17718505859375,197.2489776611328,1003.604736328125,1206.1807861328125
2024-11-26,42.64686584472656,189.75257873535156,984.1173095703125,1206.1807861328125
2024-11-27,41.7075080871582,184.13027954101562,974.3735961914062,1177.910888671875
2024-11-28,41.23782730102539,183.19322204589844,979.245361328125,1182.62255859375
2024-11-29,40.90904998779297,183.19322204589844,970.4761352539062,1182.62255859375
2024-12-02,41.8953742980957,183.6617431640625,1008.4766235351562,1234.4505615234375
2024-12-03,42.083248138427734,184.13027954101562,1027.96435546875,1239.1622314453125
2024-12-04,41.75447463989258,188.3470001220703,1042.5797119140625,1243.873779296875
2024-12-05,40.956016540527344,186.472900390625,1047.451416015625,1248.585693359375
2024-12-06,40.862083435058594,185.53585815429688,1037.7078857421875,1229.739013671875
2024-12-09,41.37873077392578,182.72470092773438,1047.451416015625,1248.585693359375
2024-12-10,41.049957275390625,179.91354370117188,1037.7078857421875,1272.143798828125
2024-12-11,40.39240264892578,177.10240173339844,1018.2202758789062,1272.143798828125
2024-12-12,39.922725677490234,176.63388061523438,1036.80419921875,1300.4136962890625
2024-12-13,38.9364013671875,174.75978088378906,1041.6947021484375,1328.6834716796875
2024-12-16,38.9364013671875,170.5430450439453,1061.257080078125,1305.125244140625
2024-12-17,39.96969223022461,171.4801025390625,1051.4759521484375,1342.8184814453125
2024-12-18,41.049957275390625,172.88568115234375,1061.257080078125,1338.106689453125
2024-12-19,40.39240264892578,169.6060028076172,1046.585205078125,1338.106689453125
2024-12-20,39.78181838989258,169.6060028076172,1012.3513793945312,1309.8370361328125
2024-12-23,40.29846954345703,173.82272338867188,1056.3665771484375,1328.6834716796875
2024-12-24,41.331764221191406,173.82272338867188,1056.3665771484375,1323.971923828125
2024-12-25,41.37873077392578,174.75978088378906,1061.257080078125,1328.6834716796875
2024-12-26,41.049957275390625,175.69683837890625,1061.257080078125,1338.106689453125
2024-12-27,40.956016540527344,174.75978088378906,1066.147705078125,1347.530029296875
2024-12-30,40.4863395690918,173.3542022705078,1066.147705078125,1338.106689453125
2024-12-31,40.43937301635742,172.41714477539062,1051.4759521484375,1333.3951416015625
2025-01-02,41.049957275390625,171.01158142089844,1041.6947021484375,1298.761474609375
2025-01-03,40.4863395690918,169.6060028076172,1051.4759521484375,1313.192138671875
2025-01-06,40.768150329589844,172.88568115234375,1100.3817138671875,1370.9149169921875
2025-01-07,39.78181838989258,178.03945922851562,1105.2723388671875,1433.4478759765625
2025-01-08,40.110595703125,176.16534423828125,1080.819580078125,1414.2069091796875
2025-01-09,39.077301025390625,171.4801025390625,1075.928955078125,1385.345703125
2025-01-10,38.795494079589844,170.07452392578125,1075.928955078125,1409.396728515625
2025-01-13,38.41975402832031,160.7040252685547,1051.4759521484375,1337.243408203125
2025-01-14,39.68788528442383,163.5151824951172,1066.147705078125,1346.86376953125
2025-01-15,38.9364013671875,160.23550415039062,1041.6947021484375,1366.1046142578125
2025-01-16,39.03033447265625,162.57814025878906,1080.819580078125,1404.5865478515625
2025-01-17,38.701560974121094,162.57814025878906,1095.4910888671875,1375.72509765625
2025-01-20,40.15756607055664,166.7948455810547,1095.4910888671875,1390.1558837890625
2025-01-21,40.345436096191406,167.2633819580078,1095.4910888671875,1409.396728515625
2025-01-22,37.762203216552734,168.66896057128906,1110.1629638671875,1409.396728515625
2025-02-03,38.044010162353516,155.08172607421875,1046.585205078125,1443.068359375
2025-02-04,37.66826248168945,154.6132049560547,1071.038330078125,1433.4478759765625
2025-02-05,37.66826248168945,160.23550415039062,1085.7099609375,1467.1195068359375
2025-02-06,37.66826248168945,162.10960388183594,1090.6005859375,1467.1195068359375
2025-02-07,37.715232849121094,166.7948455810547,1100.3817138671875,1467.1195068359375
2025-02-10,37.762203216552734,163.04664611816406,1080.819580078125,1423.827392578125
2025-02-11,37.9500732421875,167.73190307617188,1085.7099609375,1452.6888427734375
2025-02-12,37.66826248168945,165.85780334472656,1075.928955078125,1428.6375732421875
2025-02-13,38.88943099975586,168.66896057128906,1066.147705078125,1462.3092041015625
2025-02-14,38.88943099975586,166.7948455810547,1036.80419921875,1447.8785400390625
2025-02-17,39.45304489135742,171.01158142089844,1061.257080078125,1486.3603515625
2025-02-18,39.40607833862305,171.94862365722656,1075.928955078125,1476.7398681640625
2025-02-19,39.96969223022461,171.4801025390625,1066.147705078125,1481.5501708984375
2025-02-20,40.39240264892578,170.5430450439453,1056.3665771484375,1443.068359375
2025-02-21,40.956016540527344,171.4801025390625,1071.038330078125,1452.6888427734375
2025-02-24,40.90904998779297,172.41714477539062,1051.4759521484375,1486.3603515625
2025-02-25,40.67420959472656,166.3263397216797,1031.91357421875,1491.170654296875
2025-02-26,40.956016540527344,169.13748168945312,1036.80419921875,1500.7911376953125
2025-02-27,41.049957275390625,163.04664611816406,1017.2420043945312,1457.4990234375
2025-03-03,40.956016540527344,159.29844665527344,997.6795654296875,1414.2069091796875
2025-03-04,40.956016540527344,159.76698303222656,978.1171875,1447.8785400390625
2025-03-05,41.331764221191406,162.57814025878906,997.6795654296875,1447.8785400390625
2025-03-06,41.331764221191406,162.57814025878906,983.0077514648438,1438.2581787109375
2025-03-07,41.4726676940918,161.1725616455078,983.0077514648438,1409.396728515625
2025-03-10,42.31808853149414,161.1725616455078,976.1609497070312,1342.0535888671875
2025-03-11,42.13021469116211,157.89288330078125,949.7518310546875,1332.43310546875
2025-03-12,42.083248138427734,159.76698303222656,966.3798217773438,1356.4842529296875
2025-03-13,41.049957275390625,157.4243621826172,943.883056640625,1337.243408203125
2025-03-14,42.17718505859375,159.29844665527344,938.014404296875,1346.86376953125
2025-03-17,41.425697326660156,157.4243621826172,948.7736206054688,1370.9149169921875
2025-03-18,41.80144119262695,156.95582580566406,954.1784057617188,1419.0172119140625
2025-03-19,41.61356735229492,153.6761474609375,935.507568359375,1409.396728515625
2025-03-20,42.412025451660156,155.55026245117188,967.9358520507812,1428.6375732421875
2025-03-21,42.271121978759766,154.6132049560547,955.1611328125,1423.827392578125
2025-03-24,42.13021469116211,152.73910522460938,955.1611328125,1423.827392578125
2025-03-25,42.13021469116211,154.6132049560547,972.8493041992188,1467.1195068359375
2025-03-26,41.84840774536133,155.55026245117188,963.0225830078125,1457.4990234375
2025-03-27,42.083248138427734,150.396484375,941.4036254882812,1428.6375732421875
2025-03-28,41.84840774536133,144.3056640625,935.507568359375,1409.396728515625
2025-03-31,41.94234848022461,136.8092498779297,894.2352294921875,1337.243408203125
2025-04-01,43.16351318359375,142.4315643310547,927.646240234375,1404.5865478515625
2025-04-02,42.505958557128906,143.83712768554688,925.6807861328125,1380.535400390625
2025-04-07,38.278846740722656,129.78138732910156,833.3092041015625,1245.8489990234375
2025-04-08,39.17123794555664,117.13121795654297,801.8636474609375,1212.1773681640625
2025-04-09,37.48039627075195,105.4180908203125,771.4006958007812,1140.02392578125
2025-04-10,41.19085693359375,115.72564697265625,848.0493774414062,1250.6591796875
2025-04-11,41.425697326660156,126.03319549560547,873.5989990234375,1332.43310546875
2025-04-14,41.61356735229492,129.78138732910156,850.0147705078125,1346.86376953125
2025-04-15,41.989315032958984,130.7184295654297,861.8068237304688,1332.43310546875
2025-04-16,42.224151611328125,127.43876647949219,840.1880493164062,1313.192138671875
2025-04-17,41.425697326660156,126.03319549560547,832.3265380859375,1289.14111328125
2025-04-18,41.61356735229492,126.9702377319336,835.2745971679688,1313.192138671875
2025-04-21,41.002986907958984,127.90728759765625,820.5344848632812,1293.9512939453125
2025-04-22,41.61356735229492,123.69056701660156,801.8636474609375,1250.6591796875
2025-04-23,42.365055084228516,130.2499237060547,857.8761596679688,1318.0023193359375
2025-04-24,40.768150329589844,127.90728759765625,849.0321044921875,1279.5206298828125
2025-04-25,41.94234848022461,130.2499237060547,872.6162719726562,1327.6229248046875
2025-04-28,42.17718505859375,133.5295867919922,881.4603881835938,1298.761474609375
2025-04-29,42.224151611328125,133.9981231689453,886.373779296875,1318.0023193359375
2025-04-30,42.45899200439453,132.59254455566406,892.2698974609375,1298.761474609375
2025-05-02,42.88170623779297,138.21482849121094,933.542236328125,1250.6591796875
2025-05-05,42.31808853149414,133.5295867919922,921.7501220703125,1245.8489990234375
2025-05-06,42.64686584472656,136.8092498779297,904.0618896484375,1231.4183349609375
2025-05-07,42.97563934326172,135.87220764160156,911.92333984375,1226.608154296875
2025-05-08,42.55292892456055,136.8092498779297,902.0966186523438,1241.038818359375
2025-05-09,42.78776550292969,137.74632263183594,932.5595092773438,1274.71044921875
2025-05-12,43.6331901550293,143.3686065673828,940.4209594726562,1265.08984375
2025-05-13,43.72712326049805,148.05386352539062,952.2130737304688,1303.57177734375
2025-05-14,44.149837493896484,152.73910522460938,981.693359375,1308.3819580078125
2025-05-15,44.61951446533203,149.45944213867188,975.7973022460938,1318.0023193359375
2025-05-16,44.90132141113281,148.05386352539062,980.710693359375,1313.192138671875
2025-05-19,44.85435485839844,144.3056640625,966.9531860351562,1260.2796630859375
2025-05-20,44.94829177856445,144.3056640625,961.0571899414062,1265.08984375
2025-05-21,46.54520034790039,145.24270629882812,972.8493041992188,1289.14111328125
2025-05-22,46.45126724243164,143.3686065673828,964.9878540039062,1274.71044921875
2025-05-23,45.13616180419922,144.3056640625,966.9531860351562,1265.08984375
2025-05-26,44.243770599365234,143.3686065673828,959.0918579101562,1231.4183349609375
2025-05-27,43.210479736328125,142.4315643310547,948.2823486328125,1231.4183349609375
2025-05-28,44.19680404663086,142.4315643310547,950.2476806640625,1231.4183349609375
2025-05-29,43.91499710083008,146.17974853515625,950.2476806640625,1212.1773681640625
2025-06-02,44.10287094116211,142.90008544921875,929.611572265625,1212.1773681640625
2025-06-03,44.38467788696289,141.96304321289062,933.542236328125,1226.608154296875
2025-06-04,43.16351318359375,146.17974853515625,972.8493041992188,1226.608154296875
2025-06-05,42.55292892456055,145.71124267578125,980.710693359375,1197.7467041015625
2025-06-06,42.271121978759766,143.3686065673828,977.7627563476562,1231.4183349609375
2025-06-09,42.88170623779297,144.77418518066406,987.5894165039062,1236.228515625
2025-06-10,43.58622360229492,145.71124267578125,1026.896484375,1284.330810546875
2025-06-11,44.38467788696289,146.17974853515625,1046.5499267578125,1265.08984375
2025-06-12,44.431644439697266,147.5853271484375,1031.2537841796875,1236.228515625
2025-06-13,44.572547912597656,146.64828491210938,1016.4512939453125,1202.556884765625
2025-06-16,45.089195251464844,145.24270629882812,1011.5169677734375,1207.3671875
2025-06-17,44.61951446533203,145.24270629882812,1031.2537841796875,1226.608154296875
2025-06-18,45.371002197265625,146.17974853515625,1041.122314453125,1236.228515625
2025-06-19,44.85435485839844,144.3056640625,1021.385498046875,1216.987548828125
2025-06-20,44.76042175292969,145.71124267578125,1041.122314453125,1202.556884765625
2025-06-23,44.149837493896484,146.17974853515625,1006.582763671875,1207.3671875
2025-06-24,45.349998474121094,150.396484375,1036.18798828125,1221.7978515625
2025-06-25,43.79999923706055,151.80206298828125,1055.925048828125,1245.8489990234375
2025-06-26,43.25,152.73910522460938,1060.8592529296875,1241.038818359375
2025-06-27,44.29999923706055,154.6132049560547,1065.79345703125,1236.228515625
2025-06-30,44.20000076293945,150.86502075195312,1046.0565185546875,1202.556884765625
2025-07-01,43.95000076293945,155.08172607421875,1070.727783203125,1226.608154296875
2025-07-02,44.45000076293945,157.31520080566406,1070.727783203125,1245.8489990234375
2025-07-03,44.400001525878906,159.2573699951172,1075.6619873046875,1245.8492431640625
2025-07-04,43.75,156.3441162109375,1070.727783203125,1265.4688720703125
2025-07-07,43.45000076293945,156.3441162109375,1065.79345703125,1255.6590576171875
2025-07-08,43.70000076293945,154.40196228027344,1065.79345703125,1245.8492431640625
2025-07-09,43.900001525878906,156.3441162109375,1075.6619873046875,1329.2327880859375
2025-07-10,43.70000076293945,156.8296661376953,1085.5303955078125,1373.3770751953125
2025-07-11,43.25,156.8296661376953,1085.5303955078125,1392.9967041015625
2025-07-14,43.150001525878906,155.85858154296875,1080.5960693359375,1358.662353515625
2025-07-15,43.54999923706055,158.28628540039062,1095.39892578125,1368.47216796875
2025-07-16,43.45000076293945,157.8007354736328,1115.1357421875,1383.1868896484375
2025-07-17,43.54999923706055,159.2573699951172,1115.1357421875,1363.5672607421875
2025-07-18,43.45000076293945,160.7139892578125,1139.8070068359375,1383.1868896484375
2025-07-21,43.5,160.2284393310547,1134.8726806640625,1397.901611328125
2025-07-22,43.0,157.31520080566406,1115.1357421875,1402.8065185546875
2025-07-23,43.900001525878906,161.19952392578125,1129.9385986328125,1402.8065185546875
2025-07-24,43.5,168.9681854248047,1129.9385986328125,1402.8065185546875
2025-07-25,43.5,169.45372009277344,1129.9385986328125,1402.8065185546875
2025-07-28,43.5,170.91033935546875,1129.9385986328125,1373.3770751953125
2025-07-29,42.79999923706055,166.5404815673828,1120.0699462890625,1334.1376953125
2025-07-30,42.54999923706055,166.5404815673828,1139.8070068359375,1353.7574462890625
2025-07-31,41.54999923706055,172.85250854492188,1144.7412109375,1343.947509765625
2025-08-04,41.20000076293945,174.79466247558594,1120.0699462890625,1304.708251953125
2025-08-05,41.400001525878906,179.16453552246094,1134.8726806640625,1314.51806640625
2025-08-06,40.70000076293945,180.62115478515625,1110.2015380859375,1294.8983154296875
2025-08-07,40.400001525878906,188.87535095214844,1164.4779052734375,1329.2327880859375
2025-08-08,40.5,188.87535095214844,1159.543701171875,1324.327880859375
2025-08-11,40.400001525878906,192.27413940429688,1164.4779052734375,1329.2327880859375
2025-08-12,40.650001525878906,191.3030548095703,1164.4779052734375,1334.1376953125
2025-08-13,40.75,192.75967407226562,1184.215087890625,1343.947509765625
2025-08-14,40.79999923706055,193.7307586669922,1159.543701171875,1363.5672607421875
2025-08-15,41.20000076293945,201.0138702392578,1164.4779052734375,1343.947509765625
2025-08-18,40.400001525878906,203.92710876464844,1164.4779052734375,1383.1868896484375
2025-08-19,41.04999923706055,201.98495483398438,1169.4122314453125,1363.5672607421875
2025-08-20,41.900001525878906,194.70184326171875,1120.0699462890625,1329.2327880859375
2025-08-21,41.400001525878906,200.04278564453125,1134.8726806640625,1339.0426025390625
2025-08-22,40.599998474121094,196.6439971923828,1120.0699462890625,1339.0426025390625
2025-08-25,40.54999923706055,201.49940490722656,1154.609619140625,1383.1868896484375
2025-08-26,41.79999923706055,202.95603942871094,1159.543701171875,1373.3770751953125
2025-08-27,40.95000076293945,201.98495483398438,1174.3465576171875,1373.3770751953125
2025-08-28,40.599998474121094,200.04278564453125,1144.7412109375,1358.662353515625
2025-08-29,40.5,197.61508178710938,1144.7412109375,1343.947509765625
2025-09-01,40.75,192.75967407226562,1149.6754150390625,1334.1376953125
2025-09-02,40.900001525878906,192.75967407226562,1144.7412109375,1334.1376953125
2025-09-03,40.900001525878906,194.70184326171875,1144.7412109375,1368.47216796875
2025-09-04,42.0,197.12954711914062,1144.7412109375,1358.662353515625
2025-09-05,41.20000076293945,199.0717010498047,1164.4779052734375,1407.7115478515625
2025-09-08,41.599998474121094,197.61508178710938,1164.4779052734375,1402.8065185546875
2025-09-09,41.45000076293945,201.49940490722656,1184.215087890625,1481.2852783203125
2025-09-10,41.25,203.92710876464844,1208.88623046875,1461.66552734375
2025-09-11,40.900001525878906,208.29698181152344,1223.6888427734375,1451.855712890625
2025-09-12,41.150001525878906,211.21022033691406,1243.4256591796875,1456.7606201171875
2025-09-15,41.099998474121094,209.75360107421875,1238.491455078125,1456.7606201171875
2025-09-16,41.04999923706055,209.26806640625,1268.2154541015625,1505.809814453125
2025-09-17,41.45000076293945,205.86927795410156,1253.353515625,1481.2852783203125
2025-09-18,41.79999923706055,208.7825164794922,1273.1693115234375,1481.2852783203125
2025-09-19,43.25,207.8114471435547,1253.353515625,1412.616455078125
2025-09-22,43.04999923706055,209.75360107421875,1283.0772705078125,1378.281982421875
2025-09-23,43.900001525878906,214.6090087890625,1327.6629638671875,1348.8524169921875
2025-09-24,44.849998474121094,216.55117797851562,1327.6629638671875,1304.708251953125
2025-09-25,44.29999923706055,223.34873962402344,1307.8470458984375,1319.4229736328125
2025-09-26,44.849998474121094,213.1523895263672,1288.0311279296875,1285.0885009765625
2025-09-30,45.54999923706055,209.75360107421875,1292.9852294921875,1289.993408203125
2025-10-01,44.25,212.66685485839844,1312.801025390625,1260.56396484375
2025-10-02,43.79999923706055,218.9788818359375,1352.4327392578125,1255.6590576171875
2025-10-03,43.849998474121094,219.949951171875,1387.110595703125,1294.8983154296875
2025-10-07,44.29999923706055,221.89212036132812,1421.7882080078125,1299.8033447265625
2025-10-08,44.95000076293945,218.4933319091797,1401.9725341796875,1309.6131591796875
2025-10-09,45.650001525878906,215.0945587158203,1426.7423095703125,1319.4229736328125
2025-10-13,45.45000076293945,206.84036254882812,1401.9725341796875,1289.993408203125
2025-10-14,44.849998474121094,200.04278564453125,1411.88037109375,1280.18359375
2025-10-15,44.5,200.52833557128906,1451.51220703125,1289.993408203125
2025-10-16,44.900001525878906,216.55117797851562,1471.3280029296875,1304.708251953125
2025-10-17,45.75,219.949951171875,1436.6502685546875,1304.708251953125
2025-10-20,46.099998474121094,231.60293579101562,1466.3740234375,1314.51806640625
2025-10-21,45.45000076293945,232.08847045898438,1466.3740234375,1314.51806640625
2025-10-22,45.5,235.4872589111328,1446.55810546875,1304.708251953125
2025-10-23,45.400001525878906,232.08847045898438,1436.6502685546875,1270.373779296875
2025-10-27,45.599998474121094,239.37158203125,1466.3740234375,1309.6131591796875
2025-10-28,46.0,242.77037048339844,1461.4200439453125,1289.993408203125
2025-10-29,45.599998474121094,252.48118591308594,1491.143798828125,1275.2786865234375
2025-10-30,45.849998474121094,254.42335510253906,1491.143798828125,1285.0885009765625
2025-10-31,46.400001525878906,250.05348205566406,1486.1898193359375,1285.0885009765625
2025-11-03,47.599998474121094,244.22698974609375,1496.0977783203125,1275.2786865234375
2025-11-04,47.400001525878906,236.94387817382812,1491.143798828125,1289.993408203125
2025-11-05,47.099998474121094,239.8571319580078,1446.55810546875,1304.708251953125
2025-11-06,45.79999923706055,240.82821655273438,1451.51220703125,1265.4688720703125
2025-11-07,45.0,236.94387817382812,1446.55810546875,1236.039306640625
2025-11-10,45.20000076293945,242.2848358154297,1461.4200439453125,1226.2294921875
2025-11-11,45.25,239.37158203125,1451.51220703125,1216.419677734375
2025-11-12,45.0,243.741455078125,1461.4200439453125,1221.3245849609375
2025-11-13,44.45000076293945,244.71253967285156,1446.55810546875,1221.3245849609375
2025-11-14,44.150001525878906,234.0306396484375,1416.834228515625,1206.60986328125
2025-11-17,43.849998474121094,229.17523193359375,1431.6961669921875,1206.60986328125
2025-11-18,44.20000076293945,223.34873962402344,1392.0645751953125,1147.7508544921875
2025-11-19,44.349998474121094,222.37765502929688,1382.156494140625,1137.9410400390625
2025-11-20,44.650001525878906,229.6607666015625,1441.6041259765625,1162.465576171875
2025-11-21,45.0,218.4933319091797,1372.2486572265625,1123.2261962890625
2025-11-24,46.54999923706055,213.63792419433594,1362.3406982421875,1128.131103515625
2025-11-25,45.099998474121094,212.66685485839844,1401.9725341796875,1162.465576171875
2025-11-26,45.45000076293945,220.4355010986328,1426.7423095703125,1275.2786865234375
2025-11-27,45.95000076293945,224.31982421875,1421.7882080078125,1314.51806640625
2025-11-28,45.79999923706055,218.9788818359375,1426.7423095703125,1368.47216796875
2025-12-01,46.5,215.58009338378906,1397.0185546875,1417.5213623046875
2025-12-02,47.20000076293945,215.58009338378906,1416.834228515625,1388.091796875
2025-12-03,47.5,220.4355010986328,1436.6502685546875,1373.3770751953125
2025-12-04,48.0,221.89212036132812,1431.6961669921875,1378.281982421875
2025-12-05,48.900001525878906,224.31982421875,1446.55810546875,1397.901611328125
2025-12-08,49.29999923706055,225.29090881347656,1481.23583984375,1412.616455078125
2025-12-09,49.599998474121094,228.2041473388672,1466.3740234375,1392.9967041015625
2025-12-10,49.349998474121094,226.74752807617188,1491.143798828125,1432.236083984375
2025-12-11,48.650001525878906,219.46441650390625,1461.3209228515625,1368.47216796875
2025-12-12,48.79999923706055,220.4355010986328,1471.261962890625,1378.281982421875
2025-12-15,48.849998474121094,215.0945587158203,1441.4390869140625,1392.9967041015625
2025-12-16,49.20000076293945,211.69577026367188,1426.5274658203125,1392.9967041015625
2025-12-17,50.400001525878906,210.23915100097656,1421.5570068359375,1397.901611328125
2025-12-18,50.29999923706055,209.75360107421875,1421.5570068359375,1392.9967041015625
2025-12-19,50.70000076293945,215.0945587158203,1421.5570068359375,1383.1868896484375
2025-12-22,50.900001525878906,217.52224731445312,1456.3504638671875,1373.3770751953125
2025-12-23,50.0,217.52224731445312,1481.202880859375,1363.5672607421875
2025-12-24,49.650001525878906,217.52224731445312,1486.17333984375,1353.7574462890625
2025-12-26,49.95000076293945,218.9788818359375,1501.0848388671875,1358.662353515625
2025-12-29,49.650001525878906,224.31982421875,1520.9666748046875,1392.9967041015625
2025-12-30,49.5,221.40658569335938,1511.0257568359375,1392.9967041015625
2025-12-31,49.25,223.83428955078125,1540.8486328125,1402.8065185546875
2026-01-02,48.70000076293945,225.29090881347656,1575.6419677734375,1442.0458984375
2026-01-05,48.5,227.71861267089844,1660.14013671875,1496.0
2026-01-06,49.20000076293945,229.17523193359375,1694.9334716796875,1485.0
2026-01-07,54.099998474121094,231.60293579101562,1665.110595703125,1490.0
2026-01-08,52.79999923706055,222.8632049560547,1675.051513671875,1445.0
2026-01-09,55.099998474121094,223.83428955078125,1670.0810546875,1420.0
2026-01-12,55.29999923706055,221.89212036132812,1680.02197265625,1445.0
2026-01-13,54.900001525878906,219.949951171875,1699.9039306640625,1485.0
2026-01-14,54.0,227.71861267089844,1699.9039306640625,1500.0
2026-01-15,54.70000076293945,226.74752807617188,1680.02197265625,1490.0
2026-01-16,58.5,227.71861267089844,1729.726806640625,1505.0
2026-01-19,62.5,222.8632049560547,1749.6087646484375,1485.0
2026-01-20,67.80000305175781,217.03671264648438,1764.520263671875,1485.0
2026-01-21,68.4000015258789,212.66685485839844,1729.726806640625,1465.0
2026-01-22,67.5999984741211,217.03671264648438,1749.6087646484375,1485.0
2026-01-23,64.80000305175781,215.0945587158203,1759.5498046875,1630.0
2026-01-26,69.30000305175781,217.52224731445312,1744.63818359375,1770.0
2026-01-27,76.19999694824219,218.9788818359375,1769.49072265625,1775.0
2026-01-28,75.9000015258789,218.9788818359375,1809.2545166015625,1780.0
2026-01-29,68.4000015258789,217.52224731445312,1794.3431396484375,1780.0
2026-01-30,62.400001525878906,214.12347412109375,1764.520263671875,1760.0
2026-02-02,60.70000076293945,208.29698181152344,1754.5792236328125,1705.0
2026-02-03,60.79999923706055,210.23915100097656,1789.37255859375,1795.0
2026-02-04,61.79999923706055,212.66685485839844,1774.461181640625,1800.0
2026-02-05,61.5,209.26806640625,1754.5792236328125,1770.0
2026-02-06,61.900001525878906,208.7825164794922,1769.49072265625,1710.0
2026-02-09,62.400001525878906,212.18130493164062,1804.2840576171875,1830.0
2026-02-10,62.400001525878906,214.6090087890625,1868.9002685546875,1845.0
2026-02-11,62.79999923706055,220.4355010986328,1903.693603515625,1855.0
2026-02-23,63.900001525878906,221.89212036132812,1888.7821044921875,1795.0
2026-02-24,67.5,225.29090881347656,1953.3983154296875,1825.0
2026-02-25,65.5,239.37158203125,2003.1031494140625,1870.0
2026-02-26,65.4000015258789,235.97280883789062,1983.22119140625,1945.0
2026-03-02,64.5,232.08847045898438,1963.33935546875,1900.0
2026-03-03,62.599998474121094,222.37765502929688,1923.5755615234375,1815.0
2026-03-04,60.0,210.7246856689453,1853.98876953125,1720.0
2026-03-05,62.099998474121094,217.52224731445312,1888.7821044921875,1775.0
2026-03-06,62.0,216.55117797851562,1878.8411865234375,1765.0
2026-03-09,59.70000076293945,204.41265869140625,1799.3135986328125,1665.0
2026-03-10,60.400001525878906,203.4415740966797,1839.077392578125,1705.0
2026-03-11,62.20000076293945,212.66685485839844,1928.5460205078125,1765.0
2026-03-12,60.599998474121094,208.29698181152344,1873.8707275390625,1785.0
2026-03-13,59.5,208.29698181152344,1853.98876953125,1720.0
2026-03-16,60.5,210.23915100097656,1834.10693359375,1710.0
2026-03-17,60.70000076293945,205.86927795410156,1865.0244140625,1730.0
2026-03-18,61.099998474121094,203.92710876464844,1899.9312744140625,1730.0
2026-03-19,58.70000076293945,199.0717010498047,1845.07763671875,1680.0
2026-03-20,57.79999923706055,197.12954711914062,1835.104248046875,1700.0
2026-03-23,56.70000076293945,190.33197021484375,1805.18408203125,1625.0
2026-03-24,56.5,189.3608856201172,1805.18408203125,1620.0
2026-03-25,59.099998474121094,194.21629333496094,1840.0909423828125,1620.0
2026-03-26,58.20000076293945,194.70184326171875,1835.104248046875,1590.0
2026-03-27,57.79999923706055,193.7307586669922,1815.157470703125,1585.0
2026-03-30,57.0,188.3898162841797,1775.263916015625,1510.0
2026-03-31,56.5,182.07777404785156,1755.317138671875,1490.0
2026-04-01,57.400001525878906,191.3030548095703,1850.0643310546875,1465.0
2026-04-02,53.599998474121094,187.41873168945312,1805.18408203125,1465.0
2026-04-07,58.29999923706055,186.44764709472656,1855.051025390625,1470.0
2026-04-08,60.29999923706055,195.6729278564453,1944.8115234375,1580.0
2026-04-09,60.0,194.21629333496094,1949.7982177734375,1575.0
2026-04-10,62.0,194.70184326171875,1994.678466796875,1575.0
2026-04-13,60.099998474121094,194.21629333496094,1984.705078125,1620.0
2026-04-14,59.70000076293945,201.49940490722656,2049.5322265625,1720.0
2026-04-15,62.099998474121094,201.49940490722656,2074.465576171875,1790.0
2026-04-16,68.30000305175781,201.0138702392578,2079.452392578125,1895.0
2026-04-17,73.0,200.04278564453125,2024.5986328125,1925.0
2026-04-20,76.9000015258789,201.49940490722656,2019.6119384765625,1900.0
2026-04-21,76.19999694824219,204.898193359375,2044.54541015625,2090.0
2026-04-22,78.5999984741211,214.6090087890625,2044.54541015625,2295.0
2026-04-23,73.5999984741211,218.4933319091797,2074.465576171875,2215.0
2026-04-24,74.5,215.0945587158203,2179.186279296875,2435.0
2026-04-27,72.69999694824219,221.40658569335938,2258.973388671875,2435.0
2026-04-28,75.0999984741211,218.9788818359375,2209.1064453125,2615.0
2026-04-29,74.5,218.4933319091797,2174.199462890625,2575.0
2026-04-30,77.30000305175781,213.1523895263672,2129.3193359375,2610.0
2026-05-04,81.19999694824219,220.92103576660156,2268.94677734375,2870.0
2026-05-05,83.0999984741211,232.5740203857422,2244.013427734375,3155.0
2026-05-06,91.4000015258789,244.71253967285156,2244.013427734375,3430.0
2026-05-07,96.5,246.16915893554688,2303.853759765625,3420.0
2026-05-08,91.30000305175781,242.77037048339844,2283.906982421875,3630.0
2026-05-11,95.0,244.71253967285156,2229.05322265625,3880.0
2026-05-12,104.5,242.77037048339844,2249.0,3700.0
2026-05-13,98.4000015258789,243.741455078125,2214.093017578125,3495.0
2026-05-14,108.0,237.42942810058594,2263.960205078125,3405.0
2026-05-15,110.0,241.31375122070312,2258.973388671875,3260.0
2026-05-18,111.0,241.31375122070312,2234.0400390625,3400.0
2026-05-19,113.0,237.9149627685547,2199.133056640625,3155.0
2026-05-20,108.0,233.05955505371094,2179.186279296875,3230.0
2026-05-21,116.0,240.34266662597656,2224.06640625,3550.0
2026-05-22,114.0,242.77037048339844,2249.0,3860.0
2026-05-25,125.0,253.4522705078125,2303.853759765625,4245.0
2026-05-26,130.5,251.51010131835938,2263.960205078125,4265.0
2026-05-27,143.5,256.3655090332031,2293.88037109375,4640.0
2026-05-28,142.0,255.39443969726562,2288.8935546875,4410.0
2026-05-29,144.5,280.6425476074219,2348.73388671875,4310.0
2026-06-01,146.0,285.0124206542969,2348.73388671875,4555.0
2026-06-02,141.5,292.78106689453125,2373.66748046875,4525.0
2026-06-03,130.5,300.0641784667969,2418.547607421875,4545.0
2026-06-04,125.0,284.5268859863281,2378.654052734375,4430.0
2026-06-05,131.5,276.2726745605469,2358.707275390625,4300.0
2026-06-08,121.0,261.7064514160156,2288.8935546875,4070.0
2026-06-09,127.5,269.4751281738281,2298.866943359375,4475.0
2026-06-10,118.5,255.39443969726562,2249.0,4155.0
2026-06-11,125.0,251.02456665039062,2250.0,4085.0
2026-06-12,133.5,252.96673583984375,2310.0,4180.0
2026-06-15,141.5,259.7643127441406,2375.0,4470.0
2026-06-16,141.0,261.2209167480469,2400.0,4560.0
2026-06-17,140.0,264.1341552734375,2385.0,4460.0
2026-06-18,145.5,260.7353820800781,2410.0,4390.0
2026-06-22,160.0,260.7353820800781,2510.0,4465.0
2026-06-23,170.0,251.9956512451172,2490.0,4535.0
2026-06-24,178.0,248.59686279296875,2390.0,4285.0
2026-06-25,178.5,250.05348205566406,2390.0,4310.0
2026-06-26,164.0,241.31375122070312,2340.0,3880.0
2026-06-29,164.0,239.37158203125,2370.0,3910.0
2026-06-30,164.5,243.741455078125,2410.0,4245.0
2026-07-01,169.0,240.82821655273438,2505.0,4335.0
2026-07-02,165.5,239.0,2465.0,4345.0
2026-07-03,170.5,240.5,2445.0,4195.0
